{
  "type": "FeatureCollection",
  "generator": "overpass-turbo",
  "copyright": "The data included in this document is from www.openstreetmap.org. The data is made available under ODbL.",
  "timestamp": "2026-05-17T07:19:45Z",
  "features": [
    {
      "type": "Feature",
      "properties": {
        "@id": "relation/45614",
        "ISO3166-2": "IT-CO",
        "admin_level": "6",
        "boundary": "administrative",
        "loc_name": "Provincia de Comm",
        "name": "Como",
        "name:fr": "Côme",
        "name:it": "Como",
        "name:ko": "코모",
        "official_name": "Provincia di Como",
        "population": "587101",
        "ref": "CO",
        "ref:ISTAT": "013",
        "ref:nuts": "ITC42",
        "ref:nuts:3": "ITC42",
        "type": "boundary",
        "wikidata": "Q16161",
        "wikipedia": "it:Provincia di Como"
      },
      "geometry": {
        "type": "MultiPolygon",
        "coordinates": [
          [
            [
              [
                8.9775223,
                45.9824381
              ],
              [
                8.9775643,
                45.9825653
              ],
              [
                8.9774204,
                45.982877
              ],
              [
                8.977255,
                45.9830369
              ],
              [
                8.9771083,
                45.9830529
              ],
              [
                8.9670775,
                45.9841493
              ],
              [
                8.9648824,
                45.9798214
              ],
              [
                8.9641462,
                45.9761553
              ],
              [
                8.9625237,
                45.9738509
              ],
              [
                8.9614765,
                45.9723636
              ],
              [
                8.9609634,
                45.9701832
              ],
              [
                8.959567,
                45.9679058
              ],
              [
                8.9592381,
                45.9667152
              ],
              [
                8.9585437,
                45.9648164
              ],
              [
                8.9681357,
                45.9630598
              ],
              [
                8.9682473,
                45.9630394
              ],
              [
                8.9683198,
                45.9630018
              ],
              [
                8.9686747,
                45.9628739
              ],
              [
                8.9688109,
                45.9628199
              ],
              [
                8.9689357,
                45.9627489
              ],
              [
                8.9687634,
                45.962533
              ],
              [
                8.9687174,
                45.9624454
              ],
              [
                8.9686482,
                45.9623057
              ],
              [
                8.9685345,
                45.9620374
              ],
              [
                8.9685028,
                45.9619169
              ],
              [
                8.9685472,
                45.96191
              ],
              [
                8.9688083,
                45.9618691
              ],
              [
                8.9691164,
                45.9618371
              ],
              [
                8.9694232,
                45.9618275
              ],
              [
                8.9696191,
                45.9617189
              ],
              [
                8.9697018,
                45.9617189
              ],
              [
                8.9697736,
                45.9617487
              ],
              [
                8.9700362,
                45.9617623
              ],
              [
                8.9701534,
                45.961755
              ],
              [
                8.970278,
                45.961719
              ],
              [
                8.970438,
                45.9616787
              ],
              [
                8.9706451,
                45.9616645
              ],
              [
                8.9710592,
                45.9616284
              ],
              [
                8.9711548,
                45.9616309
              ],
              [
                8.9712209,
                45.9616509
              ],
              [
                8.9713428,
                45.9617121
              ],
              [
                8.9714181,
                45.9617682
              ],
              [
                8.9715041,
                45.9618185
              ],
              [
                8.9716064,
                45.9618609
              ],
              [
                8.9717271,
                45.961884
              ],
              [
                8.9720082,
                45.9618764
              ],
              [
                8.9720932,
                45.9618904
              ],
              [
                8.9722282,
                45.9619305
              ],
              [
                8.9723574,
                45.961963
              ],
              [
                8.9724865,
                45.9619898
              ],
              [
                8.9726072,
                45.9620072
              ],
              [
                8.9727303,
                45.9620169
              ],
              [
                8.9729816,
                45.9620173
              ],
              [
                8.9731647,
                45.9620243
              ],
              [
                8.9732329,
                45.9620196
              ],
              [
                8.9733388,
                45.962001
              ],
              [
                8.9735895,
                45.9619805
              ],
              [
                8.9737974,
                45.9619948
              ],
              [
                8.9740325,
                45.9620049
              ],
              [
                8.9741744,
                45.9620011
              ],
              [
                8.9742804,
                45.9619806
              ],
              [
                8.9743642,
                45.9619508
              ],
              [
                8.974581,
                45.9618927
              ],
              [
                8.974751,
                45.9618218
              ],
              [
                8.9749407,
                45.9617697
              ],
              [
                8.9751878,
                45.9617206
              ],
              [
                8.9754593,
                45.9616617
              ],
              [
                8.9755982,
                45.9616536
              ],
              [
                8.9756323,
                45.9616322
              ],
              [
                8.9756481,
                45.9616579
              ],
              [
                8.9756641,
                45.9616828
              ],
              [
                8.9769348,
                45.9637489
              ],
              [
                8.977074,
                45.9660635
              ],
              [
                8.9773661,
                45.9681261
              ],
              [
                8.9782424,
                45.9684238
              ],
              [
                8.9791846,
                45.970559
              ],
              [
                8.9793606,
                45.9710383
              ],
              [
                8.9775773,
                45.9716127
              ],
              [
                8.9774866,
                45.9716507
              ],
              [
                8.9773193,
                45.9717768
              ],
              [
                8.9772811,
                45.9718289
              ],
              [
                8.9772646,
                45.9718791
              ],
              [
                8.9771695,
                45.97195
              ],
              [
                8.9772015,
                45.9720154
              ],
              [
                8.97734,
                45.9720057
              ],
              [
                8.9773615,
                45.9720113
              ],
              [
                8.9773591,
                45.9720565
              ],
              [
                8.9773784,
                45.9720833
              ],
              [
                8.9774135,
                45.972206
              ],
              [
                8.9774061,
                45.9722222
              ],
              [
                8.9773638,
                45.972261
              ],
              [
                8.9773593,
                45.9723104
              ],
              [
                8.9773122,
                45.9723628
              ],
              [
                8.9772589,
                45.9724606
              ],
              [
                8.9770151,
                45.9732514
              ],
              [
                8.9766264,
                45.9752125
              ],
              [
                8.9763287,
                45.9758599
              ],
              [
                8.9763813,
                45.9773948
              ],
              [
                8.9764376,
                45.9790403
              ],
              [
                8.9764379,
                45.9796251
              ],
              [
                8.9765012,
                45.9797655
              ],
              [
                8.9766352,
                45.9798725
              ],
              [
                8.9769517,
                45.9807342
              ],
              [
                8.9771152,
                45.9810955
              ],
              [
                8.9771224,
                45.9811539
              ],
              [
                8.9770935,
                45.981266
              ],
              [
                8.9771434,
                45.9813549
              ],
              [
                8.9772539,
                45.9814437
              ],
              [
                8.977268,
                45.9814953
              ],
              [
                8.9773221,
                45.9816286
              ],
              [
                8.9773905,
                45.9820381
              ],
              [
                8.9775223,
                45.9824381
              ]
            ]
          ],
          [
            [
              [
                8.9360172,
                45.6532542
              ],
              [
                8.9373936,
                45.6539839
              ],
              [
                8.9351744,
                45.6556165
              ],
              [
                8.9355925,
                45.6561163
              ],
              [
                8.9392931,
                45.6567708
              ],
              [
                8.9400545,
                45.6559342
              ],
              [
                8.9402747,
                45.6555517
              ],
              [
                8.940766,
                45.65521
              ],
              [
                8.9412799,
                45.6547242
              ],
              [
                8.9416429,
                45.6543238
              ],
              [
                8.9418195,
                45.6541664
              ],
              [
                8.9418789,
                45.6541529
              ],
              [
                8.9428701,
                45.6544009
              ],
              [
                8.9429762,
                45.6542525
              ],
              [
                8.9448062,
                45.6547979
              ],
              [
                8.9455231,
                45.6550278
              ],
              [
                8.945855,
                45.6551945
              ],
              [
                8.9465044,
                45.6555593
              ],
              [
                8.9454864,
                45.6564994
              ],
              [
                8.9460828,
                45.6569632
              ],
              [
                8.9453561,
                45.6568054
              ],
              [
                8.9444147,
                45.6580831
              ],
              [
                8.9425959,
                45.6574971
              ],
              [
                8.9400818,
                45.65899
              ],
              [
                8.9433614,
                45.6604543
              ],
              [
                8.9443923,
                45.6596222
              ],
              [
                8.9447853,
                45.6597934
              ],
              [
                8.9453706,
                45.6601312
              ],
              [
                8.9457282,
                45.6602934
              ],
              [
                8.9464803,
                45.6607663
              ],
              [
                8.9468988,
                45.6610005
              ],
              [
                8.9485059,
                45.6599346
              ],
              [
                8.9494823,
                45.6607632
              ],
              [
                8.9503427,
                45.6603045
              ],
              [
                8.9508303,
                45.6606152
              ],
              [
                8.9512641,
                45.6609667
              ],
              [
                8.9516416,
                45.6612726
              ],
              [
                8.9518474,
                45.6614286
              ],
              [
                8.9520633,
                45.6615923
              ],
              [
                8.9524883,
                45.6618805
              ],
              [
                8.9530303,
                45.6622138
              ],
              [
                8.9542026,
                45.6630918
              ],
              [
                8.9557019,
                45.6622193
              ],
              [
                8.9542426,
                45.6611837
              ],
              [
                8.9555911,
                45.6602706
              ],
              [
                8.9584151,
                45.6624004
              ],
              [
                8.9553259,
                45.664239
              ],
              [
                8.9553169,
                45.6642444
              ],
              [
                8.9554132,
                45.6643192
              ],
              [
                8.9560353,
                45.6648027
              ],
              [
                8.9571462,
                45.6641146
              ],
              [
                8.9569907,
                45.663966
              ],
              [
                8.9574017,
                45.6636961
              ],
              [
                8.9579376,
                45.6637683
              ],
              [
                8.9591576,
                45.6630847
              ],
              [
                8.9588016,
                45.662774
              ],
              [
                8.9589574,
                45.6626767
              ],
              [
                8.9599623,
                45.6620487
              ],
              [
                8.9608531,
                45.6614921
              ],
              [
                8.9608865,
                45.6618882
              ],
              [
                8.9609378,
                45.6620232
              ],
              [
                8.9612969,
                45.6625184
              ],
              [
                8.9617459,
                45.6629236
              ],
              [
                8.9624896,
                45.6641389
              ],
              [
                8.9628698,
                45.6646763
              ],
              [
                8.9633713,
                45.6654893
              ],
              [
                8.9635445,
                45.6656874
              ],
              [
                8.9639251,
                45.6651925
              ],
              [
                8.9648753,
                45.6647517
              ],
              [
                8.9655505,
                45.665274
              ],
              [
                8.9656081,
                45.665312
              ],
              [
                8.9664921,
                45.6659043
              ],
              [
                8.9665449,
                45.6662284
              ],
              [
                8.9673311,
                45.6666879
              ],
              [
                8.9689701,
                45.6659027
              ],
              [
                8.9690958,
                45.6660856
              ],
              [
                8.9675651,
                45.6668441
              ],
              [
                8.9678217,
                45.6671918
              ],
              [
                8.9686203,
                45.6681731
              ],
              [
                8.9691783,
                45.6689203
              ],
              [
                8.9690002,
                45.6690238
              ],
              [
                8.9696688,
                45.6699781
              ],
              [
                8.9699064,
                45.6699376
              ],
              [
                8.9701501,
                45.6703247
              ],
              [
                8.9714492,
                45.6719317
              ],
              [
                8.9715728,
                45.6718822
              ],
              [
                8.9723089,
                45.6729715
              ],
              [
                8.9728092,
                45.6737997
              ],
              [
                8.973867,
                45.6733724
              ],
              [
                8.9747043,
                45.6744482
              ],
              [
                8.9737139,
                45.674799
              ],
              [
                8.973962,
                45.6752205
              ],
              [
                8.9756535,
                45.6747929
              ],
              [
                8.9760456,
                45.6754655
              ],
              [
                8.9755673,
                45.675632
              ],
              [
                8.9760853,
                45.6764376
              ],
              [
                8.9769698,
                45.6762533
              ],
              [
                8.9775952,
                45.67741
              ],
              [
                8.9763448,
                45.6778868
              ],
              [
                8.9765452,
                45.6782064
              ],
              [
                8.9767138,
                45.6781524
              ],
              [
                8.97758,
                45.6793992
              ],
              [
                8.9787048,
                45.6790486
              ],
              [
                8.9791654,
                45.6798278
              ],
              [
                8.9806166,
                45.6793329
              ],
              [
                8.9798406,
                45.6780432
              ],
              [
                8.9783506,
                45.6784735
              ],
              [
                8.9780765,
                45.6779886
              ],
              [
                8.9786081,
                45.6778286
              ],
              [
                8.9785339,
                45.6776741
              ],
              [
                8.9803142,
                45.6771906
              ],
              [
                8.9799805,
                45.6767219
              ],
              [
                8.9804059,
                45.6765644
              ],
              [
                8.9799498,
                45.6756275
              ],
              [
                8.9805208,
                45.6755238
              ],
              [
                8.9815312,
                45.6752031
              ],
              [
                8.9818726,
                45.6751401
              ],
              [
                8.9819742,
                45.6750445
              ],
              [
                8.9819704,
                45.6748925
              ],
              [
                8.9820851,
                45.6747953
              ],
              [
                8.9824793,
                45.6746652
              ],
              [
                8.9827225,
                45.6745817
              ],
              [
                8.9829022,
                45.6745802
              ],
              [
                8.9832423,
                45.6751067
              ],
              [
                8.9833883,
                45.6752868
              ],
              [
                8.9834124,
                45.6753858
              ],
              [
                8.9833465,
                45.6755838
              ],
              [
                8.9833448,
                45.6757998
              ],
              [
                8.9835116,
                45.6764389
              ],
              [
                8.9835596,
                45.6767089
              ],
              [
                8.9840365,
                45.6771562
              ],
              [
                8.9841116,
                45.6772266
              ],
              [
                8.9846154,
                45.6777757
              ],
              [
                8.9874614,
                45.6766779
              ],
              [
                8.9871758,
                45.6762278
              ],
              [
                8.9861056,
                45.6748146
              ],
              [
                8.9851654,
                45.6736219
              ],
              [
                8.9843998,
                45.6738738
              ],
              [
                8.9837228,
                45.6730456
              ],
              [
                8.9843311,
                45.6726992
              ],
              [
                8.9839043,
                45.6722446
              ],
              [
                8.9844292,
                45.6720286
              ],
              [
                8.9841725,
                45.6716056
              ],
              [
                8.9848611,
                45.6713446
              ],
              [
                8.9848595,
                45.6710431
              ],
              [
                8.9855785,
                45.6708182
              ],
              [
                8.9852754,
                45.6701566
              ],
              [
                8.9867456,
                45.6693872
              ],
              [
                8.9855567,
                45.6682439
              ],
              [
                8.9851057,
                45.6684959
              ],
              [
                8.9845089,
                45.6677848
              ],
              [
                8.9834915,
                45.6677936
              ],
              [
                8.9833055,
                45.6673526
              ],
              [
                8.9837565,
                45.6671726
              ],
              [
                8.9828325,
                45.6658944
              ],
              [
                8.983245,
                45.6657234
              ],
              [
                8.9830721,
                45.66544
              ],
              [
                8.9827342,
                45.6648787
              ],
              [
                8.983372,
                45.6647636
              ],
              [
                8.9828956,
                45.6640582
              ],
              [
                8.9825522,
                45.6641436
              ],
              [
                8.9822395,
                45.663545
              ],
              [
                8.9829757,
                45.6633243
              ],
              [
                8.9830995,
                45.6633171
              ],
              [
                8.9832275,
                45.6633329
              ],
              [
                8.9833618,
                45.6633639
              ],
              [
                8.983483,
                45.6634395
              ],
              [
                8.984277,
                45.6644934
              ],
              [
                8.9843484,
                45.6645395
              ],
              [
                8.984426,
                45.6645641
              ],
              [
                8.9845291,
                45.6645661
              ],
              [
                8.9846541,
                45.6645374
              ],
              [
                8.985008,
                45.6644375
              ],
              [
                8.985084,
                45.6644301
              ],
              [
                8.9851574,
                45.6644469
              ],
              [
                8.9854049,
                45.6646432
              ],
              [
                8.9854701,
                45.664674
              ],
              [
                8.9855782,
                45.6646896
              ],
              [
                8.9856859,
                45.6646825
              ],
              [
                8.986605,
                45.6644403
              ],
              [
                8.9868357,
                45.6643843
              ],
              [
                8.9867933,
                45.6637979
              ],
              [
                8.9864549,
                45.6633341
              ],
              [
                8.9856092,
                45.663523
              ],
              [
                8.9853991,
                45.6631719
              ],
              [
                8.9862753,
                45.662857
              ],
              [
                8.9858871,
                45.6621054
              ],
              [
                8.9861776,
                45.6618984
              ],
              [
                8.9858103,
                45.6614843
              ],
              [
                8.9863992,
                45.6611424
              ],
              [
                8.9861265,
                45.6607238
              ],
              [
                8.9867654,
                45.6605485
              ],
              [
                8.9866417,
                45.6602963
              ],
              [
                8.9872097,
                45.6600984
              ],
              [
                8.9873223,
                45.6587527
              ],
              [
                8.9873304,
                45.6584422
              ],
              [
                8.9873064,
                45.6580912
              ],
              [
                8.987199,
                45.6577896
              ],
              [
                8.9870963,
                45.6577671
              ],
              [
                8.9869487,
                45.6576951
              ],
              [
                8.9868541,
                45.6576096
              ],
              [
                8.9867867,
                45.6575151
              ],
              [
                8.9861485,
                45.6561333
              ],
              [
                8.9880209,
                45.6557195
              ],
              [
                8.9874543,
                45.655449
              ],
              [
                8.9874067,
                45.654601
              ],
              [
                8.9867585,
                45.6544413
              ],
              [
                8.9871806,
                45.6535862
              ],
              [
                8.9856227,
                45.6531288
              ],
              [
                8.9851176,
                45.6529784
              ],
              [
                8.984749,
                45.6528669
              ],
              [
                8.9840606,
                45.6539554
              ],
              [
                8.9837664,
                45.6538871
              ],
              [
                8.9840913,
                45.6535004
              ],
              [
                8.9825196,
                45.6530648
              ],
              [
                8.9822057,
                45.6533474
              ],
              [
                8.9817931,
                45.6532793
              ],
              [
                8.9821096,
                45.6522322
              ],
              [
                8.9822976,
                45.6519336
              ],
              [
                8.9825018,
                45.6516094
              ],
              [
                8.9814299,
                45.6512002
              ],
              [
                8.9821601,
                45.6503588
              ],
              [
                8.9820928,
                45.6500527
              ],
              [
                8.9801119,
                45.6491343
              ],
              [
                8.9788352,
                45.648369
              ],
              [
                8.9780766,
                45.6479728
              ],
              [
                8.9790202,
                45.6469784
              ],
              [
                8.9799989,
                45.6464835
              ],
              [
                8.9804212,
                45.6462068
              ],
              [
                8.9810885,
                45.6457517
              ],
              [
                8.9815951,
                45.6461823
              ],
              [
                8.9821661,
                45.6465154
              ],
              [
                8.9828156,
                45.646835
              ],
              [
                8.9832455,
                45.6470781
              ],
              [
                8.9825924,
                45.647681
              ],
              [
                8.9841033,
                45.6483698
              ],
              [
                8.9844466,
                45.6485454
              ],
              [
                8.9849952,
                45.6487795
              ],
              [
                8.9851267,
                45.648847
              ],
              [
                8.985903,
                45.6493467
              ],
              [
                8.9859912,
                45.6493287
              ],
              [
                8.986357,
                45.6492027
              ],
              [
                8.9866554,
                45.6490722
              ],
              [
                8.9871576,
                45.6488067
              ],
              [
                8.9877913,
                45.6483703
              ],
              [
                8.9879421,
                45.6483703
              ],
              [
                8.9882837,
                45.6481417
              ],
              [
                8.9889411,
                45.6476666
              ],
              [
                8.9889856,
                45.6476875
              ],
              [
                8.9894694,
                45.6479249
              ],
              [
                8.9895576,
                45.6479519
              ],
              [
                8.9896298,
                45.6479654
              ],
              [
                8.9897694,
                45.6479564
              ],
              [
                8.9899651,
                45.6478799
              ],
              [
                8.9902858,
                45.6483705
              ],
              [
                8.9909595,
                45.6491896
              ],
              [
                8.9912306,
                45.6490096
              ],
              [
                8.9911537,
                45.6483706
              ],
              [
                8.9911409,
                45.648087
              ],
              [
                8.9919625,
                45.6476766
              ],
              [
                8.9925911,
                45.6473626
              ],
              [
                8.9919784,
                45.6466829
              ],
              [
                8.9930131,
                45.6466065
              ],
              [
                8.99352,
                45.6470431
              ],
              [
                8.9938922,
                45.6467731
              ],
              [
                8.9947311,
                45.6464536
              ],
              [
                8.9949233,
                45.6468614
              ],
              [
                8.9949541,
                45.6468901
              ],
              [
                8.9941086,
                45.6474841
              ],
              [
                8.9945256,
                45.6486273
              ],
              [
                8.9952186,
                45.6485193
              ],
              [
                8.9951802,
                45.6483708
              ],
              [
                8.9950214,
                45.6480197
              ],
              [
                8.9949765,
                45.6477047
              ],
              [
                8.9949989,
                45.6476282
              ],
              [
                8.9971036,
                45.6470747
              ],
              [
                8.9971341,
                45.6471557
              ],
              [
                8.9972572,
                45.6471252
              ],
              [
                8.9984751,
                45.6468677
              ],
              [
                8.9983436,
                45.6463997
              ],
              [
                8.9996574,
                45.6460396
              ],
              [
                9.0001611,
                45.6459721
              ],
              [
                9.0005621,
                45.6458776
              ],
              [
                9.0007883,
                45.6458596
              ],
              [
                9.0012551,
                45.6458551
              ],
              [
                9.0017347,
                45.6457516
              ],
              [
                9.0020106,
                45.6457156
              ],
              [
                9.0021197,
                45.6458686
              ],
              [
                9.0026651,
                45.6457876
              ],
              [
                9.0031607,
                45.645684
              ],
              [
                9.0036628,
                45.645423
              ],
              [
                9.0037446,
                45.6456705
              ],
              [
                9.0043718,
                45.645513
              ],
              [
                9.0042149,
                45.6451154
              ],
              [
                9.0042433,
                45.645141
              ],
              [
                9.0043333,
                45.6451169
              ],
              [
                9.0050727,
                45.6448739
              ],
              [
                9.0056887,
                45.6447073
              ],
              [
                9.0062438,
                45.6459179
              ],
              [
                9.007811,
                45.6455533
              ],
              [
                9.0076345,
                45.6450222
              ],
              [
                9.0088551,
                45.6448826
              ],
              [
                9.0088551,
                45.6445721
              ],
              [
                9.0090364,
                45.6446306
              ],
              [
                9.0093957,
                45.6446801
              ],
              [
                9.0097582,
                45.6446845
              ],
              [
                9.0137555,
                45.6446166
              ],
              [
                9.0145047,
                45.6447785
              ],
              [
                9.0181139,
                45.6450795
              ],
              [
                9.0188802,
                45.6437472
              ],
              [
                9.0203064,
                45.6444356
              ],
              [
                9.0201465,
                45.6456237
              ],
              [
                9.0216578,
                45.6462535
              ],
              [
                9.0218049,
                45.6451868
              ],
              [
                9.0225848,
                45.6455513
              ],
              [
                9.0232056,
                45.6458616
              ],
              [
                9.0230005,
                45.6465007
              ],
              [
                9.0243705,
                45.6466355
              ],
              [
                9.0242012,
                45.6471803
              ],
              [
                9.0240419,
                45.6478976
              ],
              [
                9.0239862,
                45.6481117
              ],
              [
                9.0255134,
                45.6481563
              ],
              [
                9.0254641,
                45.6492185
              ],
              [
                9.0270876,
                45.6492901
              ],
              [
                9.0273516,
                45.6478229
              ],
              [
                9.0260743,
                45.6471616
              ],
              [
                9.0260868,
                45.646329
              ],
              [
                9.0252093,
                45.6462752
              ],
              [
                9.0251658,
                45.6458567
              ],
              [
                9.0267603,
                45.6458023
              ],
              [
                9.0267649,
                45.6455368
              ],
              [
                9.0278862,
                45.64546
              ],
              [
                9.0276678,
                45.6429143
              ],
              [
                9.0300887,
                45.6427412
              ],
              [
                9.0324916,
                45.6425562
              ],
              [
                9.0328459,
                45.6425289
              ],
              [
                9.0359334,
                45.6423209
              ],
              [
                9.0359542,
                45.6423191
              ],
              [
                9.0362674,
                45.6422913
              ],
              [
                9.0370016,
                45.6422261
              ],
              [
                9.0368799,
                45.6417886
              ],
              [
                9.0365629,
                45.64065
              ],
              [
                9.036344,
                45.6398635
              ],
              [
                9.0365877,
                45.6397059
              ],
              [
                9.0385557,
                45.6395793
              ],
              [
                9.0396863,
                45.6393854
              ],
              [
                9.0399339,
                45.6402043
              ],
              [
                9.0396453,
                45.6403845
              ],
              [
                9.0394546,
                45.6406366
              ],
              [
                9.0393137,
                45.6410056
              ],
              [
                9.0392722,
                45.6412127
              ],
              [
                9.0389564,
                45.6414828
              ],
              [
                9.0388489,
                45.6415279
              ],
              [
                9.0386103,
                45.6415718
              ],
              [
                9.0383498,
                45.6416023
              ],
              [
                9.0379717,
                45.6416587
              ],
              [
                9.0379717,
                45.6417307
              ],
              [
                9.0388058,
                45.6417754
              ],
              [
                9.0388141,
                45.6421849
              ],
              [
                9.0396689,
                45.6420451
              ],
              [
                9.0398213,
                45.6420136
              ],
              [
                9.039956,
                45.641964
              ],
              [
                9.0403056,
                45.6419189
              ],
              [
                9.0408863,
                45.6419772
              ],
              [
                9.0409509,
                45.6424992
              ],
              [
                9.0421054,
                45.6425727
              ],
              [
                9.0422165,
                45.6425798
              ],
              [
                9.0426505,
                45.6417335
              ],
              [
                9.0429601,
                45.6417379
              ],
              [
                9.0429285,
                45.6423815
              ],
              [
                9.0438685,
                45.6424036
              ],
              [
                9.0439041,
                45.6427816
              ],
              [
                9.0452803,
                45.6427406
              ],
              [
                9.0454392,
                45.642826
              ],
              [
                9.046217,
                45.6427312
              ],
              [
                9.0470029,
                45.6425959
              ],
              [
                9.047213,
                45.6426048
              ],
              [
                9.0475439,
                45.6449899
              ],
              [
                9.0481582,
                45.6449671
              ],
              [
                9.0482322,
                45.6452281
              ],
              [
                9.0487776,
                45.6452054
              ],
              [
                9.0488164,
                45.6455564
              ],
              [
                9.0495655,
                45.6454931
              ],
              [
                9.0495215,
                45.6448023
              ],
              [
                9.0494603,
                45.644503
              ],
              [
                9.0504749,
                45.6454206
              ],
              [
                9.0525392,
                45.6452172
              ],
              [
                9.0526796,
                45.6461077
              ],
              [
                9.0527347,
                45.6460792
              ],
              [
                9.0539447,
                45.645518
              ],
              [
                9.0540738,
                45.6463236
              ],
              [
                9.055442,
                45.6462239
              ],
              [
                9.0556922,
                45.6462058
              ],
              [
                9.0558746,
                45.6473218
              ],
              [
                9.0557055,
                45.6474603
              ],
              [
                9.0556591,
                45.648357
              ],
              [
                9.0554733,
                45.6486991
              ],
              [
                9.055738,
                45.64869
              ],
              [
                9.0558021,
                45.6501616
              ],
              [
                9.0557812,
                45.6501616
              ],
              [
                9.0541272,
                45.6500769
              ],
              [
                9.0538288,
                45.6500951
              ],
              [
                9.0536042,
                45.6501087
              ],
              [
                9.0524119,
                45.6502258
              ],
              [
                9.0523146,
                45.6502353
              ],
              [
                9.0521959,
                45.6502578
              ],
              [
                9.0522411,
                45.6523145
              ],
              [
                9.0522143,
                45.6528276
              ],
              [
                9.0520754,
                45.6534622
              ],
              [
                9.052061,
                45.6535342
              ],
              [
                9.0520419,
                45.6536558
              ],
              [
                9.052026,
                45.6538673
              ],
              [
                9.0520277,
                45.6539258
              ],
              [
                9.0521245,
                45.6545288
              ],
              [
                9.0523912,
                45.6565854
              ],
              [
                9.0527033,
                45.6574718
              ],
              [
                9.0531638,
                45.6574834
              ],
              [
                9.0547746,
                45.6574798
              ],
              [
                9.054858,
                45.6574843
              ],
              [
                9.0549078,
                45.6574888
              ],
              [
                9.0549399,
                45.6574933
              ],
              [
                9.0549752,
                45.6574977
              ],
              [
                9.0550281,
                45.6575067
              ],
              [
                9.0550859,
                45.6575202
              ],
              [
                9.0553042,
                45.6575921
              ],
              [
                9.0553716,
                45.6576191
              ],
              [
                9.0554326,
                45.6576415
              ],
              [
                9.0554888,
                45.6576595
              ],
              [
                9.0555594,
                45.657682
              ],
              [
                9.0556204,
                45.6577044
              ],
              [
                9.055683,
                45.6577224
              ],
              [
                9.0557311,
                45.6577314
              ],
              [
                9.0558707,
                45.6577583
              ],
              [
                9.0559493,
                45.6577673
              ],
              [
                9.0561002,
                45.6577672
              ],
              [
                9.0561916,
                45.6577627
              ],
              [
                9.0563152,
                45.6577626
              ],
              [
                9.0564531,
                45.657749
              ],
              [
                9.0565574,
                45.65774
              ],
              [
                9.0567018,
                45.6577264
              ],
              [
                9.0568879,
                45.6576993
              ],
              [
                9.0570323,
                45.6576857
              ],
              [
                9.0575135,
                45.6576225
              ],
              [
                9.0576194,
                45.6576089
              ],
              [
                9.0577108,
                45.6575999
              ],
              [
                9.0578745,
                45.6575908
              ],
              [
                9.0579756,
                45.6575817
              ],
              [
                9.0580478,
                45.6575862
              ],
              [
                9.0607445,
                45.6577983
              ],
              [
                9.0604826,
                45.6584355
              ],
              [
                9.060121,
                45.6593403
              ],
              [
                9.060097,
                45.6593853
              ],
              [
                9.0600906,
                45.6594033
              ],
              [
                9.0600506,
                45.6594799
              ],
              [
                9.0600201,
                45.6595159
              ],
              [
                9.0599833,
                45.6595564
              ],
              [
                9.0599592,
                45.6595834
              ],
              [
                9.059932,
                45.6596149
              ],
              [
                9.0599079,
                45.6596419
              ],
              [
                9.059855,
                45.6597005
              ],
              [
                9.0598195,
                45.6597766
              ],
              [
                9.0597976,
                45.6598235
              ],
              [
                9.0597538,
                45.6599173
              ],
              [
                9.0605611,
                45.6599772
              ],
              [
                9.0600528,
                45.6616306
              ],
              [
                9.062792,
                45.6617376
              ],
              [
                9.0628276,
                45.6620076
              ],
              [
                9.0628244,
                45.6620211
              ],
              [
                9.0628132,
                45.6620391
              ],
              [
                9.062621,
                45.6623182
              ],
              [
                9.0625217,
                45.6624848
              ],
              [
                9.0624848,
                45.6625523
              ],
              [
                9.062456,
                45.6626154
              ],
              [
                9.062416,
                45.6627009
              ],
              [
                9.0623808,
                45.6627819
              ],
              [
                9.0623456,
                45.6628764
              ],
              [
                9.0623248,
                45.6629575
              ],
              [
                9.0623089,
                45.663061
              ],
              [
                9.0621716,
                45.6637136
              ],
              [
                9.0619446,
                45.6644563
              ],
              [
                9.0619463,
                45.6645148
              ],
              [
                9.0619448,
                45.6646003
              ],
              [
                9.0619432,
                45.6646543
              ],
              [
                9.0619504,
                45.6649766
              ],
              [
                9.0618572,
                45.6652484
              ],
              [
                9.0617901,
                45.66546
              ],
              [
                9.0617613,
                45.665559
              ],
              [
                9.0616909,
                45.6657661
              ],
              [
                9.0616637,
                45.6658381
              ],
              [
                9.061635,
                45.6659236
              ],
              [
                9.0615934,
                45.6660362
              ],
              [
                9.0615614,
                45.6661262
              ],
              [
                9.0615294,
                45.6662252
              ],
              [
                9.0615118,
                45.6663107
              ],
              [
                9.0615039,
                45.6663872
              ],
              [
                9.0615138,
                45.6666438
              ],
              [
                9.0615187,
                45.6667203
              ],
              [
                9.0615642,
                45.6672288
              ],
              [
                9.0616238,
                45.6674088
              ],
              [
                9.0618299,
                45.6680387
              ],
              [
                9.0628456,
                45.6707474
              ],
              [
                9.0635559,
                45.6729972
              ],
              [
                9.0635856,
                45.6730906
              ],
              [
                9.0644337,
                45.6757284
              ],
              [
                9.0647476,
                45.6765428
              ],
              [
                9.0649605,
                45.6773753
              ],
              [
                9.0653928,
                45.6792202
              ],
              [
                9.0656964,
                45.6807456
              ],
              [
                9.0659355,
                45.6820371
              ],
              [
                9.0659372,
                45.6821181
              ],
              [
                9.0659389,
                45.6822036
              ],
              [
                9.0659422,
                45.6822981
              ],
              [
                9.0659407,
                45.6823836
              ],
              [
                9.0659408,
                45.6825141
              ],
              [
                9.0659272,
                45.6832072
              ],
              [
                9.0657516,
                45.6839769
              ],
              [
                9.0655875,
                45.6850761
              ],
              [
                9.0657995,
                45.6851245
              ],
              [
                9.0658428,
                45.6851244
              ],
              [
                9.067127,
                45.6851057
              ],
              [
                9.0697788,
                45.6850591
              ],
              [
                9.071965,
                45.6850307
              ],
              [
                9.0752203,
                45.6849206
              ],
              [
                9.0774001,
                45.6848921
              ],
              [
                9.0798978,
                45.6848678
              ],
              [
                9.081312,
                45.6848938
              ],
              [
                9.0830394,
                45.6849601
              ],
              [
                9.0840154,
                45.6849908
              ],
              [
                9.0853269,
                45.6850483
              ],
              [
                9.0854586,
                45.6850572
              ],
              [
                9.0855758,
                45.6850617
              ],
              [
                9.0860028,
                45.6851153
              ],
              [
                9.0879298,
                45.6855459
              ],
              [
                9.0892433,
                45.6858149
              ],
              [
                9.0904572,
                45.6860299
              ],
              [
                9.0912842,
                45.6862002
              ],
              [
                9.091342,
                45.6862182
              ],
              [
                9.091395,
                45.6862272
              ],
              [
                9.0914657,
                45.6862451
              ],
              [
                9.0915219,
                45.6862586
              ],
              [
                9.091615,
                45.6862855
              ],
              [
                9.0917066,
                45.6863079
              ],
              [
                9.091774,
                45.6863304
              ],
              [
                9.0918463,
                45.6863483
              ],
              [
                9.0919587,
                45.6863797
              ],
              [
                9.092047,
                45.6864111
              ],
              [
                9.0921482,
                45.6864426
              ],
              [
                9.0922221,
                45.686465
              ],
              [
                9.0923072,
                45.6864874
              ],
              [
                9.0923875,
                45.6865099
              ],
              [
                9.0924758,
                45.6865233
              ],
              [
                9.0925449,
                45.6865322
              ],
              [
                9.0925834,
                45.6865367
              ],
              [
                9.0926348,
                45.6865412
              ],
              [
                9.0930763,
                45.6865588
              ],
              [
                9.0935501,
                45.6867159
              ],
              [
                9.093765,
                45.6875483
              ],
              [
                9.0938085,
                45.6876698
              ],
              [
                9.0938263,
                45.6877148
              ],
              [
                9.0938488,
                45.6877778
              ],
              [
                9.0939004,
                45.6878902
              ],
              [
                9.0939262,
                45.6879307
              ],
              [
                9.0939551,
                45.6879802
              ],
              [
                9.0939922,
                45.6880432
              ],
              [
                9.0940324,
                45.6881151
              ],
              [
                9.0940711,
                45.6881736
              ],
              [
                9.0941467,
                45.6882861
              ],
              [
                9.0941821,
                45.6883355
              ],
              [
                9.0942899,
                45.688466
              ],
              [
                9.0943558,
                45.6885469
              ],
              [
                9.0944009,
                45.6886099
              ],
              [
                9.094454,
                45.6886863
              ],
              [
                9.0945119,
                45.6887538
              ],
              [
                9.0962146,
                45.690278
              ],
              [
                9.0983599,
                45.6924183
              ],
              [
                9.0986388,
                45.6930661
              ],
              [
                9.0987533,
                45.6933315
              ],
              [
                9.1001264,
                45.6944779
              ],
              [
                9.0997252,
                45.6945899
              ],
              [
                9.1018617,
                45.6960695
              ],
              [
                9.1024131,
                45.6964875
              ],
              [
                9.1028809,
                45.6967616
              ],
              [
                9.1031074,
                45.6968559
              ],
              [
                9.1038834,
                45.6971297
              ],
              [
                9.1041909,
                45.6967289
              ],
              [
                9.1042246,
                45.6966794
              ],
              [
                9.1042614,
                45.6966343
              ],
              [
                9.1043014,
                45.6965758
              ],
              [
                9.104335,
                45.6965262
              ],
              [
                9.1045304,
                45.6962245
              ],
              [
                9.1045672,
                45.696166
              ],
              [
                9.1045912,
                45.69613
              ],
              [
                9.1046072,
                45.6961075
              ],
              [
                9.1046344,
                45.6960669
              ],
              [
                9.1051146,
                45.6952654
              ],
              [
                9.1056262,
                45.6950084
              ],
              [
                9.1057224,
                45.6949183
              ],
              [
                9.105748,
                45.6948958
              ],
              [
                9.1057817,
                45.6948553
              ],
              [
                9.1060091,
                45.694585
              ],
              [
                9.1073746,
                45.6933236
              ],
              [
                9.1082651,
                45.6922292
              ],
              [
                9.1083244,
                45.6922066
              ],
              [
                9.1092228,
                45.6918727
              ],
              [
                9.1096639,
                45.6916878
              ],
              [
                9.1103791,
                45.691246
              ],
              [
                9.1112709,
                45.6916727
              ],
              [
                9.1121836,
                45.6920858
              ],
              [
                9.1123651,
                45.6921171
              ],
              [
                9.1124052,
                45.6920991
              ],
              [
                9.1136012,
                45.6912743
              ],
              [
                9.1135832,
                45.6911438
              ],
              [
                9.1139998,
                45.6907159
              ],
              [
                9.1141215,
                45.6905943
              ],
              [
                9.1144563,
                45.6902204
              ],
              [
                9.1147222,
                45.6899321
              ],
              [
                9.1150059,
                45.6897338
              ],
              [
                9.1163842,
                45.6886253
              ],
              [
                9.1184219,
                45.6896492
              ],
              [
                9.1185536,
                45.6896851
              ],
              [
                9.1183205,
                45.6902839
              ],
              [
                9.1189729,
                45.6905487
              ],
              [
                9.1200049,
                45.6896881
              ],
              [
                9.1201816,
                45.6897644
              ],
              [
                9.1207358,
                45.6891652
              ],
              [
                9.121364,
                45.6894166
              ],
              [
                9.121633,
                45.6890743
              ],
              [
                9.1217066,
                45.6889977
              ],
              [
                9.1217867,
                45.6889211
              ],
              [
                9.1218444,
                45.6888805
              ],
              [
                9.1219134,
                45.6888354
              ],
              [
                9.1219711,
                45.6888039
              ],
              [
                9.1220337,
                45.6887813
              ],
              [
                9.1221091,
                45.6887587
              ],
              [
                9.1221748,
                45.6887406
              ],
              [
                9.1222438,
                45.6887226
              ],
              [
                9.1226771,
                45.6886681
              ],
              [
                9.1229645,
                45.6886588
              ],
              [
                9.1239335,
                45.6891213
              ],
              [
                9.123084,
                45.6897072
              ],
              [
                9.1243097,
                45.690813
              ],
              [
                9.1246888,
                45.6909531
              ],
              [
                9.1256208,
                45.6912976
              ],
              [
                9.1283313,
                45.6922261
              ],
              [
                9.1316009,
                45.6932979
              ],
              [
                9.1326387,
                45.6935802
              ],
              [
                9.135198,
                45.6943198
              ],
              [
                9.1356813,
                45.6943552
              ],
              [
                9.1364293,
                45.6943048
              ],
              [
                9.1364919,
                45.6943002
              ],
              [
                9.1365642,
                45.6942911
              ],
              [
                9.1366139,
                45.6942911
              ],
              [
                9.1366589,
                45.6942865
              ],
              [
                9.1367054,
                45.6942819
              ],
              [
                9.1367375,
                45.6942729
              ],
              [
                9.136829,
                45.6942548
              ],
              [
                9.1376149,
                45.6940786
              ],
              [
                9.1375471,
                45.6948198
              ],
              [
                9.1396343,
                45.694904
              ],
              [
                9.1396283,
                45.6948093
              ],
              [
                9.1396572,
                45.6939948
              ],
              [
                9.1392999,
                45.6936667
              ],
              [
                9.1394756,
                45.6932885
              ],
              [
                9.1397167,
                45.6927706
              ],
              [
                9.13994,
                45.6928244
              ],
              [
                9.1399625,
                45.6928288
              ],
              [
                9.1399818,
                45.6928333
              ],
              [
                9.1400283,
                45.6928377
              ],
              [
                9.1425811,
                45.6928661
              ],
              [
                9.1447588,
                45.6931513
              ],
              [
                9.1454656,
                45.6914763
              ],
              [
                9.1479595,
                45.6923281
              ],
              [
                9.147982,
                45.6923326
              ],
              [
                9.1482456,
                45.6918372
              ],
              [
                9.1499315,
                45.691934
              ],
              [
                9.1501928,
                45.6917806
              ],
              [
                9.1502215,
                45.6917311
              ],
              [
                9.1502647,
                45.691677
              ],
              [
                9.1503031,
                45.6916274
              ],
              [
                9.1503367,
                45.6915824
              ],
              [
                9.1503783,
                45.6915238
              ],
              [
                9.1504055,
                45.6914833
              ],
              [
                9.1504455,
                45.6914337
              ],
              [
                9.1505239,
                45.6913391
              ],
              [
                9.1505607,
                45.6913031
              ],
              [
                9.1505911,
                45.691267
              ],
              [
                9.1506215,
                45.6912355
              ],
              [
                9.1506487,
                45.6911994
              ],
              [
                9.1506679,
                45.6911679
              ],
              [
                9.1507207,
                45.6910823
              ],
              [
                9.1507334,
                45.6910463
              ],
              [
                9.1507493,
                45.6909968
              ],
              [
                9.1507826,
                45.6908302
              ],
              [
                9.1508095,
                45.6906772
              ],
              [
                9.1508174,
                45.6906412
              ],
              [
                9.1508349,
                45.6905961
              ],
              [
                9.1508973,
                45.6905061
              ],
              [
                9.1509197,
                45.690479
              ],
              [
                9.1509533,
                45.690452
              ],
              [
                9.1510303,
                45.6904159
              ],
              [
                9.1510752,
                45.6904023
              ],
              [
                9.1510961,
                45.6904068
              ],
              [
                9.1511314,
                45.6904067
              ],
              [
                9.1511893,
                45.6904337
              ],
              [
                9.1512021,
                45.6904426
              ],
              [
                9.1512279,
                45.6904561
              ],
              [
                9.1512568,
                45.6904741
              ],
              [
                9.1512793,
                45.6904875
              ],
              [
                9.1513211,
                45.6905055
              ],
              [
                9.1513661,
                45.6905189
              ],
              [
                9.1514576,
                45.6905188
              ],
              [
                9.1515055,
                45.6904377
              ],
              [
                9.1515135,
                45.6904062
              ],
              [
                9.1515182,
                45.6903747
              ],
              [
                9.1515246,
                45.6903432
              ],
              [
                9.1515453,
                45.6903117
              ],
              [
                9.1515629,
                45.6902936
              ],
              [
                9.1515822,
                45.6902711
              ],
              [
                9.151603,
                45.6902486
              ],
              [
                9.1516141,
                45.6902261
              ],
              [
                9.1516109,
                45.6901991
              ],
              [
                9.1515915,
                45.6901811
              ],
              [
                9.1514919,
                45.6901362
              ],
              [
                9.151479,
                45.6901317
              ],
              [
                9.1514629,
                45.6901183
              ],
              [
                9.1514501,
                45.6901093
              ],
              [
                9.1514372,
                45.6900958
              ],
              [
                9.1514211,
                45.6900733
              ],
              [
                9.151413,
                45.6900508
              ],
              [
                9.1514145,
                45.6900103
              ],
              [
                9.1514352,
                45.6899563
              ],
              [
                9.1515262,
                45.6898875
              ],
              [
                9.1518565,
                45.6896317
              ],
              [
                9.1518726,
                45.6896182
              ],
              [
                9.1518966,
                45.6896046
              ],
              [
                9.151919,
                45.6895821
              ],
              [
                9.1519334,
                45.6895641
              ],
              [
                9.1519462,
                45.6895371
              ],
              [
                9.1519445,
                45.6895056
              ],
              [
                9.1519412,
                45.6894876
              ],
              [
                9.1519283,
                45.6894741
              ],
              [
                9.1519138,
                45.6894516
              ],
              [
                9.1518913,
                45.6894291
              ],
              [
                9.1518816,
                45.6894201
              ],
              [
                9.1518478,
                45.6893752
              ],
              [
                9.1518349,
                45.6893527
              ],
              [
                9.1518331,
                45.6892987
              ],
              [
                9.1518427,
                45.6892762
              ],
              [
                9.1518764,
                45.6892446
              ],
              [
                9.1519004,
                45.6892311
              ],
              [
                9.1519196,
                45.6892176
              ],
              [
                9.1519693,
                45.689186
              ],
              [
                9.1519933,
                45.689159
              ],
              [
                9.1520013,
                45.6891365
              ],
              [
                9.1519947,
                45.6890915
              ],
              [
                9.1519802,
                45.6890555
              ],
              [
                9.1519284,
                45.6889115
              ],
              [
                9.1519235,
                45.68888
              ],
              [
                9.1519234,
                45.688853
              ],
              [
                9.1519328,
                45.6887675
              ],
              [
                9.1519551,
                45.6886775
              ],
              [
                9.1519662,
                45.688655
              ],
              [
                9.1520241,
                45.6885293
              ],
              [
                9.1520316,
                45.6885129
              ],
              [
                9.1520413,
                45.6884974
              ],
              [
                9.1521629,
                45.6883577
              ],
              [
                9.1521741,
                45.6883397
              ],
              [
                9.1521869,
                45.6883171
              ],
              [
                9.1522109,
                45.6882901
              ],
              [
                9.1522477,
                45.6882631
              ],
              [
                9.1522942,
                45.688236
              ],
              [
                9.1523278,
                45.6882179
              ],
              [
                9.1523711,
                45.6881954
              ],
              [
                9.1524096,
                45.6881773
              ],
              [
                9.1524641,
                45.6881502
              ],
              [
                9.1525266,
                45.6881142
              ],
              [
                9.1525827,
                45.6880736
              ],
              [
                9.152626,
                45.688042
              ],
              [
                9.1526772,
                45.6880014
              ],
              [
                9.1527301,
                45.6879519
              ],
              [
                9.1527669,
                45.6879158
              ],
              [
                9.1528005,
                45.6878843
              ],
              [
                9.152855,
                45.6878392
              ],
              [
                9.1528806,
                45.6878167
              ],
              [
                9.1529286,
                45.6877761
              ],
              [
                9.1529622,
                45.6877355
              ],
              [
                9.1529894,
                45.687695
              ],
              [
                9.153007,
                45.6876635
              ],
              [
                9.1530213,
                45.6876229
              ],
              [
                9.1530452,
                45.6875689
              ],
              [
                9.1530596,
                45.6875374
              ],
              [
                9.1530836,
                45.6875014
              ],
              [
                9.1531733,
                45.6874157
              ],
              [
                9.1531973,
                45.6873887
              ],
              [
                9.15321,
                45.6873707
              ],
              [
                9.1532244,
                45.6873437
              ],
              [
                9.1532452,
                45.6873076
              ],
              [
                9.1533075,
                45.687195
              ],
              [
                9.1533411,
                45.6871455
              ],
              [
                9.1533682,
                45.6871049
              ],
              [
                9.1534387,
                45.6870418
              ],
              [
                9.1534756,
                45.6870238
              ],
              [
                9.1535157,
                45.6870102
              ],
              [
                9.1535413,
                45.6869967
              ],
              [
                9.1536118,
                45.6869516
              ],
              [
                9.153631,
                45.6869291
              ],
              [
                9.153663,
                45.6868885
              ],
              [
                9.1536902,
                45.686848
              ],
              [
                9.1537126,
                45.6868164
              ],
              [
                9.1539887,
                45.686249
              ],
              [
                9.1540159,
                45.686195
              ],
              [
                9.1540541,
                45.6861004
              ],
              [
                9.1540812,
                45.6860374
              ],
              [
                9.1541068,
                45.6859788
              ],
              [
                9.1541307,
                45.6859248
              ],
              [
                9.1541547,
                45.6858888
              ],
              [
                9.1541819,
                45.6858527
              ],
              [
                9.1542155,
                45.6858167
              ],
              [
                9.1542395,
                45.6857941
              ],
              [
                9.154278,
                45.6857806
              ],
              [
                9.1543309,
                45.6857805
              ],
              [
                9.1543791,
                45.6857849
              ],
              [
                9.1544289,
                45.6857894
              ],
              [
                9.1544578,
                45.6857983
              ],
              [
                9.1544931,
                45.6858028
              ],
              [
                9.1545847,
                45.6858162
              ],
              [
                9.1546408,
                45.6858116
              ],
              [
                9.1546729,
                45.6858025
              ],
              [
                9.1548185,
                45.6856403
              ],
              [
                9.1548361,
                45.6856088
              ],
              [
                9.1548585,
                45.6855818
              ],
              [
                9.1548954,
                45.6855502
              ],
              [
                9.1549258,
                45.6855277
              ],
              [
                9.1549755,
                45.6854961
              ],
              [
                9.1550396,
                45.6854555
              ],
              [
                9.1550828,
                45.685424
              ],
              [
                9.1551725,
                45.6853428
              ],
              [
                9.1552301,
                45.6852887
              ],
              [
                9.1552765,
                45.6852437
              ],
              [
                9.1553309,
                45.6851716
              ],
              [
                9.1553517,
                45.6851311
              ],
              [
                9.155366,
                45.685095
              ],
              [
                9.1553804,
                45.6850635
              ],
              [
                9.1553883,
                45.6850275
              ],
              [
                9.1553962,
                45.684987
              ],
              [
                9.1553993,
                45.6849555
              ],
              [
                9.1553977,
                45.684933
              ],
              [
                9.1553912,
                45.684924
              ],
              [
                9.1553784,
                45.6849195
              ],
              [
                9.1553559,
                45.684906
              ],
              [
                9.1553237,
                45.6848971
              ],
              [
                9.1552868,
                45.6848836
              ],
              [
                9.1552611,
                45.6848747
              ],
              [
                9.1552193,
                45.6848612
              ],
              [
                9.1552032,
                45.6848522
              ],
              [
                9.1551839,
                45.6848343
              ],
              [
                9.1551678,
                45.6848208
              ],
              [
                9.1551501,
                45.6847983
              ],
              [
                9.1551372,
                45.6847758
              ],
              [
                9.1551307,
                45.6847533
              ],
              [
                9.1551322,
                45.6847263
              ],
              [
                9.1551545,
                45.6846498
              ],
              [
                9.1551641,
                45.6846273
              ],
              [
                9.1551784,
                45.6845957
              ],
              [
                9.1551992,
                45.6845507
              ],
              [
                9.1552135,
                45.6845102
              ],
              [
                9.1552182,
                45.6844742
              ],
              [
                9.1552213,
                45.6844292
              ],
              [
                9.1552293,
                45.6844067
              ],
              [
                9.1552404,
                45.6843841
              ],
              [
                9.1552596,
                45.6843526
              ],
              [
                9.1552804,
                45.6843391
              ],
              [
                9.1553093,
                45.6843255
              ],
              [
                9.155343,
                45.68433
              ],
              [
                9.1553816,
                45.6843389
              ],
              [
                9.1553912,
                45.6843434
              ],
              [
                9.1554234,
                45.6843614
              ],
              [
                9.1554523,
                45.6843839
              ],
              [
                9.1555167,
                45.6844288
              ],
              [
                9.1555327,
                45.6844378
              ],
              [
                9.1555777,
                45.6844512
              ],
              [
                9.1556034,
                45.6844512
              ],
              [
                9.1556419,
                45.6844556
              ],
              [
                9.1556853,
                45.6844555
              ],
              [
                9.1557045,
                45.684451
              ],
              [
                9.1557142,
                45.684451
              ],
              [
                9.1557238,
                45.6844465
              ],
              [
                9.155735,
                45.6844465
              ],
              [
                9.1557575,
                45.6844374
              ],
              [
                9.1557703,
                45.6844329
              ],
              [
                9.1557767,
                45.6844284
              ],
              [
                9.1557847,
                45.6844239
              ],
              [
                9.1558071,
                45.6843924
              ],
              [
                9.1558023,
                45.6843834
              ],
              [
                9.1557829,
                45.6843654
              ],
              [
                9.155754,
                45.6843429
              ],
              [
                9.1557154,
                45.6843205
              ],
              [
                9.1556447,
                45.6842801
              ],
              [
                9.1555996,
                45.6842441
              ],
              [
                9.1555738,
                45.6842172
              ],
              [
                9.1555577,
                45.6841992
              ],
              [
                9.1555432,
                45.6841767
              ],
              [
                9.1555174,
                45.6841317
              ],
              [
                9.1554964,
                45.6840733
              ],
              [
                9.1554851,
                45.6840328
              ],
              [
                9.1554801,
                45.6839923
              ],
              [
                9.1554816,
                45.6839473
              ],
              [
                9.1554943,
                45.6839068
              ],
              [
                9.155512,
                45.6838977
              ],
              [
                9.1555312,
                45.6838932
              ],
              [
                9.1555537,
                45.6838977
              ],
              [
                9.155573,
                45.6838976
              ],
              [
                9.1555938,
                45.6839021
              ],
              [
                9.1556292,
                45.6839066
              ],
              [
                9.1556917,
                45.6838705
              ],
              [
                9.1557093,
                45.683848
              ],
              [
                9.1557124,
                45.6838389
              ],
              [
                9.1557251,
                45.6837624
              ],
              [
                9.1557393,
                45.6836814
              ],
              [
                9.1557519,
                45.6836139
              ],
              [
                9.1557694,
                45.6835418
              ],
              [
                9.1557885,
                45.6834788
              ],
              [
                9.1557996,
                45.6834338
              ],
              [
                9.1558091,
                45.6834023
              ],
              [
                9.1557897,
                45.6833303
              ],
              [
                9.15578,
                45.6833168
              ],
              [
                9.1557671,
                45.6833033
              ],
              [
                9.1557493,
                45.6832538
              ],
              [
                9.1557492,
                45.6832133
              ],
              [
                9.1557572,
                45.6831818
              ],
              [
                9.1557747,
                45.6831548
              ],
              [
                9.1558116,
                45.6831188
              ],
              [
                9.1558645,
                45.6830917
              ],
              [
                9.1559013,
                45.6830736
              ],
              [
                9.1559334,
                45.6830601
              ],
              [
                9.1559542,
                45.6830465
              ],
              [
                9.1559846,
                45.6830015
              ],
              [
                9.1560021,
                45.6829475
              ],
              [
                9.15612,
                45.6826278
              ],
              [
                9.1561343,
                45.6825873
              ],
              [
                9.1561421,
                45.6825152
              ],
              [
                9.1561243,
                45.6824658
              ],
              [
                9.1561083,
                45.6824523
              ],
              [
                9.1560761,
                45.6824343
              ],
              [
                9.1560504,
                45.6824209
              ],
              [
                9.1560182,
                45.6824074
              ],
              [
                9.1560022,
                45.6823984
              ],
              [
                9.1559797,
                45.6823895
              ],
              [
                9.1559668,
                45.6823805
              ],
              [
                9.1559507,
                45.6823625
              ],
              [
                9.1559378,
                45.6823445
              ],
              [
                9.1559378,
                45.682331
              ],
              [
                9.1559458,
                45.6823175
              ],
              [
                9.155965,
                45.682304
              ],
              [
                9.1559826,
                45.6822949
              ],
              [
                9.1560275,
                45.6822859
              ],
              [
                9.1560468,
                45.6822859
              ],
              [
                9.1560676,
                45.6822768
              ],
              [
                9.1560805,
                45.6822723
              ],
              [
                9.156098,
                45.6822408
              ],
              [
                9.1560851,
                45.6822093
              ],
              [
                9.1560754,
                45.6821958
              ],
              [
                9.1560641,
                45.6821733
              ],
              [
                9.1560544,
                45.6821463
              ],
              [
                9.1560592,
                45.6821238
              ],
              [
                9.156115,
                45.6819932
              ],
              [
                9.1561357,
                45.6819527
              ],
              [
                9.1561853,
                45.6818986
              ],
              [
                9.1562494,
                45.6818535
              ],
              [
                9.1563055,
                45.681822
              ],
              [
                9.1563696,
                45.6817769
              ],
              [
                9.156392,
                45.6817588
              ],
              [
                9.1564225,
                45.6817453
              ],
              [
                9.1564417,
                45.6817318
              ],
              [
                9.1564753,
                45.6817047
              ],
              [
                9.1565026,
                45.6816867
              ],
              [
                9.1565186,
                45.6816641
              ],
              [
                9.156533,
                45.6816461
              ],
              [
                9.1565488,
                45.6815651
              ],
              [
                9.1565359,
                45.6815381
              ],
              [
                9.1565037,
                45.6815067
              ],
              [
                9.156494,
                45.6815067
              ],
              [
                9.1564683,
                45.6815022
              ],
              [
                9.1564362,
                45.6814977
              ],
              [
                9.1563929,
                45.6814933
              ],
              [
                9.1563608,
                45.6814844
              ],
              [
                9.1562868,
                45.6814574
              ],
              [
                9.1562708,
                45.6814485
              ],
              [
                9.1562498,
                45.6814035
              ],
              [
                9.1562561,
                45.6813765
              ],
              [
                9.1563602,
                45.6812863
              ],
              [
                9.1564627,
                45.6812187
              ],
              [
                9.1565269,
                45.6811871
              ],
              [
                9.1566022,
                45.68116
              ],
              [
                9.1566648,
                45.6811419
              ],
              [
                9.1567048,
                45.6811283
              ],
              [
                9.1567401,
                45.6811148
              ],
              [
                9.1567866,
                45.6810922
              ],
              [
                9.1568171,
                45.6810742
              ],
              [
                9.1568507,
                45.6810426
              ],
              [
                9.1568778,
                45.6809976
              ],
              [
                9.1569065,
                45.680921
              ],
              [
                9.156924,
                45.6808715
              ],
              [
                9.1569463,
                45.680795
              ],
              [
                9.1569638,
                45.680732
              ],
              [
                9.1569796,
                45.6806644
              ],
              [
                9.157005,
                45.6805699
              ],
              [
                9.1570208,
                45.6804663
              ],
              [
                9.1570269,
                45.6803538
              ],
              [
                9.1570316,
                45.6803268
              ],
              [
                9.1570395,
                45.6802728
              ],
              [
                9.1570459,
                45.6802503
              ],
              [
                9.1570602,
                45.6802188
              ],
              [
                9.1570746,
                45.6801962
              ],
              [
                9.157097,
                45.6801647
              ],
              [
                9.157137,
                45.6801332
              ],
              [
                9.1571819,
                45.6800971
              ],
              [
                9.1572411,
                45.680052
              ],
              [
                9.1573212,
                45.6799754
              ],
              [
                9.1574188,
                45.6798762
              ],
              [
                9.1574765,
                45.6798357
              ],
              [
                9.1575229,
                45.6798041
              ],
              [
                9.1575822,
                45.679768
              ],
              [
                9.1577602,
                45.6797138
              ],
              [
                9.1578228,
                45.6797002
              ],
              [
                9.1578821,
                45.6796866
              ],
              [
                9.1579318,
                45.6796685
              ],
              [
                9.1579687,
                45.6796415
              ],
              [
                9.1580247,
                45.6795874
              ],
              [
                9.1580855,
                45.6795243
              ],
              [
                9.1581399,
                45.6794792
              ],
              [
                9.158212,
                45.6794296
              ],
              [
                9.1584413,
                45.6793258
              ],
              [
                9.1585263,
                45.6792986
              ],
              [
                9.1586225,
                45.679276
              ],
              [
                9.1588791,
                45.6792216
              ],
              [
                9.1589834,
                45.6791945
              ],
              [
                9.1590652,
                45.6791764
              ],
              [
                9.1591149,
                45.6791583
              ],
              [
                9.1591486,
                45.6791403
              ],
              [
                9.1591646,
                45.6791312
              ],
              [
                9.1591854,
                45.6791132
              ],
              [
                9.1592078,
                45.6790907
              ],
              [
                9.1592158,
                45.6790637
              ],
              [
                9.1592173,
                45.6790412
              ],
              [
                9.1592076,
                45.6790142
              ],
              [
                9.1591834,
                45.6789692
              ],
              [
                9.1591769,
                45.6789467
              ],
              [
                9.1591816,
                45.6789107
              ],
              [
                9.1592056,
                45.6788747
              ],
              [
                9.1592584,
                45.6788251
              ],
              [
                9.1592984,
                45.6787845
              ],
              [
                9.1593497,
                45.6787439
              ],
              [
                9.1593833,
                45.6787079
              ],
              [
                9.1594105,
                45.6786718
              ],
              [
                9.1594472,
                45.6786088
              ],
              [
                9.1595092,
                45.6784152
              ],
              [
                9.1595268,
                45.6783747
              ],
              [
                9.1595299,
                45.6783611
              ],
              [
                9.1595411,
                45.6783341
              ],
              [
                9.1595507,
                45.6783116
              ],
              [
                9.1595683,
                45.6782936
              ],
              [
                9.159618,
                45.6782755
              ],
              [
                9.1596725,
                45.6782754
              ],
              [
                9.1596854,
                45.6782799
              ],
              [
                9.1597047,
                45.6782934
              ],
              [
                9.1597176,
                45.6783069
              ],
              [
                9.1597305,
                45.6783249
              ],
              [
                9.1597401,
                45.6783429
              ],
              [
                9.1597611,
                45.6783563
              ],
              [
                9.159798,
                45.6783653
              ],
              [
                9.1598397,
                45.6783652
              ],
              [
                9.1598702,
                45.6783562
              ],
              [
                9.1599055,
                45.6783471
              ],
              [
                9.1599552,
                45.6783335
              ],
              [
                9.1600274,
                45.6783244
              ],
              [
                9.1601477,
                45.6783153
              ],
              [
                9.1602569,
                45.6783151
              ],
              [
                9.1602954,
                45.6783106
              ],
              [
                9.1603355,
                45.6783015
              ],
              [
                9.1603483,
                45.678297
              ],
              [
                9.1603643,
                45.6782835
              ],
              [
                9.1603819,
                45.6782654
              ],
              [
                9.1603931,
                45.6782339
              ],
              [
                9.1603898,
                45.6781934
              ],
              [
                9.1603752,
                45.6781574
              ],
              [
                9.1603559,
                45.6781305
              ],
              [
                9.1603108,
                45.6780945
              ],
              [
                9.1602706,
                45.6780631
              ],
              [
                9.1602417,
                45.6780406
              ],
              [
                9.1602095,
                45.6780227
              ],
              [
                9.1601741,
                45.6780002
              ],
              [
                9.1601323,
                45.6779778
              ],
              [
                9.160113,
                45.6779643
              ],
              [
                9.1600841,
                45.6779418
              ],
              [
                9.1600776,
                45.6779373
              ],
              [
                9.160068,
                45.6779239
              ],
              [
                9.1600519,
                45.6779059
              ],
              [
                9.1600438,
                45.6778834
              ],
              [
                9.1600309,
                45.6778564
              ],
              [
                9.1600292,
                45.6778249
              ],
              [
                9.1600291,
                45.6777934
              ],
              [
                9.1600402,
                45.6777574
              ],
              [
                9.1600546,
                45.6777394
              ],
              [
                9.1600738,
                45.6777258
              ],
              [
                9.1600963,
                45.6777213
              ],
              [
                9.1601268,
                45.6777212
              ],
              [
                9.1601621,
                45.6777257
              ],
              [
                9.1602568,
                45.6777256
              ],
              [
                9.1603065,
                45.677721
              ],
              [
                9.1603226,
                45.677721
              ],
              [
                9.1603387,
                45.6777299
              ],
              [
                9.160358,
                45.6777479
              ],
              [
                9.160366,
                45.6777569
              ],
              [
                9.1604047,
                45.6777929
              ],
              [
                9.1604207,
                45.6778018
              ],
              [
                9.1604336,
                45.6778198
              ],
              [
                9.1604497,
                45.6778288
              ],
              [
                9.160485,
                45.6778378
              ],
              [
                9.1605075,
                45.6778422
              ],
              [
                9.1605701,
                45.6778421
              ],
              [
                9.1606904,
                45.6778195
              ],
              [
                9.1608732,
                45.6777607
              ],
              [
                9.1609678,
                45.6777246
              ],
              [
                9.1610175,
                45.6776975
              ],
              [
                9.1610736,
                45.6776659
              ],
              [
                9.1611248,
                45.6776253
              ],
              [
                9.1611376,
                45.6776163
              ],
              [
                9.1611552,
                45.6776028
              ],
              [
                9.1611681,
                45.6775938
              ],
              [
                9.1611841,
                45.6775757
              ],
              [
                9.1611905,
                45.6775667
              ],
              [
                9.1611968,
                45.6775532
              ],
              [
                9.1612064,
                45.6775307
              ],
              [
                9.1612128,
                45.6775082
              ],
              [
                9.1612159,
                45.6774947
              ],
              [
                9.1612159,
                45.6774722
              ],
              [
                9.1612174,
                45.6774542
              ],
              [
                9.1612109,
                45.6774272
              ],
              [
                9.1612028,
                45.6773957
              ],
              [
                9.1611543,
                45.6772787
              ],
              [
                9.1611156,
                45.6772248
              ],
              [
                9.161077,
                45.6771889
              ],
              [
                9.1610625,
                45.6771799
              ],
              [
                9.1610529,
                45.6771664
              ],
              [
                9.160953,
                45.6770315
              ],
              [
                9.1609239,
                45.6769731
              ],
              [
                9.1609012,
                45.6769056
              ],
              [
                9.1608898,
                45.6768336
              ],
              [
                9.1608945,
                45.6767841
              ],
              [
                9.1609152,
                45.67673
              ],
              [
                9.1609664,
                45.6766625
              ],
              [
                9.1610256,
                45.6766264
              ],
              [
                9.1611218,
                45.6765857
              ],
              [
                9.1612148,
                45.6765541
              ],
              [
                9.1613399,
                45.6765179
              ],
              [
                9.1614506,
                45.6764908
              ],
              [
                9.1615372,
                45.6764681
              ],
              [
                9.1616446,
                45.676441
              ],
              [
                9.1617072,
                45.6764229
              ],
              [
                9.1617472,
                45.6764093
              ],
              [
                9.1618194,
                45.6763822
              ],
              [
                9.1618594,
                45.6763597
              ],
              [
                9.1618867,
                45.6763371
              ],
              [
                9.1619106,
                45.6762966
              ],
              [
                9.1619313,
                45.676229
              ],
              [
                9.1620155,
                45.6759184
              ],
              [
                9.1620473,
                45.6758418
              ],
              [
                9.1620616,
                45.6757923
              ],
              [
                9.1620759,
                45.6757473
              ],
              [
                9.1620982,
                45.6756708
              ],
              [
                9.1621157,
                45.6756212
              ],
              [
                9.1621268,
                45.6755762
              ],
              [
                9.1621137,
                45.6754862
              ],
              [
                9.1620815,
                45.6754458
              ],
              [
                9.162059,
                45.6754278
              ],
              [
                9.16203,
                45.6753963
              ],
              [
                9.1620091,
                45.6753784
              ],
              [
                9.1619865,
                45.6753469
              ],
              [
                9.1619736,
                45.6753199
              ],
              [
                9.1619751,
                45.6752974
              ],
              [
                9.1619831,
                45.6752659
              ],
              [
                9.1620087,
                45.6752388
              ],
              [
                9.162076,
                45.6752028
              ],
              [
                9.1621289,
                45.6751892
              ],
              [
                9.1622042,
                45.6751666
              ],
              [
                9.1623037,
                45.6751304
              ],
              [
                9.1623598,
                45.6751078
              ],
              [
                9.162467,
                45.6749997
              ],
              [
                9.1624813,
                45.6749456
              ],
              [
                9.1624764,
                45.6749142
              ],
              [
                9.1624377,
                45.6748602
              ],
              [
                9.1623895,
                45.6748378
              ],
              [
                9.1623316,
                45.6748153
              ],
              [
                9.1622834,
                45.6747929
              ],
              [
                9.162248,
                45.674766
              ],
              [
                9.1622094,
                45.6747345
              ],
              [
                9.162182,
                45.6746806
              ],
              [
                9.1621638,
                45.6745096
              ],
              [
                9.1621828,
                45.674415
              ],
              [
                9.1622225,
                45.6742845
              ],
              [
                9.1622463,
                45.6742324
              ],
              [
                9.1623374,
                45.6740278
              ],
              [
                9.1623964,
                45.6739017
              ],
              [
                9.1624522,
                45.6737981
              ],
              [
                9.1624586,
                45.6737801
              ],
              [
                9.1624922,
                45.6737395
              ],
              [
                9.1635255,
                45.6731215
              ],
              [
                9.1638108,
                45.6729681
              ],
              [
                9.1643093,
                45.6727738
              ],
              [
                9.164359,
                45.6727512
              ],
              [
                9.1644247,
                45.6727241
              ],
              [
                9.1644856,
                45.672697
              ],
              [
                9.1645609,
                45.6726564
              ],
              [
                9.164641,
                45.6726113
              ],
              [
                9.1646939,
                45.6725797
              ],
              [
                9.1647644,
                45.6725391
              ],
              [
                9.1648237,
                45.672503
              ],
              [
                9.1648797,
                45.672467
              ],
              [
                9.1649294,
                45.6724264
              ],
              [
                9.1650575,
                45.6723362
              ],
              [
                9.1652415,
                45.6721469
              ],
              [
                9.1656196,
                45.6719528
              ],
              [
                9.165348,
                45.6717665
              ],
              [
                9.1653382,
                45.6717597
              ],
              [
                9.1658122,
                45.671517
              ],
              [
                9.1679292,
                45.6704328
              ],
              [
                9.1685922,
                45.6701405
              ],
              [
                9.1682827,
                45.6697977
              ],
              [
                9.1686917,
                45.6695966
              ],
              [
                9.1694056,
                45.6692776
              ],
              [
                9.1690703,
                45.6689703
              ],
              [
                9.1691286,
                45.6689345
              ],
              [
                9.1691843,
                45.6688873
              ],
              [
                9.1695354,
                45.6686695
              ],
              [
                9.1700381,
                45.6683577
              ],
              [
                9.1704396,
                45.6681086
              ],
              [
                9.1698699,
                45.667623
              ],
              [
                9.170154,
                45.6674607
              ],
              [
                9.1703472,
                45.6675953
              ],
              [
                9.1711958,
                45.668296
              ],
              [
                9.1712367,
                45.6683171
              ],
              [
                9.1712672,
                45.6683216
              ],
              [
                9.1712864,
                45.6683216
              ],
              [
                9.1713217,
                45.668317
              ],
              [
                9.1713746,
                45.6683079
              ],
              [
                9.171434,
                45.6682898
              ],
              [
                9.1726004,
                45.667703
              ],
              [
                9.1727191,
                45.6676713
              ],
              [
                9.1728505,
                45.6676261
              ],
              [
                9.1730685,
                45.6675448
              ],
              [
                9.1734915,
                45.6673461
              ],
              [
                9.1737982,
                45.6679127
              ],
              [
                9.1769587,
                45.6671517
              ],
              [
                9.1774079,
                45.6666065
              ],
              [
                9.1777818,
                45.6660973
              ],
              [
                9.1783643,
                45.6651063
              ],
              [
                9.1782909,
                45.6642424
              ],
              [
                9.1791644,
                45.6639125
              ],
              [
                9.1795511,
                45.6636709
              ],
              [
                9.181214,
                45.6634446
              ],
              [
                9.1811813,
                45.6629132
              ],
              [
                9.1816687,
                45.6629377
              ],
              [
                9.1816891,
                45.6626303
              ],
              [
                9.1816923,
                45.6626168
              ],
              [
                9.1817387,
                45.6625852
              ],
              [
                9.1818638,
                45.6625625
              ],
              [
                9.1833416,
                45.6625736
              ],
              [
                9.1834427,
                45.6625735
              ],
              [
                9.1834572,
                45.662569
              ],
              [
                9.1836047,
                45.6625507
              ],
              [
                9.1846713,
                45.662423
              ],
              [
                9.1869307,
                45.6619872
              ],
              [
                9.1869916,
                45.6619947
              ],
              [
                9.1869482,
                45.6625337
              ],
              [
                9.1870892,
                45.6626897
              ],
              [
                9.187059,
                45.6629195
              ],
              [
                9.1870335,
                45.6631142
              ],
              [
                9.1869846,
                45.6634867
              ],
              [
                9.1869643,
                45.6636408
              ],
              [
                9.1869164,
                45.6640059
              ],
              [
                9.1869003,
                45.6641282
              ],
              [
                9.1868843,
                45.6642506
              ],
              [
                9.186859,
                45.6644426
              ],
              [
                9.1868414,
                45.6645771
              ],
              [
                9.1867024,
                45.6656355
              ],
              [
                9.1896005,
                45.6656629
              ],
              [
                9.1898822,
                45.6656676
              ],
              [
                9.1906876,
                45.665682
              ],
              [
                9.1904815,
                45.667039
              ],
              [
                9.190771,
                45.667216
              ],
              [
                9.1910974,
                45.6672833
              ],
              [
                9.1911694,
                45.667297
              ],
              [
                9.1912345,
                45.6673082
              ],
              [
                9.1912875,
                45.6673159
              ],
              [
                9.1913444,
                45.6673235
              ],
              [
                9.1913987,
                45.6673293
              ],
              [
                9.191457,
                45.6673351
              ],
              [
                9.1915009,
                45.6673379
              ],
              [
                9.1915774,
                45.6673417
              ],
              [
                9.191661,
                45.6673448
              ],
              [
                9.1917377,
                45.6673472
              ],
              [
                9.1918184,
                45.6673486
              ],
              [
                9.1918919,
                45.667349
              ],
              [
                9.1919693,
                45.6673485
              ],
              [
                9.1926582,
                45.6673396
              ],
              [
                9.1928616,
                45.6673385
              ],
              [
                9.1929541,
                45.6673388
              ],
              [
                9.1930373,
                45.66734
              ],
              [
                9.1931198,
                45.6673425
              ],
              [
                9.1931982,
                45.6673461
              ],
              [
                9.1932747,
                45.6673506
              ],
              [
                9.1933472,
                45.667356
              ],
              [
                9.1934234,
                45.6673635
              ],
              [
                9.193514,
                45.6673735
              ],
              [
                9.1941062,
                45.6674445
              ],
              [
                9.1941706,
                45.6674533
              ],
              [
                9.1942289,
                45.667463
              ],
              [
                9.1942721,
                45.6674726
              ],
              [
                9.1943112,
                45.6674834
              ],
              [
                9.1943477,
                45.6674952
              ],
              [
                9.1943786,
                45.6675075
              ],
              [
                9.1944068,
                45.6675206
              ],
              [
                9.194434,
                45.6675359
              ],
              [
                9.1944577,
                45.667551
              ],
              [
                9.1941898,
                45.6686607
              ],
              [
                9.1940604,
                45.6690646
              ],
              [
                9.1939954,
                45.6694373
              ],
              [
                9.1939685,
                45.6696786
              ],
              [
                9.1939685,
                45.6697138
              ],
              [
                9.1940041,
                45.6697636
              ],
              [
                9.1940687,
                45.6701079
              ],
              [
                9.1940025,
                45.6701828
              ],
              [
                9.1939326,
                45.670266
              ],
              [
                9.1938905,
                45.6703232
              ],
              [
                9.1938767,
                45.670346
              ],
              [
                9.1938629,
                45.6703717
              ],
              [
                9.1938395,
                45.670422
              ],
              [
                9.1935224,
                45.6711439
              ],
              [
                9.1934243,
                45.671409
              ],
              [
                9.1932372,
                45.6719149
              ],
              [
                9.1932135,
                45.6719827
              ],
              [
                9.1931911,
                45.6720513
              ],
              [
                9.1931774,
                45.6720987
              ],
              [
                9.193165,
                45.672147
              ],
              [
                9.1930567,
                45.6726169
              ],
              [
                9.1930303,
                45.6727315
              ],
              [
                9.1929992,
                45.6728666
              ],
              [
                9.1928411,
                45.6734559
              ],
              [
                9.1926556,
                45.6741469
              ],
              [
                9.1926413,
                45.6742003
              ],
              [
                9.1925927,
                45.6743814
              ],
              [
                9.1924212,
                45.6751505
              ],
              [
                9.1924031,
                45.6752295
              ],
              [
                9.1922474,
                45.6759066
              ],
              [
                9.1922326,
                45.6760097
              ],
              [
                9.1922212,
                45.6769073
              ],
              [
                9.1920112,
                45.6778011
              ],
              [
                9.1918983,
                45.6783106
              ],
              [
                9.19233,
                45.678557
              ],
              [
                9.1935036,
                45.6792104
              ],
              [
                9.194225,
                45.6796251
              ],
              [
                9.1945392,
                45.6797997
              ],
              [
                9.1957195,
                45.6804735
              ],
              [
                9.1949966,
                45.6807583
              ],
              [
                9.1950659,
                45.6808392
              ],
              [
                9.1955077,
                45.68141
              ],
              [
                9.19406,
                45.681903
              ],
              [
                9.1939799,
                45.6819392
              ],
              [
                9.1939014,
                45.6819798
              ],
              [
                9.1938341,
                45.6820159
              ],
              [
                9.1937812,
                45.6820475
              ],
              [
                9.1935587,
                45.6822144
              ],
              [
                9.1935315,
                45.6822324
              ],
              [
                9.1934978,
                45.6822505
              ],
              [
                9.1934706,
                45.6822686
              ],
              [
                9.193445,
                45.6822866
              ],
              [
                9.193352,
                45.6823318
              ],
              [
                9.1932222,
                45.682395
              ],
              [
                9.1931661,
                45.6824176
              ],
              [
                9.1920502,
                45.682775
              ],
              [
                9.192485,
                45.6831973
              ],
              [
                9.1926823,
                45.6831475
              ],
              [
                9.1932798,
                45.6841951
              ],
              [
                9.1937363,
                45.6843788
              ],
              [
                9.1938103,
                45.6844147
              ],
              [
                9.1938553,
                45.6844416
              ],
              [
                9.1939036,
                45.6844685
              ],
              [
                9.1939486,
                45.6844954
              ],
              [
                9.1939969,
                45.6845224
              ],
              [
                9.1940886,
                45.6845897
              ],
              [
                9.1941433,
                45.6846301
              ],
              [
                9.1941723,
                45.6846526
              ],
              [
                9.1941981,
                45.684684
              ],
              [
                9.1946126,
                45.6852414
              ],
              [
                9.1944619,
                45.6853001
              ],
              [
                9.1946341,
                45.6854168
              ],
              [
                9.1946727,
                45.6854483
              ],
              [
                9.1947435,
                45.6855067
              ],
              [
                9.1947741,
                45.6855336
              ],
              [
                9.1957914,
                45.6867785
              ],
              [
                9.1958462,
                45.6868279
              ],
              [
                9.195925,
                45.6868952
              ],
              [
                9.1959733,
                45.6869357
              ],
              [
                9.1960571,
                45.6870075
              ],
              [
                9.1960974,
                45.687048
              ],
              [
                9.1961907,
                45.6871288
              ],
              [
                9.1962826,
                45.6872186
              ],
              [
                9.1963212,
                45.6872546
              ],
              [
                9.1984523,
                45.6897531
              ],
              [
                9.1975924,
                45.6903621
              ],
              [
                9.1970925,
                45.6906375
              ],
              [
                9.1970364,
                45.6906736
              ],
              [
                9.1969435,
                45.6907368
              ],
              [
                9.1968634,
                45.6907955
              ],
              [
                9.1968106,
                45.6908405
              ],
              [
                9.196777,
                45.6908676
              ],
              [
                9.1967338,
                45.6909127
              ],
              [
                9.1966781,
                45.6910433
              ],
              [
                9.1971428,
                45.691704
              ],
              [
                9.196553,
                45.6919751
              ],
              [
                9.1970576,
                45.6925863
              ],
              [
                9.1956659,
                45.6931062
              ],
              [
                9.1957016,
                45.6932052
              ],
              [
                9.1961189,
                45.6936365
              ],
              [
                9.1946585,
                45.6942691
              ],
              [
                9.1950277,
                45.6947095
              ],
              [
                9.1944682,
                45.6949354
              ],
              [
                9.1948697,
                45.6954208
              ],
              [
                9.1961297,
                45.6948831
              ],
              [
                9.1965467,
                45.6947518
              ],
              [
                9.1969383,
                45.6947152
              ],
              [
                9.1965981,
                45.6956698
              ],
              [
                9.1965818,
                45.695735
              ],
              [
                9.1965633,
                45.6958094
              ],
              [
                9.1963567,
                45.6964263
              ],
              [
                9.1962244,
                45.696812
              ],
              [
                9.1961867,
                45.6969217
              ],
              [
                9.1960115,
                45.6972974
              ],
              [
                9.1959094,
                45.6975162
              ],
              [
                9.1958424,
                45.6976468
              ],
              [
                9.1957148,
                45.6978811
              ],
              [
                9.1956302,
                45.6980207
              ],
              [
                9.1953841,
                45.6983587
              ],
              [
                9.1956298,
                45.6983762
              ],
              [
                9.1957985,
                45.6983895
              ],
              [
                9.1975561,
                45.6996015
              ],
              [
                9.1971519,
                45.6998308
              ],
              [
                9.1975365,
                45.7001373
              ],
              [
                9.1984275,
                45.7008376
              ],
              [
                9.1977963,
                45.7012482
              ],
              [
                9.1978963,
                45.7013561
              ],
              [
                9.198518,
                45.701913
              ],
              [
                9.1978594,
                45.7022922
              ],
              [
                9.1987145,
                45.7029703
              ],
              [
                9.1992527,
                45.7025868
              ],
              [
                9.200779,
                45.7037227
              ],
              [
                9.1989952,
                45.7046709
              ],
              [
                9.1993894,
                45.7050172
              ],
              [
                9.1997378,
                45.7053267
              ],
              [
                9.2011268,
                45.7044286
              ],
              [
                9.2016565,
                45.7047871
              ],
              [
                9.2025594,
                45.7053982
              ],
              [
                9.2011689,
                45.7072053
              ],
              [
                9.201251,
                45.7072591
              ],
              [
                9.2013427,
                45.707322
              ],
              [
                9.2013927,
                45.7073804
              ],
              [
                9.2014765,
                45.7074433
              ],
              [
                9.2015618,
                45.7075016
              ],
              [
                9.2016342,
                45.707551
              ],
              [
                9.2017067,
                45.7075959
              ],
              [
                9.2017823,
                45.7076497
              ],
              [
                9.2018322,
                45.7076766
              ],
              [
                9.2018982,
                45.707708
              ],
              [
                9.2019464,
                45.707726
              ],
              [
                9.2020847,
                45.7077707
              ],
              [
                9.2021635,
                45.7078021
              ],
              [
                9.2022551,
                45.7078379
              ],
              [
                9.20235,
                45.7078827
              ],
              [
                9.2024289,
                45.7079186
              ],
              [
                9.2025077,
                45.70795
              ],
              [
                9.2026009,
                45.7079858
              ],
              [
                9.2026862,
                45.7080172
              ],
              [
                9.2027682,
                45.708044
              ],
              [
                9.2028437,
                45.7080709
              ],
              [
                9.2029161,
                45.7080932
              ],
              [
                9.2029772,
                45.7081156
              ],
              [
                9.2030109,
                45.7081246
              ],
              [
                9.2030865,
                45.7081469
              ],
              [
                9.2032071,
                45.7081917
              ],
              [
                9.2033824,
                45.7082724
              ],
              [
                9.2038032,
                45.7078396
              ],
              [
                9.2045638,
                45.7081308
              ],
              [
                9.2041357,
                45.7087481
              ],
              [
                9.2052139,
                45.7089037
              ],
              [
                9.2063996,
                45.7090635
              ],
              [
                9.206024,
                45.7104143
              ],
              [
                9.2080439,
                45.7107437
              ],
              [
                9.2077591,
                45.7114687
              ],
              [
                9.2084098,
                45.7115396
              ],
              [
                9.208426,
                45.7115392
              ],
              [
                9.2102347,
                45.7117609
              ],
              [
                9.2107267,
                45.7118188
              ],
              [
                9.2104281,
                45.7124122
              ],
              [
                9.2117625,
                45.7126807
              ],
              [
                9.2129061,
                45.7118372
              ],
              [
                9.2142349,
                45.7120012
              ],
              [
                9.2144027,
                45.7113798
              ],
              [
                9.2147331,
                45.7112816
              ],
              [
                9.2148294,
                45.711253
              ],
              [
                9.2153796,
                45.711099
              ],
              [
                9.2163844,
                45.7113671
              ],
              [
                9.2158653,
                45.7116831
              ],
              [
                9.2152815,
                45.7123097
              ],
              [
                9.2157307,
                45.7134115
              ],
              [
                9.2156674,
                45.7136681
              ],
              [
                9.2153118,
                45.7147444
              ],
              [
                9.215215,
                45.7150416
              ],
              [
                9.2162486,
                45.7152646
              ],
              [
                9.2173819,
                45.715537
              ],
              [
                9.2170083,
                45.7160958
              ],
              [
                9.2165743,
                45.7172622
              ],
              [
                9.2181338,
                45.7172277
              ],
              [
                9.2183567,
                45.7163227
              ],
              [
                9.2180833,
                45.7162287
              ],
              [
                9.218271,
                45.7153598
              ],
              [
                9.2203107,
                45.7153468
              ],
              [
                9.2205853,
                45.7161519
              ],
              [
                9.2211862,
                45.7162182
              ],
              [
                9.2213916,
                45.7157497
              ],
              [
                9.2216429,
                45.7151462
              ],
              [
                9.2226045,
                45.7154413
              ],
              [
                9.2233418,
                45.7150529
              ],
              [
                9.2234643,
                45.7151786
              ],
              [
                9.2235627,
                45.7152864
              ],
              [
                9.2237596,
                45.7155246
              ],
              [
                9.2238712,
                45.7157134
              ],
              [
                9.2238812,
                45.7157944
              ],
              [
                9.2238624,
                45.7159114
              ],
              [
                9.2238161,
                45.7159925
              ],
              [
                9.2237395,
                45.7160962
              ],
              [
                9.2235571,
                45.716272
              ],
              [
                9.2233346,
                45.716475
              ],
              [
                9.2248646,
                45.7167015
              ],
              [
                9.2255406,
                45.7178522
              ],
              [
                9.2272222,
                45.7166743
              ],
              [
                9.228738,
                45.7165632
              ],
              [
                9.2288517,
                45.716878
              ],
              [
                9.2293638,
                45.7172235
              ],
              [
                9.2298364,
                45.7173215
              ],
              [
                9.2300812,
                45.7174696
              ],
              [
                9.230307,
                45.7176896
              ],
              [
                9.2309492,
                45.7176433
              ],
              [
                9.2309599,
                45.7178863
              ],
              [
                9.2308707,
                45.718062
              ],
              [
                9.2309882,
                45.7181428
              ],
              [
                9.231279,
                45.7181557
              ],
              [
                9.2316908,
                45.7179253
              ],
              [
                9.2322425,
                45.7181087
              ],
              [
                9.2320979,
                45.718487
              ],
              [
                9.2321504,
                45.7186177
              ],
              [
                9.2321528,
                45.7189369
              ],
              [
                9.2324953,
                45.7190218
              ],
              [
                9.2323417,
                45.7195666
              ],
              [
                9.2327422,
                45.7196918
              ],
              [
                9.2325937,
                45.7198946
              ],
              [
                9.2325573,
                45.7200297
              ],
              [
                9.2324765,
                45.7203044
              ],
              [
                9.2324564,
                45.720876
              ],
              [
                9.2324768,
                45.721137
              ],
              [
                9.2321285,
                45.7215922
              ],
              [
                9.2315544,
                45.7214224
              ],
              [
                9.2315538,
                45.7212964
              ],
              [
                9.2311923,
                45.7212701
              ],
              [
                9.231018,
                45.7214595
              ],
              [
                9.2302148,
                45.7214296
              ],
              [
                9.2298749,
                45.7215788
              ],
              [
                9.2295246,
                45.721548
              ],
              [
                9.2294961,
                45.7216606
              ],
              [
                9.2293259,
                45.7216609
              ],
              [
                9.2294328,
                45.7218857
              ],
              [
                9.2296741,
                45.7219752
              ],
              [
                9.2296671,
                45.7222273
              ],
              [
                9.2299085,
                45.7223393
              ],
              [
                9.2299016,
                45.7225958
              ],
              [
                9.230072,
                45.722627
              ],
              [
                9.23113,
                45.7225168
              ],
              [
                9.2312638,
                45.7226111
              ],
              [
                9.2319605,
                45.7225196
              ],
              [
                9.2324145,
                45.7223747
              ],
              [
                9.2326996,
                45.7221941
              ],
              [
                9.2329107,
                45.7219641
              ],
              [
                9.2331006,
                45.7220403
              ],
              [
                9.2332357,
                45.7220895
              ],
              [
                9.2333725,
                45.7221522
              ],
              [
                9.2334997,
                45.7222284
              ],
              [
                9.2335885,
                45.7223453
              ],
              [
                9.2336211,
                45.7224487
              ],
              [
                9.2336295,
                45.7225297
              ],
              [
                9.2336027,
                45.7226468
              ],
              [
                9.233574,
                45.7227008
              ],
              [
                9.2335084,
                45.7227775
              ],
              [
                9.2334173,
                45.7228767
              ],
              [
                9.2333198,
                45.7229849
              ],
              [
                9.233275,
                45.72303
              ],
              [
                9.233235,
                45.7230796
              ],
              [
                9.2331968,
                45.7231696
              ],
              [
                9.2331506,
                45.7232552
              ],
              [
                9.2330692,
                45.7233634
              ],
              [
                9.2329924,
                45.7234581
              ],
              [
                9.2329335,
                45.7235797
              ],
              [
                9.2328874,
                45.7236968
              ],
              [
                9.232843,
                45.7238184
              ],
              [
                9.2328177,
                45.7239265
              ],
              [
                9.2327846,
                45.7240706
              ],
              [
                9.2327912,
                45.7241156
              ],
              [
                9.2328108,
                45.724192
              ],
              [
                9.2328576,
                45.7242594
              ],
              [
                9.2329157,
                45.7243223
              ],
              [
                9.2330155,
                45.7243716
              ],
              [
                9.2331232,
                45.7243894
              ],
              [
                9.2332309,
                45.7243892
              ],
              [
                9.2333642,
                45.7243844
              ],
              [
                9.2334814,
                45.7243707
              ],
              [
                9.2336097,
                45.7243209
              ],
              [
                9.2337074,
                45.7242667
              ],
              [
                9.2338149,
                45.7242304
              ],
              [
                9.2339353,
                45.7242077
              ],
              [
                9.2340396,
                45.7241805
              ],
              [
                9.2341841,
                45.7241667
              ],
              [
                9.2342548,
                45.7241665
              ],
              [
                9.2343078,
                45.7241709
              ],
              [
                9.2343996,
                45.7242247
              ],
              [
                9.2344354,
                45.7243417
              ],
              [
                9.2344357,
                45.7244092
              ],
              [
                9.2344393,
                45.7244902
              ],
              [
                9.2344492,
                45.7245577
              ],
              [
                9.2344865,
                45.7246476
              ],
              [
                9.2345416,
                45.7247555
              ],
              [
                9.2345886,
                45.7248679
              ],
              [
                9.2346245,
                45.7249848
              ],
              [
                9.2346379,
                45.7251153
              ],
              [
                9.2346481,
                45.7252503
              ],
              [
                9.2346743,
                45.7253673
              ],
              [
                9.2347244,
                45.7254527
              ],
              [
                9.2347763,
                45.7255651
              ],
              [
                9.2348265,
                45.7256685
              ],
              [
                9.2349023,
                45.7257358
              ],
              [
                9.2349602,
                45.7257537
              ],
              [
                9.2350229,
                45.7257581
              ],
              [
                9.2350758,
                45.7257445
              ],
              [
                9.2351175,
                45.7257129
              ],
              [
                9.235199,
                45.7256137
              ],
              [
                9.2352468,
                45.7255371
              ],
              [
                9.235325,
                45.7254064
              ],
              [
                9.2353744,
                45.7253163
              ],
              [
                9.2354321,
                45.7252847
              ],
              [
                9.2354979,
                45.7252665
              ],
              [
                9.2355766,
                45.7252574
              ],
              [
                9.2356714,
                45.7252662
              ],
              [
                9.235763,
                45.725275
              ],
              [
                9.2359221,
                45.7252882
              ],
              [
                9.2360732,
                45.7253238
              ],
              [
                9.2362035,
                45.7253551
              ],
              [
                9.2363193,
                45.7253953
              ],
              [
                9.2364272,
                45.7254581
              ],
              [
                9.2365384,
                45.7255344
              ],
              [
                9.2365997,
                45.7256018
              ],
              [
                9.2366466,
                45.7256827
              ],
              [
                9.236692,
                45.7257726
              ],
              [
                9.2367229,
                45.725858
              ],
              [
                9.2367488,
                45.7259255
              ],
              [
                9.2368184,
                45.7260289
              ],
              [
                9.2368764,
                45.7260827
              ],
              [
                9.236981,
                45.726132
              ],
              [
                9.237145,
                45.7261632
              ],
              [
                9.2373155,
                45.7262033
              ],
              [
                9.2374651,
                45.726248
              ],
              [
                9.237547,
                45.7262613
              ],
              [
                9.2376388,
                45.7263062
              ],
              [
                9.237684,
                45.7263646
              ],
              [
                9.2376891,
                45.7264276
              ],
              [
                9.2376781,
                45.7264771
              ],
              [
                9.2376463,
                45.7265537
              ],
              [
                9.2376079,
                45.7265942
              ],
              [
                9.237539,
                45.7266304
              ],
              [
                9.2374732,
                45.7266575
              ],
              [
                9.2373721,
                45.7266847
              ],
              [
                9.2373063,
                45.7266939
              ],
              [
                9.2371955,
                45.7267031
              ],
              [
                9.2370655,
                45.7267169
              ],
              [
                9.2369579,
                45.7267306
              ],
              [
                9.2368407,
                45.7267489
              ],
              [
                9.2366931,
                45.7267942
              ],
              [
                9.2366018,
                45.7268484
              ],
              [
                9.236269,
                45.7271731
              ],
              [
                9.2362242,
                45.7272137
              ],
              [
                9.2361714,
                45.7272588
              ],
              [
                9.236088,
                45.7272905
              ],
              [
                9.2360286,
                45.7272951
              ],
              [
                9.2359209,
                45.7272908
              ],
              [
                9.2358164,
                45.7272775
              ],
              [
                9.2357215,
                45.7272507
              ],
              [
                9.2356748,
                45.7272238
              ],
              [
                9.2355702,
                45.72717
              ],
              [
                9.235427,
                45.7271163
              ],
              [
                9.2352405,
                45.7270717
              ],
              [
                9.235099,
                45.727054
              ],
              [
                9.235022,
                45.7270677
              ],
              [
                9.2349306,
                45.7271039
              ],
              [
                9.2348585,
                45.7271625
              ],
              [
                9.2347801,
                45.7272347
              ],
              [
                9.2347145,
                45.7272888
              ],
              [
                9.2346233,
                45.7273835
              ],
              [
                9.2345225,
                45.7274827
              ],
              [
                9.2344409,
                45.7275594
              ],
              [
                9.2343738,
                45.7276496
              ],
              [
                9.2343467,
                45.7277081
              ],
              [
                9.2343533,
                45.7277441
              ],
              [
                9.2343903,
                45.727753
              ],
              [
                9.2344385,
                45.7277484
              ],
              [
                9.2345364,
                45.7277302
              ],
              [
                9.2346503,
                45.7276985
              ],
              [
                9.2347948,
                45.7276712
              ],
              [
                9.234949,
                45.7276664
              ],
              [
                9.2351112,
                45.727657
              ],
              [
                9.2352718,
                45.7276522
              ],
              [
                9.2354227,
                45.7276114
              ],
              [
                9.2355783,
                45.7275661
              ],
              [
                9.2357453,
                45.7275612
              ],
              [
                9.2358916,
                45.7275699
              ],
              [
                9.2361053,
                45.7275785
              ],
              [
                9.2362708,
                45.7275916
              ],
              [
                9.2363753,
                45.7276274
              ],
              [
                9.2364577,
                45.7277172
              ],
              [
                9.2364852,
                45.7277667
              ],
              [
                9.2365241,
                45.7278611
              ],
              [
                9.2365469,
                45.7279331
              ],
              [
                9.2365569,
                45.7280231
              ],
              [
                9.2365349,
                45.7281221
              ],
              [
                9.2364886,
                45.7282032
              ],
              [
                9.2364566,
                45.7282303
              ],
              [
                9.2363491,
                45.728262
              ],
              [
                9.2367293,
                45.7285222
              ],
              [
                9.2374055,
                45.7281113
              ],
              [
                9.2383049,
                45.7280464
              ],
              [
                9.238194,
                45.7276686
              ],
              [
                9.2392697,
                45.7275268
              ],
              [
                9.2395104,
                45.7282104
              ],
              [
                9.2405214,
                45.7279607
              ],
              [
                9.2406449,
                45.7279109
              ],
              [
                9.2409086,
                45.7283604
              ],
              [
                9.2409043,
                45.7284774
              ],
              [
                9.2410226,
                45.7286385
              ],
              [
                9.2410627,
                45.7286931
              ],
              [
                9.2414853,
                45.7290747
              ],
              [
                9.2428311,
                45.7289953
              ],
              [
                9.2434161,
                45.7297727
              ],
              [
                9.2431883,
                45.7298631
              ],
              [
                9.2431391,
                45.7298766
              ],
              [
                9.2429236,
                45.7299357
              ],
              [
                9.242715,
                45.7299947
              ],
              [
                9.2422977,
                45.7300901
              ],
              [
                9.2427889,
                45.7307281
              ],
              [
                9.2438191,
                45.7304603
              ],
              [
                9.2439419,
                45.7315472
              ],
              [
                9.2441216,
                45.7331374
              ],
              [
                9.2436122,
                45.733125
              ],
              [
                9.2436472,
                45.7333949
              ],
              [
                9.2437641,
                45.7336962
              ],
              [
                9.2435129,
                45.7339218
              ],
              [
                9.2437401,
                45.7344388
              ],
              [
                9.2441417,
                45.735167
              ],
              [
                9.2452132,
                45.7355022
              ],
              [
                9.2448741,
                45.7358315
              ],
              [
                9.2437627,
                45.7355684
              ],
              [
                9.2432429,
                45.735376
              ],
              [
                9.2416059,
                45.7346819
              ],
              [
                9.2414467,
                45.7350243
              ],
              [
                9.2415257,
                45.7350736
              ],
              [
                9.2415612,
                45.735114
              ],
              [
                9.2415677,
                45.7351365
              ],
              [
                9.2415809,
                45.7352085
              ],
              [
                9.2415715,
                45.735267
              ],
              [
                9.2415493,
                45.7353346
              ],
              [
                9.2415334,
                45.7353616
              ],
              [
                9.2415063,
                45.7354157
              ],
              [
                9.241468,
                45.7354833
              ],
              [
                9.2414153,
                45.7355599
              ],
              [
                9.2413867,
                45.7356185
              ],
              [
                9.2413612,
                45.7356725
              ],
              [
                9.2413712,
                45.7357535
              ],
              [
                9.2413843,
                45.735821
              ],
              [
                9.2413975,
                45.7358929
              ],
              [
                9.2414332,
                45.7359784
              ],
              [
                9.2414575,
                45.7360278
              ],
              [
                9.2414932,
                45.7360953
              ],
              [
                9.2415385,
                45.7361762
              ],
              [
                9.2415726,
                45.7362571
              ],
              [
                9.2416212,
                45.736347
              ],
              [
                9.2416342,
                45.7363875
              ],
              [
                9.2416649,
                45.7364369
              ],
              [
                9.2417392,
                45.7365088
              ],
              [
                9.2418116,
                45.7365401
              ],
              [
                9.2419193,
                45.7365624
              ],
              [
                9.242011,
                45.7365847
              ],
              [
                9.2420994,
                45.7365845
              ],
              [
                9.2421781,
                45.7365708
              ],
              [
                9.2422535,
                45.7365482
              ],
              [
                9.2423209,
                45.73653
              ],
              [
                9.2423802,
                45.7364939
              ],
              [
                9.2424218,
                45.7364578
              ],
              [
                9.2424393,
                45.7364128
              ],
              [
                9.2424423,
                45.7363813
              ],
              [
                9.2424325,
                45.7363273
              ],
              [
                9.2423986,
                45.7362913
              ],
              [
                9.2423372,
                45.7362285
              ],
              [
                9.2422743,
                45.7361656
              ],
              [
                9.2422388,
                45.7361297
              ],
              [
                9.2421919,
                45.7360668
              ],
              [
                9.2421498,
                45.7359949
              ],
              [
                9.2421368,
                45.7359499
              ],
              [
                9.2421397,
                45.7358869
              ],
              [
                9.2421556,
                45.7358418
              ],
              [
                9.2421748,
                45.7358193
              ],
              [
                9.2422824,
                45.7358146
              ],
              [
                9.2423644,
                45.7358189
              ],
              [
                9.2424914,
                45.7358456
              ],
              [
                9.2425896,
                45.7358814
              ],
              [
                9.2426942,
                45.7359307
              ],
              [
                9.2427699,
                45.735971
              ],
              [
                9.2428488,
                45.7360069
              ],
              [
                9.2429438,
                45.7360517
              ],
              [
                9.2430387,
                45.736074
              ],
              [
                9.2431303,
                45.7360783
              ],
              [
                9.2432669,
                45.736096
              ],
              [
                9.243386,
                45.7361407
              ],
              [
                9.2434375,
                45.7361496
              ],
              [
                9.2435323,
                45.7361584
              ],
              [
                9.2436143,
                45.7361627
              ],
              [
                9.2437316,
                45.7361805
              ],
              [
                9.2438233,
                45.7361938
              ],
              [
                9.2439053,
                45.7362161
              ],
              [
                9.2440196,
                45.7362744
              ],
              [
                9.2441178,
                45.7363192
              ],
              [
                9.2442531,
                45.7363864
              ],
              [
                9.2443335,
                45.7364132
              ],
              [
                9.2444221,
                45.736449
              ],
              [
                9.2444914,
                45.7364984
              ],
              [
                9.2445302,
                45.7365703
              ],
              [
                9.244545,
                45.7366287
              ],
              [
                9.2445437,
                45.7367143
              ],
              [
                9.2445279,
                45.7367728
              ],
              [
                9.2444963,
                45.7368809
              ],
              [
                9.2444807,
                45.7369889
              ],
              [
                9.2444843,
                45.7370789
              ],
              [
                9.2444912,
                45.7371824
              ],
              [
                9.2445269,
                45.7372723
              ],
              [
                9.2445964,
                45.7373622
              ],
              [
                9.2446544,
                45.7374071
              ],
              [
                9.2447463,
                45.7374744
              ],
              [
                9.2448816,
                45.7375506
              ],
              [
                9.2450315,
                45.7376538
              ],
              [
                9.2451636,
                45.737748
              ],
              [
                9.2452507,
                45.7378108
              ],
              [
                9.2453042,
                45.7379232
              ],
              [
                9.2453011,
                45.7379592
              ],
              [
                9.2451749,
                45.7381125
              ],
              [
                9.2450345,
                45.7383513
              ],
              [
                9.2450042,
                45.7383964
              ],
              [
                9.2449724,
                45.738464
              ],
              [
                9.2449585,
                45.7385945
              ],
              [
                9.2449781,
                45.738671
              ],
              [
                9.2450202,
                45.7387519
              ],
              [
                9.2450561,
                45.7388598
              ],
              [
                9.2450758,
                45.7389543
              ],
              [
                9.2450827,
                45.7390668
              ],
              [
                9.2450717,
                45.7391388
              ],
              [
                9.2450818,
                45.7392423
              ],
              [
                9.245079,
                45.7393188
              ],
              [
                9.2450714,
                45.7394358
              ],
              [
                9.2450607,
                45.7395439
              ],
              [
                9.2450514,
                45.7396339
              ],
              [
                9.2450486,
                45.7397329
              ],
              [
                9.2450741,
                45.7400434
              ],
              [
                9.2451033,
                45.7401063
              ],
              [
                9.2451453,
                45.7401647
              ],
              [
                9.2451809,
                45.7402006
              ],
              [
                9.245263,
                45.74025
              ],
              [
                9.2453371,
                45.7402948
              ],
              [
                9.2454289,
                45.7403396
              ],
              [
                9.2455303,
                45.7403844
              ],
              [
                9.245635,
                45.7404247
              ],
              [
                9.2457524,
                45.7404694
              ],
              [
                9.2458828,
                45.7405142
              ],
              [
                9.2460196,
                45.7405589
              ],
              [
                9.2461708,
                45.7406035
              ],
              [
                9.2463768,
                45.7406661
              ],
              [
                9.2464845,
                45.7406794
              ],
              [
                9.2465922,
                45.7406881
              ],
              [
                9.2467128,
                45.7407239
              ],
              [
                9.2467645,
                45.7407733
              ],
              [
                9.2467647,
                45.7408183
              ],
              [
                9.246728,
                45.7408903
              ],
              [
                9.246696,
                45.7409174
              ],
              [
                9.2466366,
                45.740931
              ],
              [
                9.2465788,
                45.7409357
              ],
              [
                9.2464711,
                45.7409269
              ],
              [
                9.2463796,
                45.7409361
              ],
              [
                9.2462446,
                45.7409454
              ],
              [
                9.2461466,
                45.7409456
              ],
              [
                9.2460133,
                45.7409684
              ],
              [
                9.2459058,
                45.7410046
              ],
              [
                9.2458272,
                45.7410228
              ],
              [
                9.2457213,
                45.7410635
              ],
              [
                9.2456396,
                45.7411222
              ],
              [
                9.2455948,
                45.7411628
              ],
              [
                9.2455581,
                45.7412169
              ],
              [
                9.2455183,
                45.7413025
              ],
              [
                9.2454897,
                45.7413746
              ],
              [
                9.2454691,
                45.7414466
              ],
              [
                9.2454759,
                45.7415276
              ],
              [
                9.2455085,
                45.741631
              ],
              [
                9.2455474,
                45.7416985
              ],
              [
                9.2455893,
                45.7417344
              ],
              [
                9.2456392,
                45.7417568
              ],
              [
                9.2457004,
                45.7417791
              ],
              [
                9.2458933,
                45.7418012
              ],
              [
                9.2459688,
                45.7418011
              ],
              [
                9.2461488,
                45.7418052
              ],
              [
                9.2462082,
                45.741796
              ],
              [
                9.2463062,
                45.7417868
              ],
              [
                9.2463479,
                45.7417822
              ],
              [
                9.246414,
                45.7418316
              ],
              [
                9.2464367,
                45.7418585
              ],
              [
                9.2464256,
                45.7418991
              ],
              [
                9.2464001,
                45.7419576
              ],
              [
                9.2463843,
                45.7420072
              ],
              [
                9.2463701,
                45.7420747
              ],
              [
                9.2463639,
                45.7421152
              ],
              [
                9.2463273,
                45.7422053
              ],
              [
                9.2462987,
                45.7422684
              ],
              [
                9.2462813,
                45.7423404
              ],
              [
                9.2462976,
                45.7423944
              ],
              [
                9.2463669,
                45.7424302
              ],
              [
                9.2464376,
                45.7424391
              ],
              [
                9.2465099,
                45.7424389
              ],
              [
                9.2465886,
                45.7424253
              ],
              [
                9.2466544,
                45.7424026
              ],
              [
                9.2467201,
                45.742371
              ],
              [
                9.2467843,
                45.7423393
              ],
              [
                9.2468499,
                45.7422852
              ],
              [
                9.2469156,
                45.74224
              ],
              [
                9.2469749,
                45.7422039
              ],
              [
                9.247031,
                45.7421858
              ],
              [
                9.2471113,
                45.7421676
              ],
              [
                9.2471707,
                45.7421585
              ],
              [
                9.2472623,
                45.7421583
              ],
              [
                9.2473573,
                45.7421986
              ],
              [
                9.2473895,
                45.7422255
              ],
              [
                9.2474009,
                45.7422435
              ],
              [
                9.2474219,
                45.7422794
              ],
              [
                9.2474349,
                45.7423199
              ],
              [
                9.2474449,
                45.7423919
              ],
              [
                9.2474453,
                45.7424774
              ],
              [
                9.2474344,
                45.7425629
              ],
              [
                9.2474515,
                45.7427834
              ],
              [
                9.2474532,
                45.7428149
              ],
              [
                9.2474695,
                45.7428689
              ],
              [
                9.2475036,
                45.7429363
              ],
              [
                9.2475457,
                45.7430172
              ],
              [
                9.247562,
                45.7430712
              ],
              [
                9.2475543,
                45.7431387
              ],
              [
                9.2475417,
                45.7431972
              ],
              [
                9.2475082,
                45.7432648
              ],
              [
                9.2474892,
                45.7433234
              ],
              [
                9.2474751,
                45.7434089
              ],
              [
                9.2474626,
                45.7434809
              ],
              [
                9.2474662,
                45.7435799
              ],
              [
                9.2474682,
                45.7436564
              ],
              [
                9.2474814,
                45.7437284
              ],
              [
                9.2475639,
                45.7438587
              ],
              [
                9.2476381,
                45.7439351
              ],
              [
                9.2477203,
                45.7439799
              ],
              [
                9.2478088,
                45.7440157
              ],
              [
                9.2478892,
                45.7440245
              ],
              [
                9.2479841,
                45.7440468
              ],
              [
                9.2480823,
                45.7440736
              ],
              [
                9.2482062,
                45.7441094
              ],
              [
                9.2483397,
                45.7441451
              ],
              [
                9.2485923,
                45.7442165
              ],
              [
                9.2486342,
                45.7442344
              ],
              [
                9.2486905,
                45.7442613
              ],
              [
                9.2487357,
                45.7443017
              ],
              [
                9.2487777,
                45.7443511
              ],
              [
                9.2488197,
                45.744405
              ],
              [
                9.2488472,
                45.744441
              ],
              [
                9.2488893,
                45.7445129
              ],
              [
                9.2489378,
                45.7445848
              ],
              [
                9.2489927,
                45.7446477
              ],
              [
                9.2490717,
                45.744706
              ],
              [
                9.24912,
                45.7447284
              ],
              [
                9.249244,
                45.7447776
              ],
              [
                9.2493809,
                45.7448448
              ],
              [
                9.2494824,
                45.7448986
              ],
              [
                9.2495773,
                45.7449344
              ],
              [
                9.2497109,
                45.7449746
              ],
              [
                9.2500216,
                45.7450954
              ],
              [
                9.2501358,
                45.7451222
              ],
              [
                9.2502307,
                45.745149
              ],
              [
                9.2503609,
                45.7451667
              ],
              [
                9.250459,
                45.745171
              ],
              [
                9.2505972,
                45.7451707
              ],
              [
                9.2507466,
                45.7451658
              ],
              [
                9.2509137,
                45.7451565
              ],
              [
                9.2510711,
                45.7451471
              ],
              [
                9.2512334,
                45.7451468
              ],
              [
                9.2513491,
                45.745133
              ],
              [
                9.2514373,
                45.7451058
              ],
              [
                9.2515417,
                45.7450876
              ],
              [
                9.2516622,
                45.7450873
              ],
              [
                9.2517346,
                45.7451141
              ],
              [
                9.251783,
                45.7451455
              ],
              [
                9.251796,
                45.745177
              ],
              [
                9.2518318,
                45.7452849
              ],
              [
                9.2518483,
                45.7453659
              ],
              [
                9.2518681,
                45.7454874
              ],
              [
                9.2518799,
                45.7456179
              ],
              [
                9.2518773,
                45.7457349
              ],
              [
                9.2518697,
                45.7458339
              ],
              [
                9.2518267,
                45.7459195
              ],
              [
                9.2517658,
                45.7459736
              ],
              [
                9.2516631,
                45.7460054
              ],
              [
                9.2516181,
                45.7459875
              ],
              [
                9.2514845,
                45.7459473
              ],
              [
                9.2513671,
                45.7459205
              ],
              [
                9.2512256,
                45.7458983
              ],
              [
                9.2511275,
                45.745885
              ],
              [
                9.2509973,
                45.7458808
              ],
              [
                9.2508864,
                45.7458766
              ],
              [
                9.2507595,
                45.7458859
              ],
              [
                9.250647,
                45.7458951
              ],
              [
                9.2505362,
                45.7459089
              ],
              [
                9.2504383,
                45.7459406
              ],
              [
                9.2503598,
                45.7459767
              ],
              [
                9.2503214,
                45.7460263
              ],
              [
                9.2502944,
                45.7460984
              ],
              [
                9.2502915,
                45.7461614
              ],
              [
                9.2503015,
                45.7462334
              ],
              [
                9.250313,
                45.7462919
              ],
              [
                9.2503406,
                45.7463503
              ],
              [
                9.2503795,
                45.7464312
              ],
              [
                9.2504669,
                45.7465841
              ],
              [
                9.2505284,
                45.7466604
              ],
              [
                9.2505816,
                45.7467188
              ],
              [
                9.2507252,
                45.7468445
              ],
              [
                9.2508026,
                45.7468983
              ],
              [
                9.2510669,
                45.7470598
              ],
              [
                9.2512134,
                45.7471314
              ],
              [
                9.2513213,
                45.7471762
              ],
              [
                9.2514357,
                45.74723
              ],
              [
                9.2515274,
                45.7472613
              ],
              [
                9.2515966,
                45.7472881
              ],
              [
                9.2516321,
                45.7473105
              ],
              [
                9.2517339,
                45.7474363
              ],
              [
                9.2515952,
                45.7476796
              ],
              [
                9.2515042,
                45.7478194
              ],
              [
                9.2512612,
                45.7480899
              ],
              [
                9.2512324,
                45.748126
              ],
              [
                9.2511669,
                45.7482116
              ],
              [
                9.2511333,
                45.7482477
              ],
              [
                9.2510855,
                45.7483288
              ],
              [
                9.2510424,
                45.7484009
              ],
              [
                9.2510058,
                45.7484955
              ],
              [
                9.2509471,
                45.7486577
              ],
              [
                9.2509313,
                45.7487117
              ],
              [
                9.2509108,
                45.7487972
              ],
              [
                9.2508902,
                45.7488738
              ],
              [
                9.2508488,
                45.7489594
              ],
              [
                9.2508122,
                45.7490405
              ],
              [
                9.2507661,
                45.7491351
              ],
              [
                9.250723,
                45.7492072
              ],
              [
                9.2506558,
                45.7492658
              ],
              [
                9.2505933,
                45.7493065
              ],
              [
                9.2505213,
                45.7493786
              ],
              [
                9.2504492,
                45.7494328
              ],
              [
                9.2504092,
                45.7494689
              ],
              [
                9.2503741,
                45.7495275
              ],
              [
                9.2503663,
                45.749577
              ],
              [
                9.2503794,
                45.7496265
              ],
              [
                9.2504085,
                45.7496714
              ],
              [
                9.2504617,
                45.7496983
              ],
              [
                9.2505228,
                45.7497117
              ],
              [
                9.250608,
                45.749716
              ],
              [
                9.2506963,
                45.7496933
              ],
              [
                9.2507716,
                45.7496571
              ],
              [
                9.2508406,
                45.7496255
              ],
              [
                9.2509288,
                45.7495938
              ],
              [
                9.2510043,
                45.7495711
              ],
              [
                9.2510572,
                45.7495575
              ],
              [
                9.2512034,
                45.7495346
              ],
              [
                9.2512756,
                45.749521
              ],
              [
                9.2515633,
                45.7495249
              ],
              [
                9.2517851,
                45.7495244
              ],
              [
                9.2519265,
                45.749533
              ],
              [
                9.25206,
                45.7495372
              ],
              [
                9.2522626,
                45.7495638
              ],
              [
                9.2523896,
                45.749577
              ],
              [
                9.2525375,
                45.7495857
              ],
              [
                9.2526838,
                45.7495989
              ],
              [
                9.2528671,
                45.7496254
              ],
              [
                9.252962,
                45.7496342
              ],
              [
                9.2533831,
                45.7496558
              ],
              [
                9.2535101,
                45.74966
              ],
              [
                9.2536387,
                45.7496642
              ],
              [
                9.2537431,
                45.7496685
              ],
              [
                9.2538605,
                45.7496682
              ],
              [
                9.2539842,
                45.749677
              ],
              [
                9.2540759,
                45.7496903
              ],
              [
                9.254129,
                45.7496991
              ],
              [
                9.2541934,
                45.7497215
              ],
              [
                9.2542787,
                45.7497483
              ],
              [
                9.2543736,
                45.7497796
              ],
              [
                9.2544413,
                45.7498244
              ],
              [
                9.2545138,
                45.7498648
              ],
              [
                9.2545848,
                45.7499321
              ],
              [
                9.2546511,
                45.750013
              ],
              [
                9.2546964,
                45.7500894
              ],
              [
                9.2547192,
                45.7501478
              ],
              [
                9.2547356,
                45.7502153
              ],
              [
                9.2547486,
                45.7502468
              ],
              [
                9.2547712,
                45.7502737
              ],
              [
                9.2549242,
                45.7503499
              ],
              [
                9.2551338,
                45.7504799
              ],
              [
                9.2552997,
                45.7505786
              ],
              [
                9.2554044,
                45.7506143
              ],
              [
                9.2555508,
                45.7506545
              ],
              [
                9.2556199,
                45.7506588
              ],
              [
                9.2557115,
                45.7506541
              ],
              [
                9.2557998,
                45.7506269
              ],
              [
                9.2560453,
                45.7505589
              ],
              [
                9.2562382,
                45.7505629
              ],
              [
                9.2562865,
                45.7505853
              ],
              [
                9.2563558,
                45.7506212
              ],
              [
                9.2564266,
                45.7506525
              ],
              [
                9.2565475,
                45.7507153
              ],
              [
                9.2567961,
                45.7509577
              ],
              [
                9.2568576,
                45.7510566
              ],
              [
                9.2568965,
                45.751124
              ],
              [
                9.2569531,
                45.7511959
              ],
              [
                9.2569984,
                45.7512633
              ],
              [
                9.2570469,
                45.7513307
              ],
              [
                9.2570988,
                45.7514296
              ],
              [
                9.2572141,
                45.7516813
              ],
              [
                9.2572401,
                45.7517623
              ],
              [
                9.2572324,
                45.7518163
              ],
              [
                9.2572069,
                45.7518793
              ],
              [
                9.2571734,
                45.7519289
              ],
              [
                9.2571239,
                45.751992
              ],
              [
                9.2570599,
                45.7520507
              ],
              [
                9.2569879,
                45.7521274
              ],
              [
                9.2569511,
                45.7521724
              ],
              [
                9.2568856,
                45.7522536
              ],
              [
                9.2567751,
                45.7523304
              ],
              [
                9.2567222,
                45.7523665
              ],
              [
                9.2566213,
                45.7524387
              ],
              [
                9.2565316,
                45.7525019
              ],
              [
                9.2564371,
                45.7525831
              ],
              [
                9.2563781,
                45.7526688
              ],
              [
                9.2563416,
                45.7527724
              ],
              [
                9.2563227,
                45.7528624
              ],
              [
                9.2562511,
                45.7530201
              ],
              [
                9.2561856,
                45.7531057
              ],
              [
                9.2561071,
                45.7531554
              ],
              [
                9.2559194,
                45.7532189
              ],
              [
                9.2550373,
                45.7532704
              ],
              [
                9.2548158,
                45.7533339
              ],
              [
                9.2547808,
                45.7534284
              ],
              [
                9.2547813,
                45.7535319
              ],
              [
                9.2548251,
                45.7536264
              ],
              [
                9.254962,
                45.7536845
              ],
              [
                9.255747,
                45.7538268
              ],
              [
                9.2557488,
                45.7538853
              ],
              [
                9.2557525,
                45.7539888
              ],
              [
                9.2557691,
                45.7540878
              ],
              [
                9.2557807,
                45.7541822
              ],
              [
                9.2558036,
                45.7542497
              ],
              [
                9.2558633,
                45.7543171
              ],
              [
                9.2559937,
                45.7543618
              ],
              [
                9.2561177,
                45.754402
              ],
              [
                9.2562351,
                45.7544242
              ],
              [
                9.256396,
                45.7544599
              ],
              [
                9.2565457,
                45.754509
              ],
              [
                9.256713,
                45.7545492
              ],
              [
                9.2568257,
                45.7545939
              ],
              [
                9.2568837,
                45.7546298
              ],
              [
                9.2569773,
                45.7547061
              ],
              [
                9.2570823,
                45.7548138
              ],
              [
                9.2571343,
                45.7549487
              ],
              [
                9.2571573,
                45.7550432
              ],
              [
                9.2571385,
                45.7551467
              ],
              [
                9.2570078,
                45.7553945
              ],
              [
                9.2569552,
                45.7554847
              ],
              [
                9.2568997,
                45.7556423
              ],
              [
                9.2568872,
                45.7557368
              ],
              [
                9.25687,
                45.7558314
              ],
              [
                9.2568545,
                45.7559439
              ],
              [
                9.2568275,
                45.756034
              ],
              [
                9.2567877,
                45.7561106
              ],
              [
                9.2566965,
                45.7562008
              ],
              [
                9.2565589,
                45.7563271
              ],
              [
                9.2563861,
                45.7564985
              ],
              [
                9.2562214,
                45.7566924
              ],
              [
                9.2561895,
                45.7567465
              ],
              [
                9.2561271,
                45.7567961
              ],
              [
                9.2560581,
                45.7568278
              ],
              [
                9.2559635,
                45.7568685
              ],
              [
                9.2558944,
                45.7568867
              ],
              [
                9.2557707,
                45.756896
              ],
              [
                9.2556791,
                45.7568917
              ],
              [
                9.2556196,
                45.7568828
              ],
              [
                9.2554989,
                45.7568606
              ],
              [
                9.2553655,
                45.7568429
              ],
              [
                9.2552546,
                45.7568521
              ],
              [
                9.2552081,
                45.7568702
              ],
              [
                9.255152,
                45.7569109
              ],
              [
                9.2551232,
                45.7569514
              ],
              [
                9.2550673,
                45.7570281
              ],
              [
                9.2549859,
                45.7571452
              ],
              [
                9.2549171,
                45.7572219
              ],
              [
                9.2548549,
                45.7573121
              ],
              [
                9.2547958,
                45.7573977
              ],
              [
                9.2546902,
                45.7575059
              ],
              [
                9.2545493,
                45.7576188
              ],
              [
                9.2544324,
                45.757709
              ],
              [
                9.2543315,
                45.7577858
              ],
              [
                9.2542321,
                45.757849
              ],
              [
                9.2541406,
                45.7578807
              ],
              [
                9.2539898,
                45.757935
              ],
              [
                9.2537715,
                45.7579985
              ],
              [
                9.2535418,
                45.7580395
              ],
              [
                9.2527213,
                45.7582214
              ],
              [
                9.252633,
                45.7582396
              ],
              [
                9.2524998,
                45.7582939
              ],
              [
                9.2524117,
                45.7583391
              ],
              [
                9.2522613,
                45.7584969
              ],
              [
                9.2520474,
                45.7588349
              ],
              [
                9.2519964,
                45.7589161
              ],
              [
                9.2519885,
                45.7589656
              ],
              [
                9.2520797,
                45.7592129
              ],
              [
                9.252101,
                45.7593029
              ],
              [
                9.2520725,
                45.7593974
              ],
              [
                9.2519747,
                45.7594607
              ],
              [
                9.251864,
                45.7595059
              ],
              [
                9.251779,
                45.7595376
              ],
              [
                9.2516907,
                45.7595693
              ],
              [
                9.2515656,
                45.7596236
              ],
              [
                9.2514276,
                45.7596689
              ],
              [
                9.2512815,
                45.7597232
              ],
              [
                9.2509448,
                45.759895
              ],
              [
                9.2509079,
                45.7599131
              ],
              [
                9.2508261,
                45.7599627
              ],
              [
                9.250738,
                45.7600169
              ],
              [
                9.2506755,
                45.7600666
              ],
              [
                9.2505971,
                45.7601433
              ],
              [
                9.2504659,
                45.7602741
              ],
              [
                9.2504307,
                45.7603236
              ],
              [
                9.2504198,
                45.7603867
              ],
              [
                9.2504232,
                45.7604452
              ],
              [
                9.2504364,
                45.7605126
              ],
              [
                9.2504495,
                45.7605711
              ],
              [
                9.2504724,
                45.7606611
              ],
              [
                9.2504792,
                45.7607286
              ],
              [
                9.250478,
                45.7608321
              ],
              [
                9.2504751,
                45.7609041
              ],
              [
                9.2504708,
                45.7610166
              ],
              [
                9.250455,
                45.7610706
              ],
              [
                9.2504296,
                45.7611382
              ],
              [
                9.2503865,
                45.7612193
              ],
              [
                9.2503802,
                45.7612328
              ],
              [
                9.250176,
                45.7612243
              ],
              [
                9.250041,
                45.7612246
              ],
              [
                9.2499992,
                45.7612202
              ],
              [
                9.2499493,
                45.7612158
              ],
              [
                9.2498577,
                45.761216
              ],
              [
                9.24938,
                45.761154
              ],
              [
                9.2486276,
                45.7611242
              ],
              [
                9.2486353,
                45.7613942
              ],
              [
                9.2486371,
                45.7614392
              ],
              [
                9.2486404,
                45.7614707
              ],
              [
                9.2486454,
                45.7615067
              ],
              [
                9.2486553,
                45.7615516
              ],
              [
                9.2486603,
                45.7616101
              ],
              [
                9.2486606,
                45.7616686
              ],
              [
                9.2486657,
                45.7617361
              ],
              [
                9.248666,
                45.7617901
              ],
              [
                9.2486614,
                45.7618531
              ],
              [
                9.2486584,
                45.7619027
              ],
              [
                9.2486538,
                45.7619387
              ],
              [
                9.2486443,
                45.7619837
              ],
              [
                9.2486284,
                45.7620242
              ],
              [
                9.2486157,
                45.7620468
              ],
              [
                9.2485982,
                45.7620873
              ],
              [
                9.248579,
                45.7621098
              ],
              [
                9.248563,
                45.7621369
              ],
              [
                9.248547,
                45.7621549
              ],
              [
                9.2485151,
                45.7621955
              ],
              [
                9.2484927,
                45.762227
              ],
              [
                9.2484704,
                45.7622676
              ],
              [
                9.2484545,
                45.7623036
              ],
              [
                9.2484386,
                45.7623442
              ],
              [
                9.2484275,
                45.7623802
              ],
              [
                9.2484084,
                45.7624207
              ],
              [
                9.2483957,
                45.7624568
              ],
              [
                9.2483574,
                45.7625289
              ],
              [
                9.2483382,
                45.7625514
              ],
              [
                9.2483062,
                45.7625785
              ],
              [
                9.2482838,
                45.7625965
              ],
              [
                9.2482678,
                45.7626101
              ],
              [
                9.248199,
                45.7626487
              ],
              [
                9.2481379,
                45.7627047
              ],
              [
                9.2480585,
                45.7627434
              ],
              [
                9.2475519,
                45.7624901
              ],
              [
                9.247292,
                45.7622297
              ],
              [
                9.2472081,
                45.7621578
              ],
              [
                9.2471258,
                45.762086
              ],
              [
                9.2470612,
                45.7620277
              ],
              [
                9.2469983,
                45.7619873
              ],
              [
                9.2468678,
                45.7619066
              ],
              [
                9.2467985,
                45.7618707
              ],
              [
                9.2467566,
                45.7618528
              ],
              [
                9.2466584,
                45.761808
              ],
              [
                9.2465643,
                45.7619657
              ],
              [
                9.2465291,
                45.7620153
              ],
              [
                9.2465147,
                45.7620378
              ],
              [
                9.2464971,
                45.7620559
              ],
              [
                9.2464796,
                45.7620829
              ],
              [
                9.2464668,
                45.7620965
              ],
              [
                9.2464444,
                45.7621235
              ],
              [
                9.2464284,
                45.7621415
              ],
              [
                9.246406,
                45.7621686
              ],
              [
                9.2463772,
                45.7622047
              ],
              [
                9.2463549,
                45.7622362
              ],
              [
                9.2463037,
                45.7622993
              ],
              [
                9.2461951,
                45.7624526
              ],
              [
                9.2461664,
                45.7624976
              ],
              [
                9.2461408,
                45.7625382
              ],
              [
                9.2461169,
                45.7625923
              ],
              [
                9.2460787,
                45.7626643
              ],
              [
                9.24605,
                45.7627274
              ],
              [
                9.2460245,
                45.762777
              ],
              [
                9.2459975,
                45.76284
              ],
              [
                9.2459656,
                45.7629076
              ],
              [
                9.2459433,
                45.7629527
              ],
              [
                9.2459178,
                45.7630022
              ],
              [
                9.2458971,
                45.7630428
              ],
              [
                9.2458716,
                45.7630968
              ],
              [
                9.2458493,
                45.7631419
              ],
              [
                9.2458302,
                45.7631779
              ],
              [
                9.2458175,
                45.7632094
              ],
              [
                9.2458015,
                45.763241
              ],
              [
                9.2457744,
                45.7632815
              ],
              [
                9.2457552,
                45.7633086
              ],
              [
                9.245605,
                45.7634979
              ],
              [
                9.2459654,
                45.7635872
              ],
              [
                9.2455013,
                45.7644072
              ],
              [
                9.2449799,
                45.7642868
              ],
              [
                9.2448137,
                45.7648587
              ],
              [
                9.245478,
                45.7649698
              ],
              [
                9.2459766,
                45.7650272
              ],
              [
                9.2460974,
                45.7650675
              ],
              [
                9.2461956,
                45.7650988
              ],
              [
                9.246252,
                45.7651481
              ],
              [
                9.246262,
                45.7652111
              ],
              [
                9.2462333,
                45.7652832
              ],
              [
                9.2461806,
                45.7653508
              ],
              [
                9.2460924,
                45.765405
              ],
              [
                9.2437341,
                45.7664767
              ],
              [
                9.2438776,
                45.7669489
              ],
              [
                9.2449139,
                45.7668944
              ],
              [
                9.2463847,
                45.7668624
              ],
              [
                9.2466818,
                45.7670245
              ],
              [
                9.2470451,
                45.7673492
              ],
              [
                9.2471049,
                45.7674752
              ],
              [
                9.2471245,
                45.7676585
              ],
              [
                9.2470593,
                45.7677389
              ],
              [
                9.2469628,
                45.7677712
              ],
              [
                9.2468691,
                45.7677531
              ],
              [
                9.2465716,
                45.7675061
              ],
              [
                9.2463158,
                45.7674907
              ],
              [
                9.2462006,
                45.7675505
              ],
              [
                9.2459199,
                45.7679301
              ],
              [
                9.2455763,
                45.7681418
              ],
              [
                9.2451326,
                45.7683337
              ],
              [
                9.2448435,
                45.7683
              ],
              [
                9.2447974,
                45.7683341
              ],
              [
                9.2446236,
                45.7685292
              ],
              [
                9.2446613,
                45.7686513
              ],
              [
                9.2446172,
                45.7687887
              ],
              [
                9.2442627,
                45.76901
              ],
              [
                9.2441711,
                45.7691146
              ],
              [
                9.2440576,
                45.7693854
              ],
              [
                9.2440633,
                45.7696071
              ],
              [
                9.2439939,
                45.7699016
              ],
              [
                9.2439473,
                45.7700298
              ],
              [
                9.2437685,
                45.7702526
              ],
              [
                9.24415,
                45.7704441
              ],
              [
                9.244815,
                45.7705158
              ],
              [
                9.2449896,
                45.7703064
              ],
              [
                9.2451608,
                45.7701806
              ],
              [
                9.2454143,
                45.770086
              ],
              [
                9.2456189,
                45.7698948
              ],
              [
                9.2461221,
                45.7696821
              ],
              [
                9.2463138,
                45.7699717
              ],
              [
                9.2460606,
                45.7701316
              ],
              [
                9.2463077,
                45.7702852
              ],
              [
                9.2464497,
                45.7703084
              ],
              [
                9.2469337,
                45.7701978
              ],
              [
                9.2473288,
                45.7700376
              ],
              [
                9.247473,
                45.770565
              ],
              [
                9.247754,
                45.7707682
              ],
              [
                9.2479191,
                45.7709455
              ],
              [
                9.2479671,
                45.7711097
              ],
              [
                9.2486033,
                45.7710043
              ],
              [
                9.2486092,
                45.7714053
              ],
              [
                9.2491518,
                45.7716602
              ],
              [
                9.2494059,
                45.7716962
              ],
              [
                9.2497731,
                45.7719566
              ],
              [
                9.2493277,
                45.7720764
              ],
              [
                9.2490263,
                45.7722481
              ],
              [
                9.2484902,
                45.7724473
              ],
              [
                9.2483761,
                45.7724475
              ],
              [
                9.2479435,
                45.772217
              ],
              [
                9.2476914,
                45.7721869
              ],
              [
                9.2472642,
                45.7722316
              ],
              [
                9.2471206,
                45.7724863
              ],
              [
                9.2470274,
                45.7732245
              ],
              [
                9.2469561,
                45.7734452
              ],
              [
                9.2469063,
                45.7734813
              ],
              [
                9.2465238,
                45.7735091
              ],
              [
                9.2464533,
                45.7735498
              ],
              [
                9.2464233,
                45.7736371
              ],
              [
                9.2469977,
                45.7738025
              ],
              [
                9.2470956,
                45.7738056
              ],
              [
                9.24724,
                45.7737824
              ],
              [
                9.2473862,
                45.7736595
              ],
              [
                9.247526,
                45.7736086
              ],
              [
                9.2476994,
                45.7735919
              ],
              [
                9.2477996,
                45.7736227
              ],
              [
                9.2485021,
                45.7740998
              ],
              [
                9.2488616,
                45.7744176
              ],
              [
                9.2488841,
                45.7744895
              ],
              [
                9.2488823,
                45.7745712
              ],
              [
                9.2486554,
                45.7750487
              ],
              [
                9.2486744,
                45.7753281
              ],
              [
                9.2487838,
                45.7754177
              ],
              [
                9.2491237,
                45.7754436
              ],
              [
                9.2491514,
                45.7754858
              ],
              [
                9.2491306,
                45.7758069
              ],
              [
                9.2496027,
                45.7762128
              ],
              [
                9.2497326,
                45.7764007
              ],
              [
                9.2498888,
                45.776364
              ],
              [
                9.2508485,
                45.7770459
              ],
              [
                9.2512415,
                45.7775265
              ],
              [
                9.2511679,
                45.7786968
              ],
              [
                9.250333,
                45.7789506
              ],
              [
                9.2497472,
                45.7792533
              ],
              [
                9.2497121,
                45.7794824
              ],
              [
                9.2494617,
                45.7801291
              ],
              [
                9.2494429,
                45.7802805
              ],
              [
                9.2496176,
                45.7807566
              ],
              [
                9.2497734,
                45.7813554
              ],
              [
                9.2498053,
                45.781658
              ],
              [
                9.2497594,
                45.7819566
              ],
              [
                9.2496617,
                45.7822111
              ],
              [
                9.2498545,
                45.7824224
              ],
              [
                9.2497068,
                45.7826968
              ],
              [
                9.2494103,
                45.7829908
              ],
              [
                9.2500772,
                45.7829533
              ],
              [
                9.2508525,
                45.7829098
              ],
              [
                9.251208,
                45.7829153
              ],
              [
                9.2512754,
                45.7829482
              ],
              [
                9.2513316,
                45.7827821
              ],
              [
                9.2515051,
                45.7825472
              ],
              [
                9.2516713,
                45.7821786
              ],
              [
                9.2526427,
                45.7822401
              ],
              [
                9.2528546,
                45.7820594
              ],
              [
                9.2530839,
                45.7819568
              ],
              [
                9.2533902,
                45.7822206
              ],
              [
                9.2536575,
                45.7826221
              ],
              [
                9.2539443,
                45.7826387
              ],
              [
                9.2548559,
                45.7826914
              ],
              [
                9.2551274,
                45.7827619
              ],
              [
                9.25544,
                45.7829082
              ],
              [
                9.2561313,
                45.782826
              ],
              [
                9.2562065,
                45.7829729
              ],
              [
                9.2578351,
                45.7832206
              ],
              [
                9.2580984,
                45.7829828
              ],
              [
                9.2577867,
                45.7830262
              ],
              [
                9.2575681,
                45.7826852
              ],
              [
                9.2577235,
                45.7820371
              ],
              [
                9.2582498,
                45.7814809
              ],
              [
                9.2584725,
                45.7815707
              ],
              [
                9.2584517,
                45.7814185
              ],
              [
                9.2584862,
                45.7812812
              ],
              [
                9.2586472,
                45.7809776
              ],
              [
                9.2593168,
                45.78074
              ],
              [
                9.2598984,
                45.780798
              ],
              [
                9.2600154,
                45.7808097
              ],
              [
                9.2604048,
                45.7806839
              ],
              [
                9.260794,
                45.7806486
              ],
              [
                9.2613345,
                45.7805564
              ],
              [
                9.2614717,
                45.780509
              ],
              [
                9.261616,
                45.7806669
              ],
              [
                9.2621253,
                45.7808412
              ],
              [
                9.2623637,
                45.7810588
              ],
              [
                9.2622554,
                45.7810923
              ],
              [
                9.2621671,
                45.781064
              ],
              [
                9.2621811,
                45.7811541
              ],
              [
                9.2621406,
                45.7812016
              ],
              [
                9.2622155,
                45.7812726
              ],
              [
                9.2621892,
                45.7814387
              ],
              [
                9.2621215,
                45.7814673
              ],
              [
                9.2619588,
                45.7814724
              ],
              [
                9.2618641,
                45.7815201
              ],
              [
                9.2617555,
                45.7814918
              ],
              [
                9.2616069,
                45.7816108
              ],
              [
                9.2614779,
                45.7815826
              ],
              [
                9.2613869,
                45.7816077
              ],
              [
                9.2614528,
                45.7817696
              ],
              [
                9.2615409,
                45.7818143
              ],
              [
                9.2617366,
                45.7822467
              ],
              [
                9.2621764,
                45.7822048
              ],
              [
                9.2622081,
                45.7822975
              ],
              [
                9.2629418,
                45.7820906
              ],
              [
                9.263124,
                45.7819099
              ],
              [
                9.2634158,
                45.7819614
              ],
              [
                9.2635203,
                45.7825303
              ],
              [
                9.2620262,
                45.7834729
              ],
              [
                9.2610427,
                45.7837547
              ],
              [
                9.2608311,
                45.7842612
              ],
              [
                9.2618312,
                45.7844848
              ],
              [
                9.2625934,
                45.7846213
              ],
              [
                9.262659,
                45.784633
              ],
              [
                9.2621122,
                45.7857054
              ],
              [
                9.262137,
                45.7857226
              ],
              [
                9.2622415,
                45.7857952
              ],
              [
                9.2626218,
                45.7859224
              ],
              [
                9.2624643,
                45.7863302
              ],
              [
                9.2624476,
                45.7863734
              ],
              [
                9.2627054,
                45.7863917
              ],
              [
                9.262697,
                45.7864139
              ],
              [
                9.262404,
                45.7871893
              ],
              [
                9.2632119,
                45.7873724
              ],
              [
                9.2630847,
                45.7877214
              ],
              [
                9.2628742,
                45.788299
              ],
              [
                9.2626387,
                45.7889453
              ],
              [
                9.2626353,
                45.7889996
              ],
              [
                9.2626071,
                45.7890321
              ],
              [
                9.2618811,
                45.788906
              ],
              [
                9.2617295,
                45.7896435
              ],
              [
                9.2622913,
                45.7897517
              ],
              [
                9.2621179,
                45.7902557
              ],
              [
                9.2614069,
                45.7901266
              ],
              [
                9.2613363,
                45.7903397
              ],
              [
                9.2600555,
                45.7901146
              ],
              [
                9.2600996,
                45.7899898
              ],
              [
                9.2595324,
                45.7899551
              ],
              [
                9.2589565,
                45.7899198
              ],
              [
                9.258923,
                45.7900385
              ],
              [
                9.2586958,
                45.7908434
              ],
              [
                9.2592392,
                45.7910366
              ],
              [
                9.2591461,
                45.7914163
              ],
              [
                9.259043,
                45.7915078
              ],
              [
                9.2563989,
                45.7938553
              ],
              [
                9.2584345,
                45.7937176
              ],
              [
                9.259632,
                45.7941992
              ],
              [
                9.261802,
                45.7953148
              ],
              [
                9.2644319,
                45.7966993
              ],
              [
                9.2662248,
                45.7976176
              ],
              [
                9.2665602,
                45.7977878
              ],
              [
                9.2686276,
                45.7992366
              ],
              [
                9.2704595,
                45.8005238
              ],
              [
                9.2742005,
                45.8040937
              ],
              [
                9.2756962,
                45.8046774
              ],
              [
                9.2799786,
                45.8077326
              ],
              [
                9.2871892,
                45.8092059
              ],
              [
                9.2904449,
                45.809871
              ],
              [
                9.2904587,
                45.8098821
              ],
              [
                9.2905003,
                45.8098664
              ],
              [
                9.2905097,
                45.8098597
              ],
              [
                9.2905196,
                45.8098656
              ],
              [
                9.2911155,
                45.8102785
              ],
              [
                9.2914989,
                45.8105669
              ],
              [
                9.2918794,
                45.8108337
              ],
              [
                9.2921936,
                45.8110683
              ],
              [
                9.2928522,
                45.8115252
              ],
              [
                9.2929735,
                45.8116054
              ],
              [
                9.2933434,
                45.8118688
              ],
              [
                9.2940671,
                45.8129062
              ],
              [
                9.29401,
                45.8136235
              ],
              [
                9.2936746,
                45.814672
              ],
              [
                9.2935948,
                45.8149556
              ],
              [
                9.2931602,
                45.8148018
              ],
              [
                9.2929198,
                45.8147442
              ],
              [
                9.2926232,
                45.8146792
              ],
              [
                9.2926044,
                45.8147232
              ],
              [
                9.2926158,
                45.8147748
              ],
              [
                9.2926081,
                45.814839
              ],
              [
                9.2925859,
                45.8149008
              ],
              [
                9.2924848,
                45.8151189
              ],
              [
                9.2924327,
                45.8152427
              ],
              [
                9.2923649,
                45.8154652
              ],
              [
                9.2923542,
                45.8155359
              ],
              [
                9.2923041,
                45.8157311
              ],
              [
                9.2922855,
                45.8158539
              ],
              [
                9.2922809,
                45.8159511
              ],
              [
                9.2922546,
                45.8160443
              ],
              [
                9.2922296,
                45.8161263
              ],
              [
                9.2921512,
                45.816256
              ],
              [
                9.2919251,
                45.8161006
              ],
              [
                9.2919274,
                45.816079
              ],
              [
                9.2917671,
                45.8159592
              ],
              [
                9.291576,
                45.8158423
              ],
              [
                9.291588,
                45.8158104
              ],
              [
                9.2916469,
                45.8157229
              ],
              [
                9.2911579,
                45.815439
              ],
              [
                9.2910634,
                45.8153892
              ],
              [
                9.2909997,
                45.815345
              ],
              [
                9.2910937,
                45.8152989
              ],
              [
                9.2911774,
                45.8152458
              ],
              [
                9.2909577,
                45.8151461
              ],
              [
                9.2908263,
                45.8150763
              ],
              [
                9.2905522,
                45.815202
              ],
              [
                9.2902416,
                45.8154411
              ],
              [
                9.2901569,
                45.8153273
              ],
              [
                9.2899488,
                45.8151032
              ],
              [
                9.2898976,
                45.8150731
              ],
              [
                9.2898415,
                45.8150625
              ],
              [
                9.2897803,
                45.8150662
              ],
              [
                9.2896505,
                45.8150879
              ],
              [
                9.2894544,
                45.8151276
              ],
              [
                9.2893831,
                45.8151332
              ],
              [
                9.2892811,
                45.8151352
              ],
              [
                9.2891638,
                45.8151266
              ],
              [
                9.2890228,
                45.8151009
              ],
              [
                9.2887297,
                45.8150239
              ],
              [
                9.2886124,
                45.8149978
              ],
              [
                9.2885317,
                45.814988
              ],
              [
                9.2882533,
                45.8149824
              ],
              [
                9.2882415,
                45.815058
              ],
              [
                9.2881737,
                45.8152067
              ],
              [
                9.288072,
                45.815476
              ],
              [
                9.2879366,
                45.8158022
              ],
              [
                9.2878209,
                45.8159606
              ],
              [
                9.287719,
                45.8161526
              ],
              [
                9.288207,
                45.8164831
              ],
              [
                9.2880119,
                45.8166474
              ],
              [
                9.2878348,
                45.8169145
              ],
              [
                9.2877536,
                45.8169988
              ],
              [
                9.2878193,
                45.8170574
              ],
              [
                9.2877326,
                45.8171501
              ],
              [
                9.2876148,
                45.8172567
              ],
              [
                9.2875452,
                45.8172266
              ],
              [
                9.287254,
                45.8171212
              ],
              [
                9.2869671,
                45.8170279
              ],
              [
                9.2868505,
                45.8171252
              ],
              [
                9.2867121,
                45.8172196
              ],
              [
                9.2865074,
                45.8170624
              ],
              [
                9.2861891,
                45.8168377
              ],
              [
                9.2856486,
                45.8168777
              ],
              [
                9.2856486,
                45.8168626
              ],
              [
                9.2855497,
                45.8168542
              ],
              [
                9.2853553,
                45.8168742
              ],
              [
                9.2851052,
                45.8168877
              ],
              [
                9.2850876,
                45.8170626
              ],
              [
                9.2850913,
                45.8171748
              ],
              [
                9.2851027,
                45.817214
              ],
              [
                9.2851414,
                45.8172408
              ],
              [
                9.2853647,
                45.8172942
              ],
              [
                9.2854548,
                45.817306
              ],
              [
                9.2856358,
                45.817354
              ],
              [
                9.2858511,
                45.8175184
              ],
              [
                9.2860104,
                45.8176529
              ],
              [
                9.2861739,
                45.8177484
              ],
              [
                9.2861607,
                45.8178952
              ],
              [
                9.2862043,
                45.8180342
              ],
              [
                9.2862783,
                45.818109
              ],
              [
                9.2864349,
                45.8181921
              ],
              [
                9.2865854,
                45.8182926
              ],
              [
                9.2866142,
                45.8183075
              ],
              [
                9.2866377,
                45.8183284
              ],
              [
                9.2866614,
                45.8183582
              ],
              [
                9.2866907,
                45.8183812
              ],
              [
                9.2867432,
                45.8184085
              ],
              [
                9.2868801,
                45.8184546
              ],
              [
                9.286927,
                45.81853
              ],
              [
                9.2869401,
                45.8186129
              ],
              [
                9.2869067,
                45.8187063
              ],
              [
                9.2868166,
                45.8188311
              ],
              [
                9.2867927,
                45.8188807
              ],
              [
                9.2866554,
                45.8190881
              ],
              [
                9.2865965,
                45.8192232
              ],
              [
                9.2865807,
                45.8192818
              ],
              [
                9.2865195,
                45.8195834
              ],
              [
                9.2864863,
                45.819687
              ],
              [
                9.2864498,
                45.8197861
              ],
              [
                9.2863718,
                45.8199573
              ],
              [
                9.2862682,
                45.8201511
              ],
              [
                9.2862155,
                45.8202232
              ],
              [
                9.2861819,
                45.8202593
              ],
              [
                9.2860617,
                45.8203586
              ],
              [
                9.2860153,
                45.8204082
              ],
              [
                9.2858986,
                45.820548
              ],
              [
                9.285817,
                45.8206382
              ],
              [
                9.2857323,
                45.8207645
              ],
              [
                9.2857117,
                45.8208275
              ],
              [
                9.2857089,
                45.8209085
              ],
              [
                9.2857158,
                45.8209895
              ],
              [
                9.2857165,
                45.8211245
              ],
              [
                9.2857087,
                45.8211785
              ],
              [
                9.2856928,
                45.8212236
              ],
              [
                9.2856661,
                45.8213407
              ],
              [
                9.2856538,
                45.8214532
              ],
              [
                9.2856573,
                45.8215117
              ],
              [
                9.2856805,
                45.8216376
              ],
              [
                9.2856926,
                45.8217951
              ],
              [
                9.2857433,
                45.8219525
              ],
              [
                9.2857499,
                45.8219885
              ],
              [
                9.2857617,
                45.8220875
              ],
              [
                9.2857554,
                45.8221325
              ],
              [
                9.2857171,
                45.8221866
              ],
              [
                9.2855986,
                45.8222949
              ],
              [
                9.2855633,
                45.8223175
              ],
              [
                9.2854785,
                45.8224077
              ],
              [
                9.285445,
                45.8224663
              ],
              [
                9.2854388,
                45.8225113
              ],
              [
                9.2854423,
                45.8225788
              ],
              [
                9.2854588,
                45.8226462
              ],
              [
                9.285488,
                45.8227002
              ],
              [
                9.2855302,
                45.8227631
              ],
              [
                9.2861167,
                45.8235356
              ],
              [
                9.2864438,
                45.8239308
              ],
              [
                9.2866043,
                45.8241734
              ],
              [
                9.2868474,
                45.8245103
              ],
              [
                9.2869672,
                45.8246406
              ],
              [
                9.2870464,
                45.8247169
              ],
              [
                9.2872193,
                45.8248559
              ],
              [
                9.2876426,
                45.8251654
              ],
              [
                9.2877428,
                45.8252551
              ],
              [
                9.28778,
                45.8253
              ],
              [
                9.2878287,
                45.8253719
              ],
              [
                9.2879457,
                45.8255921
              ],
              [
                9.2880079,
                45.82579
              ],
              [
                9.2880323,
                45.8258394
              ],
              [
                9.2880713,
                45.8259113
              ],
              [
                9.2881719,
                45.8260731
              ],
              [
                9.2884991,
                45.8264863
              ],
              [
                9.288713,
                45.8267692
              ],
              [
                9.2887356,
                45.8267917
              ],
              [
                9.2888826,
                45.8268948
              ],
              [
                9.2890391,
                45.8269664
              ],
              [
                9.2891374,
                45.8270022
              ],
              [
                9.2892325,
                45.8270244
              ],
              [
                9.2894356,
                45.8270914
              ],
              [
                9.289534,
                45.8271272
              ],
              [
                9.2896937,
                45.8271988
              ],
              [
                9.2897792,
                45.8272481
              ],
              [
                9.2899133,
                45.8273557
              ],
              [
                9.2899716,
                45.8274096
              ],
              [
                9.2901202,
                45.8275307
              ],
              [
                9.2903374,
                45.8272106
              ],
              [
                9.2905966,
                45.8269085
              ],
              [
                9.2914742,
                45.8270232
              ],
              [
                9.2925739,
                45.8274254
              ],
              [
                9.2938579,
                45.8280026
              ],
              [
                9.2940518,
                45.8281461
              ],
              [
                9.2942234,
                45.8283302
              ],
              [
                9.294679,
                45.82868
              ],
              [
                9.2949043,
                45.8286705
              ],
              [
                9.2952902,
                45.828611
              ],
              [
                9.2956489,
                45.828574
              ],
              [
                9.2957474,
                45.8286413
              ],
              [
                9.2959144,
                45.8288703
              ],
              [
                9.2960822,
                45.8292434
              ],
              [
                9.2961758,
                45.8296032
              ],
              [
                9.2962406,
                45.8299856
              ],
              [
                9.2963883,
                45.8305117
              ],
              [
                9.2964841,
                45.830984
              ],
              [
                9.2965781,
                45.8311007
              ],
              [
                9.2969215,
                45.8312123
              ],
              [
                9.297292,
                45.8312699
              ],
              [
                9.2976985,
                45.8314533
              ],
              [
                9.2981312,
                45.8317177
              ],
              [
                9.2984705,
                45.8319463
              ],
              [
                9.2987937,
                45.8322065
              ],
              [
                9.2988924,
                45.8323052
              ],
              [
                9.2990126,
                45.8325074
              ],
              [
                9.2992517,
                45.8329658
              ],
              [
                9.2994973,
                45.8334512
              ],
              [
                9.2997831,
                45.834211
              ],
              [
                9.2999951,
                45.834728
              ],
              [
                9.3000042,
                45.8349169
              ],
              [
                9.3001785,
                45.8356095
              ],
              [
                9.3003263,
                45.8361447
              ],
              [
                9.3003891,
                45.836455
              ],
              [
                9.3003289,
                45.8366442
              ],
              [
                9.3003912,
                45.8368465
              ],
              [
                9.300428,
                45.8369264
              ],
              [
                9.3011276,
                45.8373351
              ],
              [
                9.3015805,
                45.8374464
              ],
              [
                9.3020784,
                45.8375441
              ],
              [
                9.3022099,
                45.8377598
              ],
              [
                9.302395,
                45.8380518
              ],
              [
                9.3025628,
                45.8384204
              ],
              [
                9.3025999,
                45.8384535
              ],
              [
                9.3028038,
                45.8386357
              ],
              [
                9.3031654,
                45.8388328
              ],
              [
                9.3035736,
                45.8389982
              ],
              [
                9.3040556,
                45.8391274
              ],
              [
                9.3045534,
                45.8392161
              ],
              [
                9.3048791,
                45.8393142
              ],
              [
                9.3053967,
                45.8394748
              ],
              [
                9.3057809,
                45.8396718
              ],
              [
                9.3060955,
                45.839797
              ],
              [
                9.3063725,
                45.8398277
              ],
              [
                9.3067628,
                45.8399617
              ],
              [
                9.3070889,
                45.8401318
              ],
              [
                9.3074972,
                45.8403377
              ],
              [
                9.3076406,
                45.8403703
              ],
              [
                9.3079276,
                45.8404355
              ],
              [
                9.3083339,
                45.8405694
              ],
              [
                9.3084521,
                45.8406861
              ],
              [
                9.3087216,
                45.8408024
              ],
              [
                9.3088861,
                45.8408694
              ],
              [
                9.3091232,
                45.8409543
              ],
              [
                9.3095745,
                45.8410521
              ],
              [
                9.3100614,
                45.8411947
              ],
              [
                9.3104658,
                45.8412566
              ],
              [
                9.3109814,
                45.8413542
              ],
              [
                9.3115311,
                45.8414877
              ],
              [
                9.3120404,
                45.8416078
              ],
              [
                9.3131934,
                45.8419602
              ],
              [
                9.3136862,
                45.8420038
              ],
              [
                9.3140612,
                45.8419983
              ],
              [
                9.3145877,
                45.8420238
              ],
              [
                9.315032,
                45.8420226
              ],
              [
                9.3157146,
                45.8420387
              ],
              [
                9.3163326,
                45.8420055
              ],
              [
                9.3170491,
                45.842044
              ],
              [
                9.3177318,
                45.8420781
              ],
              [
                9.3182745,
                45.8421215
              ],
              [
                9.3186922,
                45.8422464
              ],
              [
                9.3190114,
                45.8423355
              ],
              [
                9.3194971,
                45.8425411
              ],
              [
                9.3200134,
                45.8427422
              ],
              [
                9.3205361,
                45.8429342
              ],
              [
                9.3211154,
                45.8431846
              ],
              [
                9.3207473,
                45.8432801
              ],
              [
                9.3204761,
                45.8434204
              ],
              [
                9.3201268,
                45.8437139
              ],
              [
                9.3197717,
                45.8441021
              ],
              [
                9.3197318,
                45.8441515
              ],
              [
                9.3192911,
                45.8447828
              ],
              [
                9.3189936,
                45.8450821
              ],
              [
                9.3187748,
                45.8451488
              ],
              [
                9.3185102,
                45.845316
              ],
              [
                9.3182758,
                45.8455493
              ],
              [
                9.3181836,
                45.845641
              ],
              [
                9.3179441,
                45.8459747
              ],
              [
                9.3178255,
                45.846344
              ],
              [
                9.3177802,
                45.8465633
              ],
              [
                9.3177706,
                45.8466097
              ],
              [
                9.3177424,
                45.8467403
              ],
              [
                9.3178697,
                45.8467534
              ],
              [
                9.3178781,
                45.8470999
              ],
              [
                9.3179053,
                45.8472132
              ],
              [
                9.3180282,
                45.847725
              ],
              [
                9.3181414,
                45.8481027
              ],
              [
                9.3181546,
                45.8483856
              ],
              [
                9.3181616,
                45.8485347
              ],
              [
                9.3181178,
                45.8487598
              ],
              [
                9.318463,
                45.8491549
              ],
              [
                9.3185065,
                45.8502798
              ],
              [
                9.3187029,
                45.8502837
              ],
              [
                9.3189829,
                45.850544
              ],
              [
                9.3196573,
                45.8510776
              ],
              [
                9.3202459,
                45.8515169
              ],
              [
                9.3208554,
                45.8519607
              ],
              [
                9.3214371,
                45.8523101
              ],
              [
                9.3219876,
                45.8525786
              ],
              [
                9.3225514,
                45.852901
              ],
              [
                9.3231368,
                45.8530703
              ],
              [
                9.3236175,
                45.853213
              ],
              [
                9.3239886,
                45.8533604
              ],
              [
                9.3242394,
                45.8535712
              ],
              [
                9.3245484,
                45.8538268
              ],
              [
                9.324818,
                45.8542266
              ],
              [
                9.3250298,
                45.85464
              ],
              [
                9.3253337,
                45.8551341
              ],
              [
                9.3255706,
                45.8557185
              ],
              [
                9.3257608,
                45.856294
              ],
              [
                9.325891,
                45.8568066
              ],
              [
                9.3262627,
                45.8575886
              ],
              [
                9.3263038,
                45.8579246
              ],
              [
                9.3266756,
                45.8585235
              ],
              [
                9.326934,
                45.8589232
              ],
              [
                9.3270691,
                45.8591749
              ],
              [
                9.3271395,
                45.8593682
              ],
              [
                9.3272362,
                45.8599304
              ],
              [
                9.327316,
                45.8603577
              ],
              [
                9.3274186,
                45.8608254
              ],
              [
                9.3274165,
                45.8612845
              ],
              [
                9.3276327,
                45.8616303
              ],
              [
                9.3277742,
                45.8618685
              ],
              [
                9.3279384,
                45.8621335
              ],
              [
                9.3303837,
                45.8634031
              ],
              [
                9.3327833,
                45.8660931
              ],
              [
                9.3328033,
                45.8664666
              ],
              [
                9.3328181,
                45.866786
              ],
              [
                9.3327171,
                45.8671374
              ],
              [
                9.3325574,
                45.8673538
              ],
              [
                9.3323907,
                45.8674983
              ],
              [
                9.3322997,
                45.8676156
              ],
              [
                9.3322749,
                45.8677393
              ],
              [
                9.3322432,
                45.8678678
              ],
              [
                9.3323384,
                45.8681645
              ],
              [
                9.332434,
                45.8685287
              ],
              [
                9.3325175,
                45.8687715
              ],
              [
                9.3325551,
                45.8691224
              ],
              [
                9.33256,
                45.8694509
              ],
              [
                9.3325426,
                45.869721
              ],
              [
                9.3324878,
                45.8699866
              ],
              [
                9.3323971,
                45.8701714
              ],
              [
                9.3322311,
                45.8704149
              ],
              [
                9.3321407,
                45.8706537
              ],
              [
                9.3320614,
                45.8708564
              ],
              [
                9.3320472,
                45.871176
              ],
              [
                9.3320084,
                45.8714191
              ],
              [
                9.3319181,
                45.8716714
              ],
              [
                9.3317701,
                45.8719688
              ],
              [
                9.3316168,
                45.8721853
              ],
              [
                9.3315562,
                45.872568
              ],
              [
                9.3315235,
                45.8727526
              ],
              [
                9.3316178,
                45.8729004
              ],
              [
                9.3316178,
                45.8729008
              ],
              [
                9.331683,
                45.8730221
              ],
              [
                9.331696,
                45.8730491
              ],
              [
                9.3317107,
                45.873085
              ],
              [
                9.3317127,
                45.8731391
              ],
              [
                9.3317033,
                45.8731976
              ],
              [
                9.3316763,
                45.8732607
              ],
              [
                9.331622,
                45.8733328
              ],
              [
                9.3315708,
                45.8733825
              ],
              [
                9.3315098,
                45.8734187
              ],
              [
                9.3314311,
                45.8734549
              ],
              [
                9.3313507,
                45.8734821
              ],
              [
                9.3312591,
                45.8735139
              ],
              [
                9.3311659,
                45.8735457
              ],
              [
                9.3311209,
                45.8735638
              ],
              [
                9.3310678,
                45.8735774
              ],
              [
                9.331026,
                45.8735866
              ],
              [
                9.3309681,
                45.8736047
              ],
              [
                9.3309022,
                45.8736319
              ],
              [
                9.3308605,
                45.8736591
              ],
              [
                9.3308381,
                45.8736816
              ],
              [
                9.3308174,
                45.8737177
              ],
              [
                9.3308079,
                45.8737492
              ],
              [
                9.3307889,
                45.8738033
              ],
              [
                9.3307782,
                45.8738978
              ],
              [
                9.3307437,
                45.8740599
              ],
              [
                9.330728,
                45.874123
              ],
              [
                9.3307139,
                45.874186
              ],
              [
                9.3307077,
                45.874231
              ],
              [
                9.3306967,
                45.8742806
              ],
              [
                9.330668,
                45.8743256
              ],
              [
                9.3306297,
                45.8743843
              ],
              [
                9.3305977,
                45.8744204
              ],
              [
                9.330572,
                45.8744339
              ],
              [
                9.330511,
                45.8744611
              ],
              [
                9.330429,
                45.8744838
              ],
              [
                9.330305,
                45.8745022
              ],
              [
                9.330231,
                45.8745159
              ],
              [
                9.3301587,
                45.8745341
              ],
              [
                9.3300815,
                45.8745569
              ],
              [
                9.3300429,
                45.8745705
              ],
              [
                9.3299866,
                45.8745841
              ],
              [
                9.3299287,
                45.8745933
              ],
              [
                9.3297953,
                45.8746342
              ],
              [
                9.3296715,
                45.874675
              ],
              [
                9.3296265,
                45.8746932
              ],
              [
                9.3295655,
                45.8747294
              ],
              [
                9.3295238,
                45.874761
              ],
              [
                9.3294918,
                45.8747881
              ],
              [
                9.3294694,
                45.8748151
              ],
              [
                9.329447,
                45.8748467
              ],
              [
                9.3294391,
                45.8748737
              ],
              [
                9.3294396,
                45.8749592
              ],
              [
                9.3294351,
                45.8750132
              ],
              [
                9.3294033,
                45.8750808
              ],
              [
                9.3293505,
                45.8751395
              ],
              [
                9.3293025,
                45.8751891
              ],
              [
                9.3292385,
                45.8752568
              ],
              [
                9.3291551,
                45.8753291
              ],
              [
                9.3291167,
                45.8753742
              ],
              [
                9.3290945,
                45.8754238
              ],
              [
                9.3290964,
                45.8754822
              ],
              [
                9.3291112,
                45.8755272
              ],
              [
                9.3291339,
                45.8755541
              ],
              [
                9.3291582,
                45.8755811
              ],
              [
                9.3291971,
                45.875617
              ],
              [
                9.3292344,
                45.8756574
              ],
              [
                9.3292555,
                45.8756933
              ],
              [
                9.3292589,
                45.8757158
              ],
              [
                9.3292526,
                45.8757473
              ],
              [
                9.3292383,
                45.8757789
              ],
              [
                9.3292257,
                45.8758194
              ],
              [
                9.3292066,
                45.8758599
              ],
              [
                9.3291779,
                45.875914
              ],
              [
                9.3291573,
                45.8759681
              ],
              [
                9.329151,
                45.8759951
              ],
              [
                9.329148,
                45.8760311
              ],
              [
                9.3291466,
                45.8760626
              ],
              [
                9.3291468,
                45.8761031
              ],
              [
                9.3291501,
                45.8761166
              ],
              [
                9.3291534,
                45.8761211
              ],
              [
                9.3291679,
                45.8761301
              ],
              [
                9.329123,
                45.8761617
              ],
              [
                9.3290571,
                45.8761844
              ],
              [
                9.3290089,
                45.876198
              ],
              [
                9.3289542,
                45.8762162
              ],
              [
                9.3289011,
                45.8762298
              ],
              [
                9.3288304,
                45.8762436
              ],
              [
                9.3287644,
                45.8762662
              ],
              [
                9.3286776,
                45.876289
              ],
              [
                9.3285987,
                45.8762982
              ],
              [
                9.328449,
                45.8763077
              ],
              [
                9.328399,
                45.8762943
              ],
              [
                9.3283345,
                45.876281
              ],
              [
                9.328262,
                45.8762722
              ],
              [
                9.3281667,
                45.876241
              ],
              [
                9.3280667,
                45.8762053
              ],
              [
                9.3279779,
                45.8761695
              ],
              [
                9.3278858,
                45.8761248
              ],
              [
                9.3277856,
                45.8760711
              ],
              [
                9.3276903,
                45.8760173
              ],
              [
                9.3275997,
                45.8759591
              ],
              [
                9.3274946,
                45.8758919
              ],
              [
                9.3273911,
                45.8758247
              ],
              [
                9.3272844,
                45.875753
              ],
              [
                9.3271923,
                45.8756992
              ],
              [
                9.3271131,
                45.8756545
              ],
              [
                9.3269949,
                45.8758168
              ],
              [
                9.327015,
                45.8759518
              ],
              [
                9.3270123,
                45.8760373
              ],
              [
                9.3269873,
                45.8761769
              ],
              [
                9.3269623,
                45.8763074
              ],
              [
                9.3269374,
                45.876456
              ],
              [
                9.3268692,
                45.8766272
              ],
              [
                9.3267863,
                45.8767715
              ],
              [
                9.3266984,
                45.8768887
              ],
              [
                9.3265913,
                45.877024
              ],
              [
                9.326401,
                45.8772586
              ],
              [
                9.3263802,
                45.8772857
              ],
              [
                9.3263387,
                45.8773578
              ],
              [
                9.3262571,
                45.8774435
              ],
              [
                9.3261368,
                45.8775294
              ],
              [
                9.3260534,
                45.8775971
              ],
              [
                9.3259813,
                45.8776513
              ],
              [
                9.3257564,
                45.8777645
              ],
              [
                9.3252104,
                45.8780495
              ],
              [
                9.3249502,
                45.8781673
              ],
              [
                9.3246851,
                45.8782806
              ],
              [
                9.3244876,
                45.8783891
              ],
              [
                9.3243011,
                45.8784482
              ],
              [
                9.3241769,
                45.878426
              ],
              [
                9.3240302,
                45.8783994
              ],
              [
                9.323932,
                45.8784132
              ],
              [
                9.3238532,
                45.8784314
              ],
              [
                9.3237696,
                45.8784677
              ],
              [
                9.3236346,
                45.8785131
              ],
              [
                9.3234787,
                45.8785765
              ],
              [
                9.3232282,
                45.8787077
              ],
              [
                9.3230692,
                45.8787802
              ],
              [
                9.3228669,
                45.8788933
              ],
              [
                9.3226355,
                45.8789929
              ],
              [
                9.3223817,
                45.8791197
              ],
              [
                9.3221826,
                45.8792282
              ],
              [
                9.3220333,
                45.8793141
              ],
              [
                9.3218712,
                45.8794136
              ],
              [
                9.3216754,
                45.8795357
              ],
              [
                9.3215262,
                45.8796396
              ],
              [
                9.3213434,
                45.8797751
              ],
              [
                9.3211654,
                45.8799241
              ],
              [
                9.3209699,
                45.8800957
              ],
              [
                9.3207071,
                45.8803349
              ],
              [
                9.3205452,
                45.8804659
              ],
              [
                9.3204121,
                45.8805788
              ],
              [
                9.3203398,
                45.880615
              ],
              [
                9.3202596,
                45.8806602
              ],
              [
                9.3202002,
                45.8807009
              ],
              [
                9.3200545,
                45.8808543
              ],
              [
                9.3199184,
                45.8810032
              ],
              [
                9.3197982,
                45.881107
              ],
              [
                9.3196427,
                45.881229
              ],
              [
                9.3195096,
                45.8813329
              ],
              [
                9.3193429,
                45.8814728
              ],
              [
                9.3191682,
                45.8816308
              ],
              [
                9.3189341,
                45.881816
              ],
              [
                9.318748,
                45.881947
              ],
              [
                9.3185989,
                45.8820735
              ],
              [
                9.3184145,
                45.882227
              ],
              [
                9.3181935,
                45.8824481
              ],
              [
                9.3181405,
                45.8824798
              ],
              [
                9.318004,
                45.8825566
              ],
              [
                9.3176889,
                45.88267
              ],
              [
                9.3176587,
                45.8827286
              ],
              [
                9.3177783,
                45.8828048
              ],
              [
                9.3178655,
                45.8828495
              ],
              [
                9.3179866,
                45.8828987
              ],
              [
                9.3182032,
                45.8830241
              ],
              [
                9.3184069,
                45.883154
              ],
              [
                9.3185915,
                45.883311
              ],
              [
                9.3187583,
                45.8834636
              ],
              [
                9.3189365,
                45.8836386
              ],
              [
                9.3191148,
                45.8838316
              ],
              [
                9.3193709,
                45.8841099
              ],
              [
                9.3194859,
                45.8842086
              ],
              [
                9.3195529,
                45.8843704
              ],
              [
                9.3195209,
                45.88442
              ],
              [
                9.3194521,
                45.8845012
              ],
              [
                9.3194138,
                45.8845598
              ],
              [
                9.3193193,
                45.8846545
              ],
              [
                9.3191638,
                45.8847945
              ],
              [
                9.318997,
                45.8849165
              ],
              [
                9.3188607,
                45.8850248
              ],
              [
                9.31867,
                45.8851919
              ],
              [
                9.3185305,
                45.8853138
              ],
              [
                9.3183892,
                45.8853997
              ],
              [
                9.3182047,
                45.8855217
              ],
              [
                9.3180458,
                45.8856347
              ],
              [
                9.3178338,
                45.8857478
              ],
              [
                9.3176283,
                45.8858563
              ],
              [
                9.3174405,
                45.8859829
              ],
              [
                9.3172672,
                45.8861004
              ],
              [
                9.3171275,
                45.8861907
              ],
              [
                9.316988,
                45.8862991
              ],
              [
                9.3168517,
                45.886412
              ],
              [
                9.316693,
                45.8865475
              ],
              [
                9.3165583,
                45.8866604
              ],
              [
                9.3164349,
                45.8867732
              ],
              [
                9.3163051,
                45.8868951
              ],
              [
                9.3161722,
                45.8870304
              ],
              [
                9.3160585,
                45.8871523
              ],
              [
                9.3159497,
                45.8872876
              ],
              [
                9.3158844,
                45.8874228
              ],
              [
                9.3158305,
                45.8875669
              ],
              [
                9.3157557,
                45.8877291
              ],
              [
                9.3156984,
                45.8878508
              ],
              [
                9.3156896,
                45.8879993
              ],
              [
                9.3156746,
                45.8881929
              ],
              [
                9.3156433,
                45.888355
              ],
              [
                9.3156344,
                45.8884945
              ],
              [
                9.3156354,
                45.888679
              ],
              [
                9.3157158,
                45.8889353
              ],
              [
                9.3157877,
                45.8891151
              ],
              [
                9.3158773,
                45.8892769
              ],
              [
                9.3160104,
                45.8894475
              ],
              [
                9.3161417,
                45.8896001
              ],
              [
                9.3163281,
                45.8897841
              ],
              [
                9.316532,
                45.8899411
              ],
              [
                9.3167454,
                45.8900755
              ],
              [
                9.3169748,
                45.8901873
              ],
              [
                9.3171848,
                45.8902903
              ],
              [
                9.3173818,
                45.8903707
              ],
              [
                9.3175385,
                45.8904288
              ],
              [
                9.3177064,
                45.8904913
              ],
              [
                9.3178889,
                45.8905673
              ],
              [
                9.3180988,
                45.8906522
              ],
              [
                9.3183281,
                45.8907416
              ],
              [
                9.3185155,
                45.8908266
              ],
              [
                9.3187384,
                45.8909339
              ],
              [
                9.3190761,
                45.891104
              ],
              [
                9.3193379,
                45.8912338
              ],
              [
                9.3196302,
                45.8913589
              ],
              [
                9.3198789,
                45.8914662
              ],
              [
                9.3201276,
                45.8915645
              ],
              [
                9.3203941,
                45.8916763
              ],
              [
                9.3206525,
                45.8917836
              ],
              [
                9.3209076,
                45.8918729
              ],
              [
                9.3214551,
                45.8921098
              ],
              [
                9.3216199,
                45.8921769
              ],
              [
                9.3218492,
                45.8922662
              ],
              [
                9.3220558,
                45.8923376
              ],
              [
                9.3225243,
                45.8925433
              ],
              [
                9.3230349,
                45.8928119
              ],
              [
                9.3232482,
                45.8929148
              ],
              [
                9.3234648,
                45.8930267
              ],
              [
                9.3236199,
                45.8930982
              ],
              [
                9.3238056,
                45.8931832
              ],
              [
                9.3240319,
                45.8933085
              ],
              [
                9.3243213,
                45.8934742
              ],
              [
                9.3244927,
                45.8935772
              ],
              [
                9.3246495,
                45.8936623
              ],
              [
                9.3247998,
                45.8937339
              ],
              [
                9.3250001,
                45.8938368
              ],
              [
                9.3250212,
                45.8938502
              ],
              [
                9.3249714,
                45.8938819
              ],
              [
                9.3248446,
                45.8939678
              ],
              [
                9.3246454,
                45.8940718
              ],
              [
                9.324451,
                45.8941624
              ],
              [
                9.3242486,
                45.8942665
              ],
              [
                9.3240238,
                45.8943976
              ],
              [
                9.3238584,
                45.8944971
              ],
              [
                9.323701,
                45.8945695
              ],
              [
                9.3234438,
                45.8946828
              ],
              [
                9.3231771,
                45.894805
              ],
              [
                9.3229166,
                45.8949003
              ],
              [
                9.3226658,
                45.895
              ],
              [
                9.3224504,
                45.8950816
              ],
              [
                9.3222383,
                45.8951857
              ],
              [
                9.3220168,
                45.8953214
              ],
              [
                9.3218868,
                45.8954207
              ],
              [
                9.3217247,
                45.8955292
              ],
              [
                9.321418,
                45.8957146
              ],
              [
                9.321211,
                45.8958502
              ],
              [
                9.3210024,
                45.8959948
              ],
              [
                9.3208723,
                45.8960806
              ],
              [
                9.3207488,
                45.8961665
              ],
              [
                9.3205851,
                45.8962839
              ],
              [
                9.3204585,
                45.8964058
              ],
              [
                9.3202904,
                45.8965863
              ],
              [
                9.3200757,
                45.8967984
              ],
              [
                9.3198947,
                45.8969834
              ],
              [
                9.3197393,
                45.8971459
              ],
              [
                9.3196129,
                45.8972992
              ],
              [
                9.3194833,
                45.8974526
              ],
              [
                9.3193698,
                45.8976149
              ],
              [
                9.3193042,
                45.8977006
              ],
              [
                9.3191779,
                45.8978675
              ],
              [
                9.3190919,
                45.8980342
              ],
              [
                9.3189982,
                45.898282
              ],
              [
                9.318901,
                45.8984758
              ],
              [
                9.3187814,
                45.8986786
              ],
              [
                9.3186697,
                45.8988814
              ],
              [
                9.3185563,
                45.8990483
              ],
              [
                9.3184556,
                45.8991971
              ],
              [
                9.3183647,
                45.8993503
              ],
              [
                9.3182415,
                45.8995172
              ],
              [
                9.3181344,
                45.8996525
              ],
              [
                9.318045,
                45.8998147
              ],
              [
                9.3178728,
                45.9001212
              ],
              [
                9.3177434,
                45.9003151
              ],
              [
                9.3176286,
                45.9005404
              ],
              [
                9.3175411,
                45.9007342
              ],
              [
                9.3174248,
                45.9009595
              ],
              [
                9.3172986,
                45.9011534
              ],
              [
                9.3172045,
                45.9013201
              ],
              [
                9.3171216,
                45.9014824
              ],
              [
                9.3169828,
                45.9017303
              ],
              [
                9.3168662,
                45.9019061
              ],
              [
                9.3167623,
                45.9020504
              ],
              [
                9.3167239,
                45.9021045
              ],
              [
                9.3166007,
                45.9022624
              ],
              [
                9.3164936,
                45.9024157
              ],
              [
                9.3163867,
                45.902587
              ],
              [
                9.3163005,
                45.9027312
              ],
              [
                9.3162445,
                45.9028169
              ],
              [
                9.3161568,
                45.9029611
              ],
              [
                9.3160304,
                45.903128
              ],
              [
                9.3159729,
                45.9032181
              ],
              [
                9.3159122,
                45.9033173
              ],
              [
                9.3158278,
                45.9034841
              ],
              [
                9.3157303,
                45.9036328
              ],
              [
                9.3156296,
                45.9037816
              ],
              [
                9.3155114,
                45.903953
              ],
              [
                9.3154569,
                45.9040116
              ],
              [
                9.3153672,
                45.9041064
              ],
              [
                9.3152744,
                45.9042236
              ],
              [
                9.3151897,
                45.9043499
              ],
              [
                9.3151147,
                45.9044851
              ],
              [
                9.3150254,
                45.9046518
              ],
              [
                9.3149763,
                45.904787
              ],
              [
                9.3149192,
                45.9049491
              ],
              [
                9.3148195,
                45.9052779
              ],
              [
                9.3148068,
                45.9053095
              ],
              [
                9.3147988,
                45.905323
              ],
              [
                9.3062102,
                45.8999915
              ],
              [
                9.3060448,
                45.8998121
              ],
              [
                9.3056786,
                45.8995399
              ],
              [
                9.3050968,
                45.8991791
              ],
              [
                9.3046991,
                45.8989929
              ],
              [
                9.3042306,
                45.8988874
              ],
              [
                9.3039447,
                45.8989051
              ],
              [
                9.3035353,
                45.8955186
              ],
              [
                9.3032036,
                45.8948762
              ],
              [
                9.3031441,
                45.894782
              ],
              [
                9.3025863,
                45.8938992
              ],
              [
                9.3025762,
                45.8937295
              ],
              [
                9.3021189,
                45.8935179
              ],
              [
                9.3021884,
                45.8932425
              ],
              [
                9.3019404,
                45.8927238
              ],
              [
                9.3001882,
                45.892228
              ],
              [
                9.2980307,
                45.8920542
              ],
              [
                9.2957833,
                45.8919756
              ],
              [
                9.2922848,
                45.8924472
              ],
              [
                9.290645,
                45.8928484
              ],
              [
                9.290157,
                45.8931346
              ],
              [
                9.2897173,
                45.8935309
              ],
              [
                9.2895069,
                45.8938705
              ],
              [
                9.2894234,
                45.8946556
              ],
              [
                9.2892679,
                45.8948229
              ],
              [
                9.289155,
                45.8950337
              ],
              [
                9.2889819,
                45.8955379
              ],
              [
                9.2880176,
                45.8956665
              ],
              [
                9.288267,
                45.896819
              ],
              [
                9.287949,
                45.8971833
              ],
              [
                9.2876558,
                45.8972838
              ],
              [
                9.287442,
                45.8974125
              ],
              [
                9.2874218,
                45.8974946
              ],
              [
                9.2878671,
                45.8982623
              ],
              [
                9.2874719,
                45.8983794
              ],
              [
                9.2873415,
                45.8984934
              ],
              [
                9.2867565,
                45.8985377
              ],
              [
                9.2866305,
                45.8985032
              ],
              [
                9.2862076,
                45.8985267
              ],
              [
                9.2860961,
                45.8984832
              ],
              [
                9.2858271,
                45.898531
              ],
              [
                9.2856719,
                45.8985226
              ],
              [
                9.285377,
                45.8986156
              ],
              [
                9.2852464,
                45.8986171
              ],
              [
                9.2850421,
                45.8987109
              ],
              [
                9.284441,
                45.8986478
              ],
              [
                9.284304,
                45.8986696
              ],
              [
                9.285472,
                45.9001334
              ],
              [
                9.2852008,
                45.9016531
              ],
              [
                9.2842494,
                45.9040295
              ],
              [
                9.2840243,
                45.904747
              ],
              [
                9.2824576,
                45.9086174
              ],
              [
                9.2821656,
                45.9095978
              ],
              [
                9.2824729,
                45.9107453
              ],
              [
                9.2819395,
                45.9121243
              ],
              [
                9.2802442,
                45.9136924
              ],
              [
                9.2797811,
                45.9142022
              ],
              [
                9.2775427,
                45.9164224
              ],
              [
                9.2760684,
                45.9174614
              ],
              [
                9.2749934,
                45.9182748
              ],
              [
                9.2721565,
                45.9206431
              ],
              [
                9.2721461,
                45.9209604
              ],
              [
                9.2720174,
                45.9213585
              ],
              [
                9.2719976,
                45.9217585
              ],
              [
                9.2719186,
                45.9222239
              ],
              [
                9.2718691,
                45.9223913
              ],
              [
                9.2717309,
                45.9225294
              ],
              [
                9.2717646,
                45.9227905
              ],
              [
                9.2705289,
                45.9230322
              ],
              [
                9.2703021,
                45.9231037
              ],
              [
                9.2700853,
                45.923229
              ],
              [
                9.2696228,
                45.923665
              ],
              [
                9.2689643,
                45.9241795
              ],
              [
                9.2689147,
                45.9243128
              ],
              [
                9.2687379,
                45.9245193
              ],
              [
                9.2687461,
                45.9248495
              ],
              [
                9.2686916,
                45.9249508
              ],
              [
                9.2685371,
                45.925042
              ],
              [
                9.2682532,
                45.9251267
              ],
              [
                9.2682272,
                45.9251487
              ],
              [
                9.2682168,
                45.9252003
              ],
              [
                9.2682389,
                45.925477
              ],
              [
                9.2682741,
                45.9254868
              ],
              [
                9.2683027,
                45.9256788
              ],
              [
                9.2681502,
                45.9259098
              ],
              [
                9.2680862,
                45.9261925
              ],
              [
                9.2683346,
                45.9266247
              ],
              [
                9.2684108,
                45.9268235
              ],
              [
                9.2685112,
                45.9270853
              ],
              [
                9.2687237,
                45.927428
              ],
              [
                9.2689669,
                45.9275239
              ],
              [
                9.2689722,
                45.927578
              ],
              [
                9.2694681,
                45.9276251
              ],
              [
                9.2696909,
                45.9277565
              ],
              [
                9.2698254,
                45.9277505
              ],
              [
                9.2702272,
                45.9278139
              ],
              [
                9.2704151,
                45.9279631
              ],
              [
                9.2704139,
                45.9282025
              ],
              [
                9.2702571,
                45.9285618
              ],
              [
                9.2700561,
                45.9292629
              ],
              [
                9.269853,
                45.9294437
              ],
              [
                9.2696523,
                45.9294782
              ],
              [
                9.2697453,
                45.9295792
              ],
              [
                9.2698775,
                45.9297032
              ],
              [
                9.2701009,
                45.9298353
              ],
              [
                9.2704146,
                45.9299386
              ],
              [
                9.2708876,
                45.9302336
              ],
              [
                9.2715713,
                45.9302666
              ],
              [
                9.2720588,
                45.93024
              ],
              [
                9.2723634,
                45.930336
              ],
              [
                9.2725814,
                45.9305043
              ],
              [
                9.2730601,
                45.9304846
              ],
              [
                9.273325,
                45.930534
              ],
              [
                9.273821,
                45.9304785
              ],
              [
                9.2740139,
                45.931159
              ],
              [
                9.2737288,
                45.9312388
              ],
              [
                9.2738325,
                45.9313855
              ],
              [
                9.2736592,
                45.9318811
              ],
              [
                9.2738115,
                45.9318291
              ],
              [
                9.273916,
                45.9318654
              ],
              [
                9.2740405,
                45.9324505
              ],
              [
                9.2740916,
                45.9325003
              ],
              [
                9.2743139,
                45.9325866
              ],
              [
                9.2742812,
                45.9326436
              ],
              [
                9.2740735,
                45.9327237
              ],
              [
                9.2742657,
                45.9328411
              ],
              [
                9.2748166,
                45.9329861
              ],
              [
                9.2753428,
                45.9329857
              ],
              [
                9.2758938,
                45.9328898
              ],
              [
                9.2761414,
                45.9329703
              ],
              [
                9.2764507,
                45.9328537
              ],
              [
                9.2769671,
                45.9328396
              ],
              [
                9.2774618,
                45.933354
              ],
              [
                9.2774049,
                45.9337137
              ],
              [
                9.2765648,
                45.9343344
              ],
              [
                9.2766025,
                45.9349328
              ],
              [
                9.276703,
                45.9351643
              ],
              [
                9.2768018,
                45.9351935
              ],
              [
                9.2769812,
                45.9351836
              ],
              [
                9.2771457,
                45.9352957
              ],
              [
                9.2772091,
                45.9353817
              ],
              [
                9.2772649,
                45.9358298
              ],
              [
                9.2773213,
                45.9359877
              ],
              [
                9.2774662,
                45.9361183
              ],
              [
                9.2776642,
                45.9362194
              ],
              [
                9.2778449,
                45.9364352
              ],
              [
                9.2780334,
                45.9364237
              ],
              [
                9.278229,
                45.9366004
              ],
              [
                9.2783648,
                45.9369589
              ],
              [
                9.2785654,
                45.9384704
              ],
              [
                9.2786593,
                45.9387317
              ],
              [
                9.2786644,
                45.9390001
              ],
              [
                9.2788688,
                45.9394676
              ],
              [
                9.2788543,
                45.9397841
              ],
              [
                9.2785274,
                45.9398194
              ],
              [
                9.2781641,
                45.9399076
              ],
              [
                9.27796,
                45.9399131
              ],
              [
                9.2779802,
                45.9402537
              ],
              [
                9.2779508,
                45.9404353
              ],
              [
                9.2778219,
                45.9406537
              ],
              [
                9.2775176,
                45.9409747
              ],
              [
                9.2770742,
                45.9409253
              ],
              [
                9.2768526,
                45.9410092
              ],
              [
                9.2767071,
                45.9410135
              ],
              [
                9.2766576,
                45.9410792
              ],
              [
                9.2766526,
                45.9412175
              ],
              [
                9.2767207,
                45.9414384
              ],
              [
                9.2766588,
                45.9415815
              ],
              [
                9.2769613,
                45.941924
              ],
              [
                9.2770886,
                45.9419975
              ],
              [
                9.2771134,
                45.9421116
              ],
              [
                9.2772715,
                45.942323
              ],
              [
                9.2772735,
                45.9424536
              ],
              [
                9.2771098,
                45.9433281
              ],
              [
                9.2767023,
                45.9436192
              ],
              [
                9.2765757,
                45.9438979
              ],
              [
                9.276522,
                45.9444791
              ],
              [
                9.2763297,
                45.9447368
              ],
              [
                9.2758784,
                45.944923
              ],
              [
                9.27574,
                45.9449205
              ],
              [
                9.275485,
                45.9448548
              ],
              [
                9.2753678,
                45.9447264
              ],
              [
                9.2750604,
                45.94475
              ],
              [
                9.2749556,
                45.9446526
              ],
              [
                9.2746333,
                45.9449879
              ],
              [
                9.2743059,
                45.9446945
              ],
              [
                9.2740312,
                45.9448157
              ],
              [
                9.2735116,
                45.9451247
              ],
              [
                9.2735414,
                45.9454242
              ],
              [
                9.2734884,
                45.9458087
              ],
              [
                9.2736545,
                45.9464571
              ],
              [
                9.2732597,
                45.9469132
              ],
              [
                9.2730884,
                45.9472416
              ],
              [
                9.2729235,
                45.9473457
              ],
              [
                9.2722838,
                45.9475192
              ],
              [
                9.2720303,
                45.947855
              ],
              [
                9.2714259,
                45.9484102
              ],
              [
                9.2711153,
                45.9486163
              ],
              [
                9.2706444,
                45.9488246
              ],
              [
                9.2703324,
                45.9488992
              ],
              [
                9.2694282,
                45.948912
              ],
              [
                9.2691787,
                45.9487821
              ],
              [
                9.2688818,
                45.9487563
              ],
              [
                9.2686777,
                45.9486341
              ],
              [
                9.2682919,
                45.9485782
              ],
              [
                9.2678899,
                45.9484684
              ],
              [
                9.267495,
                45.9484299
              ],
              [
                9.2673998,
                45.9483385
              ],
              [
                9.2673416,
                45.9483291
              ],
              [
                9.2670612,
                45.9484285
              ],
              [
                9.266834,
                45.9483882
              ],
              [
                9.266357,
                45.9484985
              ],
              [
                9.2660339,
                45.9486804
              ],
              [
                9.2658281,
                45.9487364
              ],
              [
                9.265627,
                45.9488787
              ],
              [
                9.2654524,
                45.9488864
              ],
              [
                9.2652731,
                45.948997
              ],
              [
                9.2650387,
                45.9490159
              ],
              [
                9.2647812,
                45.9492208
              ],
              [
                9.2647012,
                45.9492365
              ],
              [
                9.2643063,
                45.9492569
              ],
              [
                9.263943,
                45.9491037
              ],
              [
                9.2637394,
                45.949146
              ],
              [
                9.2635279,
                45.9490833
              ],
              [
                9.263294,
                45.9490903
              ],
              [
                9.2626166,
                45.9489438
              ],
              [
                9.2624695,
                45.9488753
              ],
              [
                9.2622137,
                45.9488542
              ],
              [
                9.2619058,
                45.948885
              ],
              [
                9.2613529,
                45.9489978
              ],
              [
                9.260784,
                45.9489842
              ],
              [
                9.260249,
                45.9491178
              ],
              [
                9.2599169,
                45.9490413
              ],
              [
                9.2593839,
                45.9488576
              ],
              [
                9.2591336,
                45.9487324
              ],
              [
                9.2589268,
                45.948697
              ],
              [
                9.2584086,
                45.9485112
              ],
              [
                9.2577744,
                45.9481371
              ],
              [
                9.2575844,
                45.9480759
              ],
              [
                9.2575224,
                45.9480245
              ],
              [
                9.2574937,
                45.9478501
              ],
              [
                9.2573451,
                45.9477182
              ],
              [
                9.2572446,
                45.947684
              ],
              [
                9.256498,
                45.9477363
              ],
              [
                9.2560797,
                45.9478922
              ],
              [
                9.2564733,
                45.9490143
              ],
              [
                9.2563446,
                45.9498653
              ],
              [
                9.2570453,
                45.9502304
              ],
              [
                9.2574782,
                45.9502015
              ],
              [
                9.2575426,
                45.9504344
              ],
              [
                9.2575656,
                45.9509944
              ],
              [
                9.2574583,
                45.951296
              ],
              [
                9.2572303,
                45.9527105
              ],
              [
                9.2572386,
                45.9536034
              ],
              [
                9.2572151,
                45.9537583
              ],
              [
                9.2571192,
                45.953991
              ],
              [
                9.2569196,
                45.9541767
              ],
              [
                9.2571317,
                45.9543107
              ],
              [
                9.2571962,
                45.9542575
              ],
              [
                9.257318,
                45.9543314
              ],
              [
                9.2573166,
                45.9543835
              ],
              [
                9.2572487,
                45.9544544
              ],
              [
                9.2578555,
                45.955075
              ],
              [
                9.258026,
                45.954997
              ],
              [
                9.2582757,
                45.955226
              ],
              [
                9.2577006,
                45.9555026
              ],
              [
                9.2586302,
                45.9555712
              ],
              [
                9.2585205,
                45.9559995
              ],
              [
                9.2587963,
                45.9559842
              ],
              [
                9.2587798,
                45.9564152
              ],
              [
                9.2589836,
                45.9575496
              ],
              [
                9.2589711,
                45.957914
              ],
              [
                9.2585834,
                45.9579502
              ],
              [
                9.2588312,
                45.958354
              ],
              [
                9.2587449,
                45.9589189
              ],
              [
                9.2587637,
                45.9590383
              ],
              [
                9.258985,
                45.9593905
              ],
              [
                9.2590398,
                45.9597502
              ],
              [
                9.2591202,
                45.9598525
              ],
              [
                9.2591276,
                45.9599534
              ],
              [
                9.2594382,
                45.9606031
              ],
              [
                9.25948,
                45.9608967
              ],
              [
                9.2595646,
                45.9610281
              ],
              [
                9.2599905,
                45.9613816
              ],
              [
                9.2602509,
                45.9616953
              ],
              [
                9.2605496,
                45.9618595
              ],
              [
                9.2607359,
                45.9621148
              ],
              [
                9.2609605,
                45.962339
              ],
              [
                9.261263,
                45.9627819
              ],
              [
                9.2613114,
                45.9629635
              ],
              [
                9.2615282,
                45.9631682
              ],
              [
                9.2615939,
                45.9633421
              ],
              [
                9.2623613,
                45.9643045
              ],
              [
                9.2625412,
                45.9646267
              ],
              [
                9.2661156,
                45.9664618
              ],
              [
                9.2666346,
                45.9665447
              ],
              [
                9.2671918,
                45.9664535
              ],
              [
                9.2829794,
                45.965956
              ],
              [
                9.2829593,
                45.966118
              ],
              [
                9.2829484,
                45.9662036
              ],
              [
                9.2829343,
                45.9662846
              ],
              [
                9.2829154,
                45.9663702
              ],
              [
                9.2829029,
                45.9664602
              ],
              [
                9.2828921,
                45.9665457
              ],
              [
                9.2828764,
                45.9666313
              ],
              [
                9.2828639,
                45.9667168
              ],
              [
                9.2828422,
                45.9668879
              ],
              [
                9.2828362,
                45.9669779
              ],
              [
                9.2828302,
                45.9670589
              ],
              [
                9.2828226,
                45.9671489
              ],
              [
                9.2828041,
                45.96732
              ],
              [
                9.2827932,
                45.9674055
              ],
              [
                9.2827807,
                45.967491
              ],
              [
                9.2827699,
                45.9675766
              ],
              [
                9.2827591,
                45.9676666
              ],
              [
                9.2827482,
                45.9677521
              ],
              [
                9.2827357,
                45.9678331
              ],
              [
                9.2827216,
                45.9679187
              ],
              [
                9.2827076,
                45.9680087
              ],
              [
                9.2826983,
                45.9680942
              ],
              [
                9.2826923,
                45.9681798
              ],
              [
                9.2826879,
                45.9682653
              ],
              [
                9.2826867,
                45.9683508
              ],
              [
                9.2826856,
                45.9684408
              ],
              [
                9.282686,
                45.9685263
              ],
              [
                9.2826848,
                45.9686118
              ],
              [
                9.2826853,
                45.9686973
              ],
              [
                9.2826841,
                45.9687828
              ],
              [
                9.2826846,
                45.9688728
              ],
              [
                9.2826882,
                45.9689583
              ],
              [
                9.2826854,
                45.9690438
              ],
              [
                9.2826794,
                45.9691338
              ],
              [
                9.2826734,
                45.9692148
              ],
              [
                9.282669,
                45.9693003
              ],
              [
                9.2826646,
                45.9693904
              ],
              [
                9.2826586,
                45.9694759
              ],
              [
                9.2826498,
                45.9696469
              ],
              [
                9.2826438,
                45.9697324
              ],
              [
                9.2826378,
                45.9698224
              ],
              [
                9.2826221,
                45.969908
              ],
              [
                9.2826112,
                45.9699935
              ],
              [
                9.2826036,
                45.970079
              ],
              [
                9.2825851,
                45.9702501
              ],
              [
                9.2825743,
                45.9703356
              ],
              [
                9.2825618,
                45.9704256
              ],
              [
                9.2825477,
                45.9705112
              ],
              [
                9.2825353,
                45.9705967
              ],
              [
                9.2824789,
                45.9709389
              ],
              [
                9.2824664,
                45.9710244
              ],
              [
                9.2824524,
                45.9711099
              ],
              [
                9.2824415,
                45.9711955
              ],
              [
                9.2824339,
                45.9712855
              ],
              [
                9.2824279,
                45.971371
              ],
              [
                9.2824186,
                45.971452
              ],
              [
                9.2824094,
                45.971542
              ],
              [
                9.2824099,
                45.971632
              ],
              [
                9.2824006,
                45.9717131
              ],
              [
                9.2823801,
                45.9717986
              ],
              [
                9.2823136,
                45.9720553
              ],
              [
                9.2822914,
                45.9721363
              ],
              [
                9.2822677,
                45.9722219
              ],
              [
                9.2822455,
                45.9723075
              ],
              [
                9.2822217,
                45.972393
              ],
              [
                9.2821996,
                45.9724786
              ],
              [
                9.282152,
                45.9726497
              ],
              [
                9.2821283,
                45.9727308
              ],
              [
                9.282057,
                45.9729874
              ],
              [
                9.2820348,
                45.973073
              ],
              [
                9.282011,
                45.9731586
              ],
              [
                9.2819873,
                45.9732396
              ],
              [
                9.2819397,
                45.9734107
              ],
              [
                9.2819176,
                45.9734963
              ],
              [
                9.2818874,
                45.9735819
              ],
              [
                9.281862,
                45.9736629
              ],
              [
                9.2818398,
                45.9737485
              ],
              [
                9.2818241,
                45.9738385
              ],
              [
                9.2817992,
                45.9740096
              ],
              [
                9.2817786,
                45.9740907
              ],
              [
                9.2817548,
                45.9741762
              ],
              [
                9.2817295,
                45.9742618
              ],
              [
                9.2817057,
                45.9743473
              ],
              [
                9.2816852,
                45.9744329
              ],
              [
                9.2816662,
                45.9745184
              ],
              [
                9.2816553,
                45.9745995
              ],
              [
                9.2816429,
                45.9746895
              ],
              [
                9.2816224,
                45.9747751
              ],
              [
                9.2815954,
                45.9748606
              ],
              [
                9.2815635,
                45.9749417
              ],
              [
                9.2815365,
                45.9750273
              ],
              [
                9.2815111,
                45.9751128
              ],
              [
                9.2814906,
                45.9751984
              ],
              [
                9.2814587,
                45.9752795
              ],
              [
                9.2814269,
                45.9753651
              ],
              [
                9.2814015,
                45.9754461
              ],
              [
                9.2813729,
                45.9755317
              ],
              [
                9.2813394,
                45.9756173
              ],
              [
                9.2813043,
                45.9756984
              ],
              [
                9.2812564,
                45.9757795
              ],
              [
                9.2812116,
                45.9758561
              ],
              [
                9.2811587,
                45.9759327
              ],
              [
                9.2811026,
                45.9760139
              ],
              [
                9.2810482,
                45.9760905
              ],
              [
                9.2810002,
                45.9761671
              ],
              [
                9.2809441,
                45.9762483
              ],
              [
                9.2808961,
                45.9763294
              ],
              [
                9.2808546,
                45.9764105
              ],
              [
                9.2808114,
                45.9764916
              ],
              [
                9.2807763,
                45.9765727
              ],
              [
                9.2807412,
                45.9766583
              ],
              [
                9.2807094,
                45.9767394
              ],
              [
                9.2806759,
                45.9768204
              ],
              [
                9.2806344,
                45.9769061
              ],
              [
                9.2805912,
                45.9769827
              ],
              [
                9.2805384,
                45.9770638
              ],
              [
                9.2804823,
                45.9771359
              ],
              [
                9.2804278,
                45.9772171
              ],
              [
                9.2803831,
                45.9772982
              ],
              [
                9.2803431,
                45.9773793
              ],
              [
                9.2803,
                45.9774604
              ],
              [
                9.2802552,
                45.9775415
              ],
              [
                9.2802088,
                45.9776226
              ],
              [
                9.2801624,
                45.9776992
              ],
              [
                9.280116,
                45.9777848
              ],
              [
                9.2800729,
                45.9778615
              ],
              [
                9.2800313,
                45.9779471
              ],
              [
                9.2799833,
                45.9780237
              ],
              [
                9.2799337,
                45.9781003
              ],
              [
                9.2798922,
                45.9781859
              ],
              [
                9.2798522,
                45.978267
              ],
              [
                9.279822,
                45.9783481
              ],
              [
                9.2798014,
                45.9784336
              ],
              [
                9.2797793,
                45.9785192
              ],
              [
                9.2797668,
                45.9786047
              ],
              [
                9.2797576,
                45.9786903
              ],
              [
                9.2797628,
                45.9787757
              ],
              [
                9.2797778,
                45.9788612
              ],
              [
                9.279796,
                45.9789512
              ],
              [
                9.2798109,
                45.9790366
              ],
              [
                9.2798339,
                45.9791176
              ],
              [
                9.2798586,
                45.979203
              ],
              [
                9.27988,
                45.9792885
              ],
              [
                9.2798966,
                45.9793784
              ],
              [
                9.2799051,
                45.9794639
              ],
              [
                9.27992,
                45.9795449
              ],
              [
                9.2799382,
                45.9796348
              ],
              [
                9.2799596,
                45.9797158
              ],
              [
                9.2799875,
                45.9798012
              ],
              [
                9.2800089,
                45.9798867
              ],
              [
                9.2800287,
                45.9799721
              ],
              [
                9.2800598,
                45.980053
              ],
              [
                9.2800763,
                45.9801385
              ],
              [
                9.2800848,
                45.9802285
              ],
              [
                9.2800885,
                45.980314
              ],
              [
                9.2800986,
                45.9803994
              ],
              [
                9.280135,
                45.9805704
              ],
              [
                9.2801451,
                45.9806558
              ],
              [
                9.2801423,
                45.9807413
              ],
              [
                9.2801266,
                45.9808314
              ],
              [
                9.2801061,
                45.9809124
              ],
              [
                9.2800839,
                45.980998
              ],
              [
                9.280065,
                45.9810835
              ],
              [
                9.2800428,
                45.9811691
              ],
              [
                9.2800142,
                45.9812547
              ],
              [
                9.2799839,
                45.9813358
              ],
              [
                9.2799537,
                45.9814213
              ],
              [
                9.2799251,
                45.9815069
              ],
              [
                9.2798949,
                45.981588
              ],
              [
                9.2798565,
                45.9816691
              ],
              [
                9.2798134,
                45.9817547
              ],
              [
                9.2797686,
                45.9818313
              ],
              [
                9.279719,
                45.9819124
              ],
              [
                9.2796645,
                45.981989
              ],
              [
                9.2796084,
                45.9820657
              ],
              [
                9.2795491,
                45.9821423
              ],
              [
                9.2794865,
                45.982219
              ],
              [
                9.2794288,
                45.9822956
              ],
              [
                9.279376,
                45.9823723
              ],
              [
                9.2793263,
                45.9824489
              ],
              [
                9.2792271,
                45.9826111
              ],
              [
                9.2791775,
                45.9826878
              ],
              [
                9.2791262,
                45.9827644
              ],
              [
                9.2790766,
                45.9828455
              ],
              [
                9.2789806,
                45.9830078
              ],
              [
                9.278939,
                45.9830889
              ],
              [
                9.2789088,
                45.9831699
              ],
              [
                9.2788915,
                45.9832555
              ],
              [
                9.2788499,
                45.9833411
              ],
              [
                9.27881,
                45.9834222
              ],
              [
                9.2787765,
                45.9835033
              ],
              [
                9.278735,
                45.9835844
              ],
              [
                9.2786999,
                45.98367
              ],
              [
                9.2786729,
                45.983751
              ],
              [
                9.2786555,
                45.9838366
              ],
              [
                9.2786366,
                45.9839221
              ],
              [
                9.2786161,
                45.9840077
              ],
              [
                9.2785685,
                45.9841788
              ],
              [
                9.2785447,
                45.9842598
              ],
              [
                9.2785209,
                45.9843454
              ],
              [
                9.2784955,
                45.984431
              ],
              [
                9.2784718,
                45.9845165
              ],
              [
                9.2784464,
                45.9846021
              ],
              [
                9.2784226,
                45.9846832
              ],
              [
                9.2783988,
                45.9847687
              ],
              [
                9.2783734,
                45.9848543
              ],
              [
                9.2783609,
                45.9849353
              ],
              [
                9.2783371,
                45.9850209
              ],
              [
                9.2783166,
                45.9851064
              ],
              [
                9.2782976,
                45.9851875
              ],
              [
                9.2782771,
                45.985273
              ],
              [
                9.2782598,
                45.9853631
              ],
              [
                9.2782457,
                45.9854486
              ],
              [
                9.2782332,
                45.9855296
              ],
              [
                9.2782191,
                45.9856197
              ],
              [
                9.278205,
                45.9857052
              ],
              [
                9.2781925,
                45.9857907
              ],
              [
                9.2781784,
                45.9858763
              ],
              [
                9.2781535,
                45.9860473
              ],
              [
                9.2781394,
                45.9861329
              ],
              [
                9.2781269,
                45.9862229
              ],
              [
                9.278077,
                45.986565
              ],
              [
                9.2780694,
                45.9866506
              ],
              [
                9.2780537,
                45.9867361
              ],
              [
                9.2780282,
                45.9868172
              ],
              [
                9.2780093,
                45.9869027
              ],
              [
                9.2779888,
                45.9869928
              ],
              [
                9.2779444,
                45.9871639
              ],
              [
                9.2779271,
                45.9872494
              ],
              [
                9.2779098,
                45.9873305
              ],
              [
                9.2778925,
                45.987416
              ],
              [
                9.2778768,
                45.987506
              ],
              [
                9.2778578,
                45.9875916
              ],
              [
                9.2778373,
                45.9876726
              ],
              [
                9.2778151,
                45.9877582
              ],
              [
                9.2777946,
                45.9878483
              ],
              [
                9.2777675,
                45.9879293
              ],
              [
                9.2777389,
                45.9880149
              ],
              [
                9.2777168,
                45.9881004
              ],
              [
                9.2776897,
                45.9881815
              ],
              [
                9.2776611,
                45.9882671
              ],
              [
                9.2776325,
                45.9883482
              ],
              [
                9.2775957,
                45.9884292
              ],
              [
                9.2775542,
                45.9885104
              ],
              [
                9.2775111,
                45.988596
              ],
              [
                9.2774646,
                45.9886771
              ],
              [
                9.2774166,
                45.9887582
              ],
              [
                9.2773702,
                45.9888348
              ],
              [
                9.277319,
                45.9889159
              ],
              [
                9.2772661,
                45.9889926
              ],
              [
                9.2772068,
                45.9890692
              ],
              [
                9.277141,
                45.9891414
              ],
              [
                9.2770784,
                45.9892135
              ],
              [
                9.2770158,
                45.9892902
              ],
              [
                9.2768939,
                45.9894435
              ],
              [
                9.2768313,
                45.9895156
              ],
              [
                9.2767671,
                45.9895878
              ],
              [
                9.2766517,
                45.9897411
              ],
              [
                9.2765988,
                45.9898222
              ],
              [
                9.2765411,
                45.9898943
              ],
              [
                9.2764802,
                45.989971
              ],
              [
                9.2764273,
                45.9900521
              ],
              [
                9.276376,
                45.9901243
              ],
              [
                9.2763232,
                45.9902054
              ],
              [
                9.2762654,
                45.990282
              ],
              [
                9.2762093,
                45.9903587
              ],
              [
                9.2761565,
                45.9904353
              ],
              [
                9.2761052,
                45.9905164
              ],
              [
                9.2760556,
                45.9905975
              ],
              [
                9.2760075,
                45.9906742
              ],
              [
                9.2759579,
                45.9907553
              ],
              [
                9.275905,
                45.9908319
              ],
              [
                9.2758554,
                45.9909085
              ],
              [
                9.2758138,
                45.9909896
              ],
              [
                9.2757739,
                45.9910752
              ],
              [
                9.2757307,
                45.9911563
              ],
              [
                9.2756811,
                45.991233
              ],
              [
                9.275625,
                45.9913096
              ],
              [
                9.2755721,
                45.9913907
              ],
              [
                9.2755241,
                45.9914673
              ],
              [
                9.2754712,
                45.9915485
              ],
              [
                9.2754183,
                45.9916251
              ],
              [
                9.2753687,
                45.9917062
              ],
              [
                9.2753207,
                45.9917873
              ],
              [
                9.275271,
                45.991864
              ],
              [
                9.2752262,
                45.9919451
              ],
              [
                9.2751831,
                45.9920262
              ],
              [
                9.275135,
                45.9921028
              ],
              [
                9.2750422,
                45.992265
              ],
              [
                9.2749861,
                45.9923417
              ],
              [
                9.2749316,
                45.9924183
              ],
              [
                9.2748755,
                45.9924949
              ],
              [
                9.2748178,
                45.9925716
              ],
              [
                9.2747617,
                45.9926527
              ],
              [
                9.2747104,
                45.9927248
              ],
              [
                9.2746608,
                45.992806
              ],
              [
                9.2745518,
                45.9929592
              ],
              [
                9.2744925,
                45.9930404
              ],
              [
                9.2744379,
                45.9931125
              ],
              [
                9.2743802,
                45.9931891
              ],
              [
                9.2743177,
                45.9932703
              ],
              [
                9.2742534,
                45.9933379
              ],
              [
                9.2741893,
                45.9934146
              ],
              [
                9.2741283,
                45.9934913
              ],
              [
                9.2740641,
                45.9935634
              ],
              [
                9.2739967,
                45.9936401
              ],
              [
                9.2738521,
                45.9937754
              ],
              [
                9.2737895,
                45.9938521
              ],
              [
                9.2737301,
                45.9939242
              ],
              [
                9.2736676,
                45.9940054
              ],
              [
                9.273605,
                45.9940775
              ],
              [
                9.2735505,
                45.9941497
              ],
              [
                9.2734976,
                45.9942308
              ],
              [
                9.2734399,
                45.9943074
              ],
              [
                9.2733854,
                45.9943886
              ],
              [
                9.2733325,
                45.9944652
              ],
              [
                9.2732812,
                45.9945418
              ],
              [
                9.2732316,
                45.9946184
              ],
              [
                9.2731787,
                45.9946996
              ],
              [
                9.2731194,
                45.9947762
              ],
              [
                9.27306,
                45.9948484
              ],
              [
                9.2729926,
                45.994925
              ],
              [
                9.2729365,
                45.9950016
              ],
              [
                9.2728836,
                45.9950783
              ],
              [
                9.272834,
                45.9951594
              ],
              [
                9.2727827,
                45.995236
              ],
              [
                9.2727282,
                45.9953127
              ],
              [
                9.2726721,
                45.9953893
              ],
              [
                9.272616,
                45.9954704
              ],
              [
                9.2722793,
                45.9959302
              ],
              [
                9.272228,
                45.9960114
              ],
              [
                9.2721848,
                45.996088
              ],
              [
                9.2721513,
                45.9961736
              ],
              [
                9.2721065,
                45.9962547
              ],
              [
                9.2720682,
                45.9963358
              ],
              [
                9.2720315,
                45.9964168
              ],
              [
                9.2719883,
                45.9964979
              ],
              [
                9.2719419,
                45.9965836
              ],
              [
                9.2718987,
                45.9966602
              ],
              [
                9.2718539,
                45.9967413
              ],
              [
                9.2717578,
                45.9969035
              ],
              [
                9.2717098,
                45.9969801
              ],
              [
                9.2716618,
                45.9970612
              ],
              [
                9.2716154,
                45.9971424
              ],
              [
                9.2715689,
                45.997219
              ],
              [
                9.2715241,
                45.9973001
              ],
              [
                9.2714842,
                45.9973812
              ],
              [
                9.2714394,
                45.9974623
              ],
              [
                9.2713913,
                45.9975434
              ],
              [
                9.2713482,
                45.9976245
              ],
              [
                9.2713017,
                45.9977056
              ],
              [
                9.2712505,
                45.9977822
              ],
              [
                9.2712008,
                45.9978589
              ],
              [
                9.2711047,
                45.9980211
              ],
              [
                9.2710535,
                45.9981022
              ],
              [
                9.2709941,
                45.9981788
              ],
              [
                9.2709348,
                45.998251
              ],
              [
                9.270877,
                45.9983276
              ],
              [
                9.2708144,
                45.9984043
              ],
              [
                9.2707325,
                45.998472
              ],
              [
                9.2706504,
                45.9985307
              ],
              [
                9.27057,
                45.9985939
              ],
              [
                9.2704864,
                45.9986616
              ],
              [
                9.2704012,
                45.9987248
              ],
              [
                9.2703191,
                45.998788
              ],
              [
                9.2702323,
                45.9988512
              ],
              [
                9.2701503,
                45.9989189
              ],
              [
                9.2700715,
                45.9989821
              ],
              [
                9.2699042,
                45.9991085
              ],
              [
                9.2698206,
                45.9991762
              ],
              [
                9.2697354,
                45.9992394
              ],
              [
                9.2696517,
                45.9992981
              ],
              [
                9.2695697,
                45.9993657
              ],
              [
                9.2694877,
                45.999429
              ],
              [
                9.2693992,
                45.9994877
              ],
              [
                9.2693075,
                45.9995464
              ],
              [
                9.269219,
                45.9996096
              ],
              [
                9.2691386,
                45.9996773
              ],
              [
                9.2690631,
                45.999745
              ],
              [
                9.2689908,
                45.9998126
              ],
              [
                9.2689217,
                45.9998848
              ],
              [
                9.2688575,
                45.999957
              ],
              [
                9.268803,
                46.0000381
              ],
              [
                9.2687469,
                46.0001147
              ],
              [
                9.2686875,
                46.0001914
              ],
              [
                9.2686233,
                46.0002635
              ],
              [
                9.2685639,
                46.0003402
              ],
              [
                9.2683956,
                46.0005701
              ],
              [
                9.2683378,
                46.0006512
              ],
              [
                9.2682752,
                46.0007233
              ],
              [
                9.2682143,
                46.0008
              ],
              [
                9.2681533,
                46.0008721
              ],
              [
                9.2680923,
                46.0009488
              ],
              [
                9.2680329,
                46.0010209
              ],
              [
                9.2679752,
                46.0011021
              ],
              [
                9.2679191,
                46.0011787
              ],
              [
                9.2678645,
                46.0012508
              ],
              [
                9.26781,
                46.0013319
              ],
              [
                9.2677507,
                46.0014086
              ],
              [
                9.2677107,
                46.0014897
              ],
              [
                9.2676853,
                46.0015752
              ],
              [
                9.2676598,
                46.0016563
              ],
              [
                9.267628,
                46.0017419
              ],
              [
                9.2675864,
                46.001823
              ],
              [
                9.2675399,
                46.0019041
              ],
              [
                9.267487,
                46.0019807
              ],
              [
                9.2674293,
                46.0020574
              ],
              [
                9.2673667,
                46.002134
              ],
              [
                9.2672976,
                46.0022017
              ],
              [
                9.267235,
                46.0022783
              ],
              [
                9.2671676,
                46.0023505
              ],
              [
                9.2671066,
                46.0024271
              ],
              [
                9.2670488,
                46.0025038
              ],
              [
                9.2669895,
                46.0025804
              ],
              [
                9.266935,
                46.002657
              ],
              [
                9.2668821,
                46.0027382
              ],
              [
                9.2668292,
                46.0028148
              ],
              [
                9.266773,
                46.0028914
              ],
              [
                9.2666991,
                46.0029591
              ],
              [
                9.2666106,
                46.0030223
              ],
              [
                9.2665221,
                46.003081
              ],
              [
                9.2663321,
                46.0031895
              ],
              [
                9.2661357,
                46.0032979
              ],
              [
                9.2660358,
                46.0033477
              ],
              [
                9.2659295,
                46.0033929
              ],
              [
                9.2658183,
                46.0034292
              ],
              [
                9.2657022,
                46.0034609
              ],
              [
                9.2654273,
                46.0040466
              ],
              [
                9.2653656,
                46.0042987
              ],
              [
                9.2653612,
                46.0047308
              ],
              [
                9.2655611,
                46.0067103
              ],
              [
                9.2655409,
                46.0080784
              ],
              [
                9.2657518,
                46.0088012
              ],
              [
                9.2668661,
                46.0118387
              ],
              [
                9.268025,
                46.0149974
              ],
              [
                9.277063,
                46.0394659
              ],
              [
                9.2809312,
                46.0530421
              ],
              [
                9.2810612,
                46.0531678
              ],
              [
                9.281214,
                46.0533609
              ],
              [
                9.2813385,
                46.0536936
              ],
              [
                9.2824393,
                46.0553469
              ],
              [
                9.282622,
                46.0556884
              ],
              [
                9.2831972,
                46.0566275
              ],
              [
                9.283434,
                46.0571129
              ],
              [
                9.2838712,
                46.0579309
              ],
              [
                9.2843565,
                46.0586587
              ],
              [
                9.2847204,
                46.0593418
              ],
              [
                9.2848693,
                46.0596924
              ],
              [
                9.2852775,
                46.0605194
              ],
              [
                9.2856055,
                46.0611351
              ],
              [
                9.2856967,
                46.0612653
              ],
              [
                9.2860925,
                46.0621733
              ],
              [
                9.2864298,
                46.062708
              ],
              [
                9.2867828,
                46.0634721
              ],
              [
                9.2869543,
                46.0637402
              ],
              [
                9.2870338,
                46.0638675
              ],
              [
                9.2871597,
                46.0641462
              ],
              [
                9.2873585,
                46.0647892
              ],
              [
                9.2883274,
                46.0664832
              ],
              [
                9.2892071,
                46.0678085
              ],
              [
                9.2895787,
                46.0684106
              ],
              [
                9.290042,
                46.0692284
              ],
              [
                9.2905779,
                46.0700146
              ],
              [
                9.290927,
                46.0706302
              ],
              [
                9.291243,
                46.0710884
              ],
              [
                9.2916099,
                46.0716904
              ],
              [
                9.2922516,
                46.0726113
              ],
              [
                9.2925955,
                46.0731414
              ],
              [
                9.2929208,
                46.0738336
              ],
              [
                9.2932292,
                46.0743773
              ],
              [
                9.2935868,
                46.0750649
              ],
              [
                9.2939065,
                46.0756041
              ],
              [
                9.2941721,
                46.0763099
              ],
              [
                9.2941756,
                46.0763504
              ],
              [
                9.2941797,
                46.0765214
              ],
              [
                9.2942302,
                46.0768857
              ],
              [
                9.2943355,
                46.077241
              ],
              [
                9.2944118,
                46.0776008
              ],
              [
                9.2945458,
                46.0784734
              ],
              [
                9.2946304,
                46.0794902
              ],
              [
                9.294623,
                46.0799267
              ],
              [
                9.2945756,
                46.0804354
              ],
              [
                9.2945816,
                46.0806558
              ],
              [
                9.2946506,
                46.0811642
              ],
              [
                9.2947866,
                46.0818163
              ],
              [
                9.2948104,
                46.0820278
              ],
              [
                9.2950518,
                46.0830396
              ],
              [
                9.2951712,
                46.0842003
              ],
              [
                9.2951181,
                46.0848575
              ],
              [
                9.2950618,
                46.0852176
              ],
              [
                9.2949739,
                46.0866039
              ],
              [
                9.2949443,
                46.08682
              ],
              [
                9.294829,
                46.0873243
              ],
              [
                9.2946505,
                46.0878197
              ],
              [
                9.2945081,
                46.0883916
              ],
              [
                9.294404,
                46.0889004
              ],
              [
                9.2942441,
                46.0901338
              ],
              [
                9.2942108,
                46.0905704
              ],
              [
                9.2940275,
                46.0910659
              ],
              [
                9.2940031,
                46.0913404
              ],
              [
                9.2940083,
                46.0917049
              ],
              [
                9.2937031,
                46.0930017
              ],
              [
                9.2934915,
                46.0936413
              ],
              [
                9.2934497,
                46.0940059
              ],
              [
                9.2933789,
                46.0943661
              ],
              [
                9.2933898,
                46.0945865
              ],
              [
                9.2932841,
                46.0950908
              ],
              [
                9.2932027,
                46.0953025
              ],
              [
                9.2930186,
                46.0956405
              ],
              [
                9.2927102,
                46.0963388
              ],
              [
                9.2926041,
                46.0967711
              ],
              [
                9.2926087,
                46.0973381
              ],
              [
                9.2926172,
                46.0980131
              ],
              [
                9.29246,
                46.098261
              ],
              [
                9.2924668,
                46.098324
              ],
              [
                9.2924303,
                46.0984591
              ],
              [
                9.2926244,
                46.0990661
              ],
              [
                9.2926722,
                46.0992459
              ],
              [
                9.2926712,
                46.0996554
              ],
              [
                9.2927049,
                46.0999119
              ],
              [
                9.2928547,
                46.1004155
              ],
              [
                9.2929184,
                46.1008383
              ],
              [
                9.2931673,
                46.1017152
              ],
              [
                9.2933124,
                46.1025383
              ],
              [
                9.2933288,
                46.1025878
              ],
              [
                9.2933819,
                46.1028351
              ],
              [
                9.2933798,
                46.1030601
              ],
              [
                9.2934441,
                46.1035955
              ],
              [
                9.2934456,
                46.1038745
              ],
              [
                9.2934793,
                46.1041309
              ],
              [
                9.2935521,
                46.1044367
              ],
              [
                9.2936583,
                46.1055389
              ],
              [
                9.2938598,
                46.1066364
              ],
              [
                9.293924,
                46.1074463
              ],
              [
                9.2940022,
                46.1078691
              ],
              [
                9.2941113,
                46.1083008
              ],
              [
                9.2944719,
                46.1091864
              ],
              [
                9.2946007,
                46.1093885
              ],
              [
                9.2948981,
                46.1099458
              ],
              [
                9.2951981,
                46.1106965
              ],
              [
                9.2953533,
                46.1115781
              ],
              [
                9.295375,
                46.1120146
              ],
              [
                9.2954519,
                46.1124824
              ],
              [
                9.295609,
                46.1131255
              ],
              [
                9.2957357,
                46.1138181
              ],
              [
                9.2958493,
                46.1141823
              ],
              [
                9.2959963,
                46.1144565
              ],
              [
                9.2962882,
                46.1151937
              ],
              [
                9.2964456,
                46.1158863
              ],
              [
                9.2965872,
                46.1163539
              ],
              [
                9.2967971,
                46.1171724
              ],
              [
                9.2969526,
                46.1175005
              ],
              [
                9.2970953,
                46.1178736
              ],
              [
                9.2972008,
                46.1182423
              ],
              [
                9.2975183,
                46.1189165
              ],
              [
                9.297751,
                46.1194694
              ],
              [
                9.2980298,
                46.1204632
              ],
              [
                9.2982016,
                46.1208182
              ],
              [
                9.2985087,
                46.1213619
              ],
              [
                9.2990389,
                46.1221751
              ],
              [
                9.2992358,
                46.122386
              ],
              [
                9.2994893,
                46.1225969
              ],
              [
                9.2998053,
                46.122983
              ],
              [
                9.3001633,
                46.1233556
              ],
              [
                9.3002592,
                46.1234453
              ],
              [
                9.3007229,
                46.1239211
              ],
              [
                9.3008741,
                46.1240467
              ],
              [
                9.3012357,
                46.1242033
              ],
              [
                9.301534,
                46.124306
              ],
              [
                9.3025509,
                46.1247533
              ],
              [
                9.3031411,
                46.1249812
              ],
              [
                9.3033503,
                46.1250797
              ],
              [
                9.3038171,
                46.1252269
              ],
              [
                9.3039418,
                46.1252581
              ],
              [
                9.3052484,
                46.1254121
              ],
              [
                9.306084,
                46.1255448
              ],
              [
                9.3063884,
                46.12558
              ],
              [
                9.306884,
                46.1256822
              ],
              [
                9.3072905,
                46.1257396
              ],
              [
                9.3078218,
                46.1258552
              ],
              [
                9.3095381,
                46.1260755
              ],
              [
                9.3103167,
                46.1261319
              ],
              [
                9.3104981,
                46.1261629
              ],
              [
                9.312043,
                46.1264017
              ],
              [
                9.3148103,
                46.1267811
              ],
              [
                9.3173107,
                46.1271611
              ],
              [
                9.3179906,
                46.1272312
              ],
              [
                9.3185671,
                46.1273106
              ],
              [
                9.3206998,
                46.1287177
              ],
              [
                9.3339593,
                46.1363926
              ],
              [
                9.3414452,
                46.1415814
              ],
              [
                9.3426987,
                46.1424464
              ],
              [
                9.3445707,
                46.1434485
              ],
              [
                9.3498796,
                46.1457903
              ],
              [
                9.3630173,
                46.1516847
              ],
              [
                9.3630807,
                46.151716
              ],
              [
                9.3669909,
                46.1513884
              ],
              [
                9.3729105,
                46.1513827
              ],
              [
                9.3749612,
                46.151349
              ],
              [
                9.3750488,
                46.1513802
              ],
              [
                9.3754632,
                46.1513788
              ],
              [
                9.3762851,
                46.1513131
              ],
              [
                9.3775393,
                46.151282
              ],
              [
                9.3783516,
                46.1512343
              ],
              [
                9.3795658,
                46.1512527
              ],
              [
                9.3806677,
                46.151195
              ],
              [
                9.3814785,
                46.1511743
              ],
              [
                9.3824799,
                46.1510855
              ],
              [
                9.3830853,
                46.1510834
              ],
              [
                9.3834335,
                46.1511183
              ],
              [
                9.3843783,
                46.1510386
              ],
              [
                9.3845047,
                46.1510562
              ],
              [
                9.3856389,
                46.1509848
              ],
              [
                9.3865599,
                46.1509817
              ],
              [
                9.3874159,
                46.1509383
              ],
              [
                9.3883403,
                46.1509531
              ],
              [
                9.3891123,
                46.1509415
              ],
              [
                9.3902009,
                46.1508298
              ],
              [
                9.3959136,
                46.1506526
              ],
              [
                9.3966482,
                46.1506095
              ],
              [
                9.3975998,
                46.1505882
              ],
              [
                9.3983053,
                46.1505452
              ],
              [
                9.3998184,
                46.1504994
              ],
              [
                9.4010804,
                46.1504185
              ],
              [
                9.4019139,
                46.1503976
              ],
              [
                9.4024837,
                46.1504046
              ],
              [
                9.4036409,
                46.1503825
              ],
              [
                9.4046165,
                46.150316
              ],
              [
                9.4056797,
                46.1502762
              ],
              [
                9.4064534,
                46.1502825
              ],
              [
                9.4074282,
                46.150324
              ],
              [
                9.4078115,
                46.1502821
              ],
              [
                9.4083569,
                46.1502667
              ],
              [
                9.4095587,
                46.1501544
              ],
              [
                9.4096168,
                46.1501271
              ],
              [
                9.4096519,
                46.150064
              ],
              [
                9.4096794,
                46.1496274
              ],
              [
                9.4097202,
                46.1494428
              ],
              [
                9.4098315,
                46.1491814
              ],
              [
                9.4100103,
                46.1488387
              ],
              [
                9.4102418,
                46.1486354
              ],
              [
                9.4104883,
                46.1484815
              ],
              [
                9.4107046,
                46.1483997
              ],
              [
                9.411081,
                46.1483039
              ],
              [
                9.4111989,
                46.1482629
              ],
              [
                9.4112697,
                46.1482132
              ],
              [
                9.4114726,
                46.147857
              ],
              [
                9.4115901,
                46.1475505
              ],
              [
                9.4119026,
                46.1469104
              ],
              [
                9.4118483,
                46.1467981
              ],
              [
                9.411576,
                46.1465291
              ],
              [
                9.4110197,
                46.1461576
              ],
              [
                9.4106746,
                46.1458933
              ],
              [
                9.4099792,
                46.1455313
              ],
              [
                9.409448,
                46.1454691
              ],
              [
                9.409513,
                46.145274
              ],
              [
                9.4096267,
                46.1449895
              ],
              [
                9.4097543,
                46.1446976
              ],
              [
                9.409874,
                46.1444309
              ],
              [
                9.4101325,
                46.1438821
              ],
              [
                9.4103325,
                46.1434772
              ],
              [
                9.4108084,
                46.1425103
              ],
              [
                9.4110569,
                46.1419888
              ],
              [
                9.4113831,
                46.1412828
              ],
              [
                9.4115262,
                46.1409403
              ],
              [
                9.4116655,
                46.1405168
              ],
              [
                9.4124247,
                46.139029
              ],
              [
                9.4131269,
                46.137717
              ],
              [
                9.4133617,
                46.1372976
              ],
              [
                9.413567,
                46.1370539
              ],
              [
                9.4136313,
                46.1369906
              ],
              [
                9.4136996,
                46.1370399
              ],
              [
                9.4139509,
                46.1373225
              ],
              [
                9.4139515,
                46.137399
              ],
              [
                9.4140267,
                46.1374977
              ],
              [
                9.4147117,
                46.1386382
              ],
              [
                9.4150784,
                46.1394019
              ],
              [
                9.4154099,
                46.1400127
              ],
              [
                9.4155241,
                46.1401998
              ],
              [
                9.4158212,
                46.1406862
              ],
              [
                9.4162808,
                46.141337
              ],
              [
                9.4166641,
                46.1419386
              ],
              [
                9.416848,
                46.1422799
              ],
              [
                9.4169978,
                46.1426259
              ],
              [
                9.4171716,
                46.1429177
              ],
              [
                9.4173,
                46.1432053
              ],
              [
                9.4177943,
                46.144567
              ],
              [
                9.4180366,
                46.1451511
              ],
              [
                9.4182992,
                46.1456226
              ],
              [
                9.4184317,
                46.1458111
              ],
              [
                9.4186309,
                46.1460399
              ],
              [
                9.4188591,
                46.1462505
              ],
              [
                9.4191259,
                46.1464251
              ],
              [
                9.4193743,
                46.1465322
              ],
              [
                9.4196598,
                46.1466121
              ],
              [
                9.4200877,
                46.146687
              ],
              [
                9.4204343,
                46.1467262
              ],
              [
                9.4219827,
                46.1468075
              ],
              [
                9.4223564,
                46.1468271
              ],
              [
                9.4228731,
                46.1468837
              ],
              [
                9.4231374,
                46.1469367
              ],
              [
                9.4232915,
                46.1469857
              ],
              [
                9.4234815,
                46.1470705
              ],
              [
                9.4235598,
                46.1471512
              ],
              [
                9.4235768,
                46.1472501
              ],
              [
                9.4235643,
                46.1473087
              ],
              [
                9.4234622,
                46.147498
              ],
              [
                9.4233532,
                46.1476424
              ],
              [
                9.4226647,
                46.1484055
              ],
              [
                9.4219722,
                46.1494971
              ],
              [
                9.4217609,
                46.1498083
              ],
              [
                9.4216654,
                46.1500202
              ],
              [
                9.4216189,
                46.1500834
              ],
              [
                9.4212681,
                46.1503502
              ],
              [
                9.4212589,
                46.1504222
              ],
              [
                9.4215726,
                46.1508035
              ],
              [
                9.4216303,
                46.1509383
              ],
              [
                9.4216989,
                46.1512306
              ],
              [
                9.4218019,
                46.1513562
              ],
              [
                9.422506,
                46.1524156
              ],
              [
                9.4230866,
                46.1531919
              ],
              [
                9.4238199,
                46.1542422
              ],
              [
                9.4240388,
                46.1544979
              ],
              [
                9.4241562,
                46.1548124
              ],
              [
                9.4242132,
                46.1550687
              ],
              [
                9.4240375,
                46.1551684
              ],
              [
                9.424008,
                46.155335
              ],
              [
                9.4239639,
                46.1565186
              ],
              [
                9.4239624,
                46.1565592
              ],
              [
                9.4239156,
                46.1569958
              ],
              [
                9.4239254,
                46.1572163
              ],
              [
                9.4238715,
                46.1594755
              ],
              [
                9.4238479,
                46.1616671
              ],
              [
                9.4238672,
                46.162072
              ],
              [
                9.4238557,
                46.1624082
              ],
              [
                9.4238724,
                46.16254
              ],
              [
                9.4240497,
                46.1687403
              ],
              [
                9.4241035,
                46.1715166
              ],
              [
                9.4240846,
                46.1717664
              ],
              [
                9.4240844,
                46.1717687
              ],
              [
                9.4241095,
                46.1718811
              ],
              [
                9.4241618,
                46.1750218
              ],
              [
                9.4242148,
                46.1788152
              ],
              [
                9.4244095,
                46.1868424
              ],
              [
                9.4244267,
                46.1875983
              ],
              [
                9.4236511,
                46.1893292
              ],
              [
                9.4235096,
                46.1902972
              ],
              [
                9.4239211,
                46.1904065
              ],
              [
                9.423613,
                46.1906794
              ],
              [
                9.4238897,
                46.1910653
              ],
              [
                9.4240276,
                46.1913033
              ],
              [
                9.4243076,
                46.1916938
              ],
              [
                9.4247998,
                46.1922904
              ],
              [
                9.4252048,
                46.1929234
              ],
              [
                9.4257035,
                46.1935201
              ],
              [
                9.4262869,
                46.1943819
              ],
              [
                9.426583,
                46.1947587
              ],
              [
                9.4268816,
                46.1952346
              ],
              [
                9.4271333,
                46.1955307
              ],
              [
                9.4273561,
                46.1958404
              ],
              [
                9.4276991,
                46.1962036
              ],
              [
                9.4282171,
                46.1969891
              ],
              [
                9.4287385,
                46.1975767
              ],
              [
                9.4290581,
                46.1980434
              ],
              [
                9.4295818,
                46.19873
              ],
              [
                9.430535,
                46.2000449
              ],
              [
                9.4308401,
                46.2005162
              ],
              [
                9.431105,
                46.2008347
              ],
              [
                9.4313463,
                46.2012343
              ],
              [
                9.4317628,
                46.2018582
              ],
              [
                9.4321575,
                46.2023967
              ],
              [
                9.4331689,
                46.2036889
              ],
              [
                9.4339034,
                46.204784
              ],
              [
                9.4340915,
                46.2050038
              ],
              [
                9.434496,
                46.2055423
              ],
              [
                9.4353856,
                46.2067809
              ],
              [
                9.436197,
                46.2077498
              ],
              [
                9.4364723,
                46.2081402
              ],
              [
                9.4366168,
                46.2083782
              ],
              [
                9.436846,
                46.2086833
              ],
              [
                9.4369744,
                46.2089303
              ],
              [
                9.4372473,
                46.2092172
              ],
              [
                9.4378738,
                46.2099618
              ],
              [
                9.438267,
                46.2105003
              ],
              [
                9.4388702,
                46.211155
              ],
              [
                9.4391843,
                46.2115273
              ],
              [
                9.4393353,
                46.2117697
              ],
              [
                9.4394532,
                46.2119177
              ],
              [
                9.439731,
                46.2122046
              ],
              [
                9.4400976,
                46.2126577
              ],
              [
                9.4401977,
                46.2128148
              ],
              [
                9.4403939,
                46.2130346
              ],
              [
                9.4405473,
                46.2133625
              ],
              [
                9.4406278,
                46.2137042
              ],
              [
                9.4406222,
                46.2142217
              ],
              [
                9.440575,
                46.2143929
              ],
              [
                9.4404618,
                46.2146363
              ],
              [
                9.4403432,
                46.2147898
              ],
              [
                9.4402692,
                46.214862
              ],
              [
                9.4401789,
                46.2149164
              ],
              [
                9.4401308,
                46.2149796
              ],
              [
                9.4400788,
                46.2149663
              ],
              [
                9.4398705,
                46.2150616
              ],
              [
                9.439536,
                46.2151754
              ],
              [
                9.4392178,
                46.2153116
              ],
              [
                9.4387783,
                46.2154708
              ],
              [
                9.4373169,
                46.2161289
              ],
              [
                9.4368741,
                46.2162881
              ],
              [
                9.4364067,
                46.2164069
              ],
              [
                9.4354437,
                46.2165771
              ],
              [
                9.4348268,
                46.2166379
              ],
              [
                9.4343276,
                46.2166398
              ],
              [
                9.43396,
                46.2166772
              ],
              [
                9.4336156,
                46.216773
              ],
              [
                9.4334024,
                46.2168638
              ],
              [
                9.4327251,
                46.2170824
              ],
              [
                9.4320887,
                46.2173548
              ],
              [
                9.4316884,
                46.2175588
              ],
              [
                9.430941,
                46.218032
              ],
              [
                9.4307659,
                46.2181428
              ],
              [
                9.4305657,
                46.2182426
              ],
              [
                9.4302541,
                46.2183833
              ],
              [
                9.4297062,
                46.2185878
              ],
              [
                9.4286319,
                46.2190239
              ],
              [
                9.4281037,
                46.2192509
              ],
              [
                9.4272818,
                46.2196454
              ],
              [
                9.4267339,
                46.2198455
              ],
              [
                9.4265272,
                46.2199408
              ],
              [
                9.4263483,
                46.2200629
              ],
              [
                9.4261393,
                46.2202797
              ],
              [
                9.4256479,
                46.220664
              ],
              [
                9.4254934,
                46.2208041
              ],
              [
                9.4253161,
                46.2209263
              ],
              [
                9.4246871,
                46.2212823
              ],
              [
                9.424548,
                46.2213611
              ],
              [
                9.4240948,
                46.2216553
              ],
              [
                9.4235758,
                46.2220307
              ],
              [
                9.4231601,
                46.2223563
              ],
              [
                9.4228859,
                46.2225283
              ],
              [
                9.4224709,
                46.2227233
              ],
              [
                9.4221966,
                46.2228909
              ],
              [
                9.4219388,
                46.2230808
              ],
              [
                9.4217134,
                46.2232886
              ],
              [
                9.4215116,
                46.2233929
              ],
              [
                9.4213985,
                46.2234338
              ],
              [
                9.4213337,
                46.2234385
              ],
              [
                9.4212199,
                46.2233895
              ],
              [
                9.4210163,
                46.2232642
              ],
              [
                9.4208939,
                46.2231567
              ],
              [
                9.4208219,
                46.2230669
              ],
              [
                9.4207394,
                46.2228737
              ],
              [
                9.4207121,
                46.2226938
              ],
              [
                9.4207196,
                46.2224013
              ],
              [
                9.4206824,
                46.222199
              ],
              [
                9.420636,
                46.2220731
              ],
              [
                9.4205639,
                46.2219699
              ],
              [
                9.4204726,
                46.2218982
              ],
              [
                9.42038,
                46.2218671
              ],
              [
                9.4202318,
                46.2217776
              ],
              [
                9.4200502,
                46.2215578
              ],
              [
                9.4199276,
                46.2212073
              ],
              [
                9.4198159,
                46.2210142
              ],
              [
                9.4197596,
                46.2208524
              ],
              [
                9.4197568,
                46.2206949
              ],
              [
                9.4197108,
                46.2204071
              ],
              [
                9.4196543,
                46.2202273
              ],
              [
                9.419365,
                46.2196929
              ],
              [
                9.419246,
                46.2193963
              ],
              [
                9.4191761,
                46.2191581
              ],
              [
                9.419107,
                46.2190188
              ],
              [
                9.4190678,
                46.218974
              ],
              [
                9.4188433,
                46.2188623
              ],
              [
                9.4187779,
                46.218786
              ],
              [
                9.418633,
                46.2184941
              ],
              [
                9.4185512,
                46.2183954
              ],
              [
                9.4181988,
                46.2180861
              ],
              [
                9.4179484,
                46.2177676
              ],
              [
                9.4178749,
                46.2174798
              ],
              [
                9.4177735,
                46.2173542
              ],
              [
                9.4176155,
                46.2172558
              ],
              [
                9.4173873,
                46.2170721
              ],
              [
                9.4173251,
                46.2169959
              ],
              [
                9.4172195,
                46.2167533
              ],
              [
                9.4171542,
                46.2166815
              ],
              [
                9.416827,
                46.2164937
              ],
              [
                9.4166439,
                46.2162874
              ],
              [
                9.416458,
                46.2161395
              ],
              [
                9.4160138,
                46.2158937
              ],
              [
                9.415296,
                46.2152663
              ],
              [
                9.4152362,
                46.2150775
              ],
              [
                9.4151706,
                46.2149833
              ],
              [
                9.414897,
                46.2147998
              ],
              [
                9.4145335,
                46.2147381
              ],
              [
                9.4142784,
                46.2146445
              ],
              [
                9.4137786,
                46.2143358
              ],
              [
                9.4136109,
                46.2142374
              ],
              [
                9.4134255,
                46.2141526
              ],
              [
                9.413178,
                46.213996
              ],
              [
                9.4124236,
                46.2136657
              ],
              [
                9.4121263,
                46.2135633
              ],
              [
                9.4115844,
                46.2134753
              ],
              [
                9.4113607,
                46.2134671
              ],
              [
                9.4110286,
                46.2134908
              ],
              [
                9.4109251,
                46.2135137
              ],
              [
                9.4105243,
                46.2136546
              ],
              [
                9.41,
                46.213769
              ],
              [
                9.4095844,
                46.213883
              ],
              [
                9.4093856,
                46.2139557
              ],
              [
                9.4081288,
                46.2142707
              ],
              [
                9.4079102,
                46.2142985
              ],
              [
                9.4077212,
                46.2143757
              ],
              [
                9.4076093,
                46.2143626
              ],
              [
                9.4069123,
                46.2141266
              ],
              [
                9.4065271,
                46.2139704
              ],
              [
                9.4060315,
                46.2137967
              ],
              [
                9.4057454,
                46.2136717
              ],
              [
                9.405544,
                46.2136094
              ],
              [
                9.404903,
                46.2134857
              ],
              [
                9.4046935,
                46.213428
              ],
              [
                9.4042587,
                46.213362
              ],
              [
                9.4039502,
                46.2132776
              ],
              [
                9.4030073,
                46.212867
              ],
              [
                9.4029275,
                46.2128132
              ],
              [
                9.4023859,
                46.2125452
              ],
              [
                9.4020522,
                46.2123393
              ],
              [
                9.4017693,
                46.2122188
              ],
              [
                9.4015138,
                46.2120712
              ],
              [
                9.4013558,
                46.2119593
              ],
              [
                9.4011736,
                46.2118654
              ],
              [
                9.4008684,
                46.211781
              ],
              [
                9.400536,
                46.2117507
              ],
              [
                9.400314,
                46.2117515
              ],
              [
                9.4000971,
                46.2117882
              ],
              [
                9.399688,
                46.2119112
              ],
              [
                9.3994659,
                46.2118984
              ],
              [
                9.3991322,
                46.2119176
              ],
              [
                9.3982411,
                46.2119342
              ],
              [
                9.397909,
                46.2119579
              ],
              [
                9.3974648,
                46.2119324
              ],
              [
                9.3971329,
                46.2119651
              ],
              [
                9.3964666,
                46.2119269
              ],
              [
                9.3959091,
                46.2119289
              ],
              [
                9.3956889,
                46.2119521
              ],
              [
                9.3955786,
                46.211939
              ],
              [
                9.3950264,
                46.2119859
              ],
              [
                9.3946925,
                46.2119826
              ],
              [
                9.394472,
                46.2119608
              ],
              [
                9.3938029,
                46.2119812
              ],
              [
                9.3936928,
                46.2119905
              ],
              [
                9.3935909,
                46.2120224
              ],
              [
                9.3934003,
                46.2121085
              ],
              [
                9.3929072,
                46.2122767
              ],
              [
                9.3927954,
                46.2122726
              ],
              [
                9.3926883,
                46.2122505
              ],
              [
                9.3923718,
                46.2121751
              ],
              [
                9.3920091,
                46.2120008
              ],
              [
                9.3919567,
                46.2119625
              ],
              [
                9.3915498,
                46.2116649
              ],
              [
                9.3913007,
                46.2115083
              ],
              [
                9.3909259,
                46.2112171
              ],
              [
                9.3905891,
                46.2110202
              ],
              [
                9.3900499,
                46.2106261
              ],
              [
                9.3897131,
                46.2104247
              ],
              [
                9.3896124,
                46.2103936
              ],
              [
                9.3891729,
                46.2103456
              ],
              [
                9.3889493,
                46.2103553
              ],
              [
                9.3886273,
                46.2104104
              ],
              [
                9.3884187,
                46.2104697
              ],
              [
                9.3882034,
                46.2105019
              ],
              [
                9.3875443,
                46.2107966
              ],
              [
                9.3871466,
                46.210933
              ],
              [
                9.3868279,
                46.2110061
              ],
              [
                9.3865485,
                46.211133
              ],
              [
                9.3861278,
                46.2112289
              ],
              [
                9.3856054,
                46.2113657
              ],
              [
                9.3854049,
                46.2114339
              ],
              [
                9.3847756,
                46.211589
              ],
              [
                9.3841808,
                46.2118025
              ],
              [
                9.3836665,
                46.2119482
              ],
              [
                9.3831292,
                46.2120446
              ],
              [
                9.3829055,
                46.2120453
              ],
              [
                9.3826886,
                46.2120775
              ],
              [
                9.3822431,
                46.212097
              ],
              [
                9.381801,
                46.2121345
              ],
              [
                9.3816942,
                46.2121529
              ],
              [
                9.3816005,
                46.2121982
              ],
              [
                9.3814937,
                46.2122165
              ],
              [
                9.380951,
                46.2122499
              ],
              [
                9.3806059,
                46.2122555
              ],
              [
                9.380052,
                46.2122979
              ],
              [
                9.37983,
                46.2122986
              ],
              [
                9.3794997,
                46.2123402
              ],
              [
                9.3788338,
                46.2123559
              ],
              [
                9.3785014,
                46.21233
              ],
              [
                9.3781784,
                46.2122636
              ],
              [
                9.3777437,
                46.212202
              ],
              [
                9.3775217,
                46.2121983
              ],
              [
                9.3771909,
                46.2121634
              ],
              [
                9.3766474,
                46.2120797
              ],
              [
                9.3763325,
                46.2119997
              ],
              [
                9.3761136,
                46.2119734
              ],
              [
                9.3753326,
                46.211985
              ],
              [
                9.3750187,
                46.212058
              ],
              [
                9.3746276,
                46.2122123
              ],
              [
                9.3745485,
                46.2122621
              ],
              [
                9.3740555,
                46.2126867
              ],
              [
                9.3738672,
                46.2128763
              ],
              [
                9.3737569,
                46.2130927
              ],
              [
                9.3735172,
                46.2133545
              ],
              [
                9.3734242,
                46.2134943
              ],
              [
                9.3733571,
                46.213643
              ],
              [
                9.3733484,
                46.213796
              ],
              [
                9.37327,
                46.2139403
              ],
              [
                9.3732105,
                46.214008
              ],
              [
                9.3726131,
                46.2145679
              ],
              [
                9.3723228,
                46.2147714
              ],
              [
                9.37215,
                46.2148709
              ],
              [
                9.3720212,
                46.2149884
              ],
              [
                9.371934,
                46.2150381
              ],
              [
                9.3718321,
                46.2150655
              ],
              [
                9.3716119,
                46.2150932
              ],
              [
                9.3711663,
                46.2151036
              ],
              [
                9.3710872,
                46.2151108
              ],
              [
                9.3695127,
                46.215262
              ],
              [
                9.3691824,
                46.2152946
              ],
              [
                9.3688783,
                46.2153901
              ],
              [
                9.3687683,
                46.2154084
              ],
              [
                9.3677771,
                46.2155061
              ],
              [
                9.3672298,
                46.2155799
              ],
              [
                9.3669045,
                46.215635
              ],
              [
                9.3664986,
                46.2157623
              ],
              [
                9.3661073,
                46.2159075
              ],
              [
                9.3658507,
                46.2160613
              ],
              [
                9.3654546,
                46.2162021
              ],
              [
                9.365193,
                46.2163424
              ],
              [
                9.3648043,
                46.2166227
              ],
              [
                9.3646119,
                46.2166998
              ],
              [
                9.3641645,
                46.2169307
              ],
              [
                9.3637937,
                46.2172199
              ],
              [
                9.3635288,
                46.2173603
              ],
              [
                9.3629437,
                46.2178301
              ],
              [
                9.3626918,
                46.2179794
              ],
              [
                9.362506,
                46.2180655
              ],
              [
                9.3619975,
                46.2183641
              ],
              [
                9.3616209,
                46.2185228
              ],
              [
                9.3615099,
                46.2186537
              ],
              [
                9.3611791,
                46.2188617
              ],
              [
                9.3609484,
                46.2190335
              ],
              [
                9.3607626,
                46.219115
              ],
              [
                9.3603254,
                46.2191704
              ],
              [
                9.3596596,
                46.219222
              ],
              [
                9.3593258,
                46.2192366
              ],
              [
                9.358778,
                46.2192293
              ],
              [
                9.3583358,
                46.2192757
              ],
              [
                9.3577798,
                46.2192505
              ],
              [
                9.3575628,
                46.2192871
              ],
              [
                9.3572306,
                46.2192972
              ],
              [
                9.3570203,
                46.2193563
              ],
              [
                9.3565864,
                46.2194207
              ],
              [
                9.3561575,
                46.2195075
              ],
              [
                9.3554866,
                46.2197796
              ],
              [
                9.3552674,
                46.2199558
              ],
              [
                9.3551499,
                46.2200867
              ],
              [
                9.3548766,
                46.2204295
              ],
              [
                9.3547548,
                46.2206414
              ],
              [
                9.3545713,
                46.2208355
              ],
              [
                9.3545361,
                46.2209076
              ],
              [
                9.3544792,
                46.2211418
              ],
              [
                9.3544721,
                46.2212948
              ],
              [
                9.3543783,
                46.2218306
              ],
              [
                9.3543825,
                46.222222
              ],
              [
                9.354426,
                46.2226809
              ],
              [
                9.3544014,
                46.2231445
              ],
              [
                9.3544202,
                46.2232974
              ],
              [
                9.3543552,
                46.2235226
              ],
              [
                9.3543336,
                46.2236802
              ],
              [
                9.3542426,
                46.2236535
              ],
              [
                9.354067,
                46.2235595
              ],
              [
                9.3536818,
                46.2234032
              ],
              [
                9.3534597,
                46.2233904
              ],
              [
                9.353246,
                46.2234316
              ],
              [
                9.3529199,
                46.2236396
              ],
              [
                9.3525886,
                46.2240456
              ],
              [
                9.3524398,
                46.2243386
              ],
              [
                9.3522936,
                46.224789
              ],
              [
                9.352255,
                46.2250996
              ],
              [
                9.3522549,
                46.2253291
              ],
              [
                9.3521585,
                46.2257119
              ],
              [
                9.3520767,
                46.2258517
              ],
              [
                9.3517425,
                46.2260597
              ],
              [
                9.3514398,
                46.2266366
              ],
              [
                9.3513354,
                46.2267764
              ],
              [
                9.3511816,
                46.2270649
              ],
              [
                9.3509342,
                46.2274122
              ],
              [
                9.3508714,
                46.2274754
              ],
              [
                9.350626,
                46.2276336
              ],
              [
                9.3503038,
                46.2279451
              ],
              [
                9.350078,
                46.2281123
              ],
              [
                9.3498977,
                46.2283109
              ],
              [
                9.3497332,
                46.2284509
              ],
              [
                9.3493041,
                46.2287717
              ],
              [
                9.3491692,
                46.2289656
              ],
              [
                9.3490627,
                46.2290559
              ],
              [
                9.3489535,
                46.2292092
              ],
              [
                9.3487715,
                46.2293898
              ],
              [
                9.3486879,
                46.2294981
              ],
              [
                9.3485853,
                46.2296784
              ],
              [
                9.3485588,
                46.2298494
              ],
              [
                9.3483561,
                46.2300976
              ],
              [
                9.348269,
                46.2301608
              ],
              [
                9.3480962,
                46.2302604
              ],
              [
                9.3480039,
                46.2302876
              ],
              [
                9.3473461,
                46.2303301
              ],
              [
                9.347202,
                46.2303531
              ],
              [
                9.3465564,
                46.2305486
              ],
              [
                9.346116,
                46.2306309
              ],
              [
                9.3453657,
                46.2306692
              ],
              [
                9.3448765,
                46.2307247
              ],
              [
                9.3443439,
                46.2308433
              ],
              [
                9.3438278,
                46.2310113
              ],
              [
                9.3422604,
                46.231295
              ],
              [
                9.3420778,
                46.2313811
              ],
              [
                9.341805,
                46.2315709
              ],
              [
                9.3412504,
                46.2320496
              ],
              [
                9.3408501,
                46.2323298
              ],
              [
                9.3406319,
                46.2324384
              ],
              [
                9.340441,
                46.232502
              ],
              [
                9.3401059,
                46.2325705
              ],
              [
                9.3391629,
                46.2326498
              ],
              [
                9.3385663,
                46.2326471
              ],
              [
                9.3381953,
                46.2326887
              ],
              [
                9.3376365,
                46.2327578
              ],
              [
                9.3375937,
                46.2329245
              ],
              [
                9.3374725,
                46.2329833
              ],
              [
                9.3367107,
                46.2332691
              ],
              [
                9.3361831,
                46.2334146
              ],
              [
                9.3355469,
                46.2335515
              ],
              [
                9.3352362,
                46.2336559
              ],
              [
                9.3348191,
                46.2338416
              ],
              [
                9.3345268,
                46.2340315
              ],
              [
                9.3343531,
                46.234257
              ],
              [
                9.3342627,
                46.2343158
              ],
              [
                9.333663,
                46.234862
              ],
              [
                9.3332947,
                46.2350881
              ],
              [
                9.3331749,
                46.2351065
              ],
              [
                9.3328781,
                46.2350938
              ],
              [
                9.3326834,
                46.2350674
              ],
              [
                9.3324613,
                46.2350635
              ],
              [
                9.3320725,
                46.2351097
              ],
              [
                9.3317028,
                46.2350972
              ],
              [
                9.3311389,
                46.2351439
              ],
              [
                9.3309928,
                46.2351173
              ],
              [
                9.3305274,
                46.2350872
              ],
              [
                9.329899,
                46.235188
              ],
              [
                9.3297531,
                46.2351884
              ],
              [
                9.3294885,
                46.2351397
              ],
              [
                9.3292384,
                46.2350639
              ],
              [
                9.3290628,
                46.2349699
              ],
              [
                9.3288918,
                46.2348489
              ],
              [
                9.3286406,
                46.2345886
              ],
              [
                9.328455,
                46.2344542
              ],
              [
                9.3282292,
                46.2343873
              ],
              [
                9.3279404,
                46.2343432
              ],
              [
                9.3277553,
                46.2342987
              ],
              [
                9.3275245,
                46.2342004
              ],
              [
                9.3273276,
                46.2340704
              ],
              [
                9.3271923,
                46.2339493
              ],
              [
                9.32706,
                46.2337832
              ],
              [
                9.3269438,
                46.23359
              ],
              [
                9.3268622,
                46.2335093
              ],
              [
                9.3266363,
                46.2331274
              ],
              [
                9.3265972,
                46.233105
              ],
              [
                9.3264544,
                46.2330785
              ],
              [
                9.3258641,
                46.2330486
              ],
              [
                9.3256839,
                46.2329952
              ],
              [
                9.3256171,
                46.2329413
              ],
              [
                9.3255627,
                46.232784
              ],
              [
                9.3254975,
                46.2327257
              ],
              [
                9.3253537,
                46.2325371
              ],
              [
                9.3252917,
                46.2324788
              ],
              [
                9.325204,
                46.2324475
              ],
              [
                9.3249949,
                46.2324436
              ],
              [
                9.3247002,
                46.232512
              ],
              [
                9.3246113,
                46.2325437
              ],
              [
                9.3244611,
                46.2326477
              ],
              [
                9.3241894,
                46.2327519
              ],
              [
                9.3238865,
                46.2328023
              ],
              [
                9.3233729,
                46.2328487
              ],
              [
                9.3231654,
                46.2328538
              ],
              [
                9.3228557,
                46.2328277
              ],
              [
                9.3222889,
                46.2326538
              ],
              [
                9.322083,
                46.2326589
              ],
              [
                9.3219826,
                46.2326772
              ],
              [
                9.3216023,
                46.2327953
              ],
              [
                9.3213965,
                46.2328093
              ],
              [
                9.3204658,
                46.2327715
              ],
              [
                9.3197413,
                46.2328005
              ],
              [
                9.3189174,
                46.2327353
              ],
              [
                9.3185042,
                46.232759
              ],
              [
                9.3181272,
                46.2328815
              ],
              [
                9.31773,
                46.2331616
              ],
              [
                9.3174882,
                46.2333963
              ],
              [
                9.3172805,
                46.2336489
              ],
              [
                9.3171601,
                46.2338427
              ],
              [
                9.3170482,
                46.234122
              ],
              [
                9.316789,
                46.2344332
              ],
              [
                9.3162142,
                46.2348488
              ],
              [
                9.3159767,
                46.234989
              ],
              [
                9.3151859,
                46.2353287
              ],
              [
                9.3148056,
                46.2354467
              ],
              [
                9.3145143,
                46.235524
              ],
              [
                9.314106,
                46.2355701
              ],
              [
                9.3134097,
                46.2357071
              ],
              [
                9.312924,
                46.2358344
              ],
              [
                9.312547,
                46.2359569
              ],
              [
                9.3119887,
                46.2361475
              ],
              [
                9.3109409,
                46.2366273
              ],
              [
                9.3106506,
                46.2368936
              ],
              [
                9.3104631,
                46.2369841
              ],
              [
                9.3101814,
                46.2370614
              ],
              [
                9.3099586,
                46.2371484
              ],
              [
                9.3096682,
                46.2369196
              ],
              [
                9.3092166,
                46.2368013
              ],
              [
                9.3089286,
                46.2368512
              ],
              [
                9.3087678,
                46.2367907
              ],
              [
                9.3085788,
                46.2366292
              ],
              [
                9.3083823,
                46.2362878
              ],
              [
                9.3082778,
                46.2361441
              ],
              [
                9.3080173,
                46.2359558
              ],
              [
                9.3077879,
                46.2358169
              ],
              [
                9.3075264,
                46.2357141
              ],
              [
                9.3072454,
                46.2356339
              ],
              [
                9.3068835,
                46.2355583
              ],
              [
                9.3065136,
                46.2355053
              ],
              [
                9.306212,
                46.2354971
              ],
              [
                9.3058327,
                46.2355207
              ],
              [
                9.3055312,
                46.235517
              ],
              [
                9.3050866,
                46.2354552
              ],
              [
                9.3044261,
                46.2353354
              ],
              [
                9.3042007,
                46.2353135
              ],
              [
                9.3038992,
                46.2353188
              ],
              [
                9.3037517,
                46.2353372
              ],
              [
                9.3035511,
                46.2354098
              ],
              [
                9.3028123,
                46.2357807
              ],
              [
                9.3021625,
                46.2361425
              ],
              [
                9.3019603,
                46.2362105
              ],
              [
                9.3017367,
                46.2362471
              ],
              [
                9.3015876,
                46.236252
              ],
              [
                9.3014368,
                46.2362389
              ],
              [
                9.3008541,
                46.2361279
              ],
              [
                9.3004048,
                46.2360796
              ],
              [
                9.3001937,
                46.2360217
              ],
              [
                9.2998864,
                46.2358605
              ],
              [
                9.2997501,
                46.2358338
              ],
              [
                9.2995979,
                46.2358657
              ],
              [
                9.2993688,
                46.2360733
              ],
              [
                9.2989969,
                46.2362543
              ],
              [
                9.298314,
                46.2364721
              ],
              [
                9.297929,
                46.2366441
              ],
              [
                9.2975859,
                46.2367575
              ],
              [
                9.296988,
                46.2368176
              ],
              [
                9.2958532,
                46.236816
              ],
              [
                9.2951566,
                46.2369123
              ],
              [
                9.2948749,
                46.236985
              ],
              [
                9.2946726,
                46.2370576
              ],
              [
                9.2941755,
                46.2371804
              ],
              [
                9.2929635,
                46.2376155
              ],
              [
                9.2924534,
                46.2377158
              ],
              [
                9.2920079,
                46.2377799
              ],
              [
                9.2915573,
                46.2378126
              ],
              [
                9.2911795,
                46.2378046
              ],
              [
                9.2908096,
                46.2377425
              ],
              [
                9.2904349,
                46.2377075
              ],
              [
                9.290135,
                46.2377172
              ],
              [
                9.2897624,
                46.2377722
              ],
              [
                9.2893084,
                46.2377688
              ],
              [
                9.289007,
                46.2377921
              ],
              [
                9.2885531,
                46.2378022
              ],
              [
                9.2879483,
                46.2377903
              ],
              [
                9.2874199,
                46.2378186
              ],
              [
                9.2866746,
                46.2379105
              ],
              [
                9.2865239,
                46.2379154
              ],
              [
                9.2858547,
                46.238007
              ],
              [
                9.285704,
                46.2380119
              ],
              [
                9.2851024,
                46.2379864
              ],
              [
                9.2843546,
                46.2379073
              ],
              [
                9.2839148,
                46.2378229
              ],
              [
                9.2834718,
                46.237761
              ],
              [
                9.2826894,
                46.2375605
              ],
              [
                9.2825403,
                46.2375743
              ],
              [
                9.2819539,
                46.2376838
              ],
              [
                9.2814814,
                46.2378469
              ],
              [
                9.2812938,
                46.2379374
              ],
              [
                9.2809723,
                46.2381587
              ],
              [
                9.2808396,
                46.2382085
              ],
              [
                9.2804636,
                46.2382364
              ],
              [
                9.2802382,
                46.238237
              ],
              [
                9.2801686,
                46.2382597
              ],
              [
                9.2796509,
                46.2384769
              ],
              [
                9.27887,
                46.2388929
              ],
              [
                9.2783729,
                46.2390201
              ],
              [
                9.2781042,
                46.2391152
              ],
              [
                9.2778295,
                46.2393004
              ],
              [
                9.2777648,
                46.2393276
              ],
              [
                9.2775224,
                46.2393649
              ],
              [
                9.2774713,
                46.2393833
              ],
              [
                9.2767129,
                46.2393931
              ],
              [
                9.2760037,
                46.2395703
              ],
              [
                9.2758545,
                46.2395572
              ],
              [
                9.2757116,
                46.2395215
              ],
              [
                9.2754044,
                46.2393693
              ],
              [
                9.2750903,
                46.239136
              ],
              [
                9.2749684,
                46.2390778
              ],
              [
                9.2742346,
                46.2385486
              ],
              [
                9.2738358,
                46.2382301
              ],
              [
                9.2735424,
                46.2379248
              ],
              [
                9.2734425,
                46.237727
              ],
              [
                9.273347,
                46.2374168
              ],
              [
                9.2732212,
                46.2372236
              ],
              [
                9.2730585,
                46.237116
              ],
              [
                9.2726573,
                46.2369729
              ],
              [
                9.2723711,
                46.2367981
              ],
              [
                9.2717298,
                46.2362822
              ],
              [
                9.2712793,
                46.2359997
              ],
              [
                9.2708536,
                46.235892
              ],
              [
                9.2706576,
                46.2358581
              ],
              [
                9.2705471,
                46.2358455
              ],
              [
                9.2702656,
                46.2359031
              ],
              [
                9.2700403,
                46.2359127
              ],
              [
                9.2688672,
                46.235704
              ],
              [
                9.2687256,
                46.2356824
              ],
              [
                9.2680389,
                46.2357329
              ],
              [
                9.2677421,
                46.2357066
              ],
              [
                9.2673423,
                46.2356772
              ],
              [
                9.2672272,
                46.2356704
              ],
              [
                9.2671411,
                46.2356269
              ],
              [
                9.2664584,
                46.2351111
              ],
              [
                9.2655418,
                46.2346498
              ],
              [
                9.2652815,
                46.2344569
              ],
              [
                9.2650908,
                46.2342323
              ],
              [
                9.2642313,
                46.2335008
              ],
              [
                9.2640211,
                46.2332808
              ],
              [
                9.2637591,
                46.2330879
              ],
              [
                9.2636569,
                46.2330657
              ],
              [
                9.2632523,
                46.2328686
              ],
              [
                9.2630058,
                46.2328512
              ],
              [
                9.262385,
                46.2328706
              ],
              [
                9.2620137,
                46.2328535
              ],
              [
                9.2615178,
                46.2328951
              ],
              [
                9.2610218,
                46.2329098
              ],
              [
                9.2605276,
                46.2329559
              ],
              [
                9.2601564,
                46.2329522
              ],
              [
                9.2600447,
                46.232984
              ],
              [
                9.2599412,
                46.2330382
              ],
              [
                9.2594456,
                46.2331429
              ],
              [
                9.259222,
                46.2331614
              ],
              [
                9.2586949,
                46.2331176
              ],
              [
                9.2582714,
                46.2330285
              ],
              [
                9.257982,
                46.2328672
              ],
              [
                9.2576379,
                46.232769
              ],
              [
                9.2572793,
                46.2326978
              ],
              [
                9.25666,
                46.2326992
              ],
              [
                9.2564119,
                46.2326817
              ],
              [
                9.2562871,
                46.232691
              ],
              [
                9.2556678,
                46.2326654
              ],
              [
                9.2555462,
                46.2326792
              ],
              [
                9.2552177,
                46.2328059
              ],
              [
                9.2545281,
                46.2330055
              ],
              [
                9.2543826,
                46.2331048
              ],
              [
                9.2541577,
                46.2331863
              ],
              [
                9.2537949,
                46.2332591
              ],
              [
                9.2533395,
                46.2332826
              ],
              [
                9.2530394,
                46.2332563
              ],
              [
                9.2521874,
                46.2330557
              ],
              [
                9.252077,
                46.2330109
              ],
              [
                9.2517136,
                46.2329622
              ],
              [
                9.2515905,
                46.2329715
              ],
              [
                9.2513622,
                46.2330395
              ],
              [
                9.2509998,
                46.2332068
              ],
              [
                9.2506308,
                46.2333381
              ],
              [
                9.2495197,
                46.2335611
              ],
              [
                9.2491748,
                46.2336428
              ],
              [
                9.2489105,
                46.2337096
              ],
              [
                9.2485896,
                46.2336989
              ],
              [
                9.2483901,
                46.2336646
              ],
              [
                9.2480431,
                46.2335578
              ],
              [
                9.2477205,
                46.2334468
              ],
              [
                9.2470497,
                46.233191
              ],
              [
                9.2470742,
                46.2329102
              ],
              [
                9.2467993,
                46.2323433
              ],
              [
                9.2466378,
                46.2322998
              ],
              [
                9.2463012,
                46.2321967
              ],
              [
                9.2458309,
                46.2321827
              ],
              [
                9.2446046,
                46.2322612
              ],
              [
                9.2442481,
                46.2323461
              ],
              [
                9.2435643,
                46.2324265
              ],
              [
                9.2430453,
                46.2324518
              ],
              [
                9.2427856,
                46.2323686
              ],
              [
                9.2423623,
                46.2325677
              ],
              [
                9.2423236,
                46.2327409
              ],
              [
                9.2420123,
                46.2325174
              ],
              [
                9.2418226,
                46.2325564
              ],
              [
                9.2415211,
                46.232421
              ],
              [
                9.2410174,
                46.2322841
              ],
              [
                9.2396354,
                46.2323035
              ],
              [
                9.2391639,
                46.2324374
              ],
              [
                9.238634,
                46.2327942
              ],
              [
                9.237397,
                46.2333575
              ],
              [
                9.2356644,
                46.2334103
              ],
              [
                9.2349227,
                46.2333588
              ],
              [
                9.2338308,
                46.2329708
              ],
              [
                9.2333541,
                46.2325694
              ],
              [
                9.2304932,
                46.2317615
              ],
              [
                9.2294816,
                46.2314202
              ],
              [
                9.2288239,
                46.2311329
              ],
              [
                9.2276889,
                46.2308371
              ],
              [
                9.2270668,
                46.2306294
              ],
              [
                9.2253944,
                46.2299756
              ],
              [
                9.224941,
                46.2296555
              ],
              [
                9.2247309,
                46.229601
              ],
              [
                9.2236487,
                46.2296818
              ],
              [
                9.2228706,
                46.2295127
              ],
              [
                9.2222779,
                46.2292813
              ],
              [
                9.2217039,
                46.2291353
              ],
              [
                9.2210475,
                46.2292341
              ],
              [
                9.2209859,
                46.2283243
              ],
              [
                9.2208227,
                46.2280391
              ],
              [
                9.2206923,
                46.227815
              ],
              [
                9.2210382,
                46.2271978
              ],
              [
                9.2210151,
                46.2267965
              ],
              [
                9.2219128,
                46.2249621
              ],
              [
                9.2228723,
                46.2239831
              ],
              [
                9.2220662,
                46.2232412
              ],
              [
                9.2216676,
                46.2225544
              ],
              [
                9.2209664,
                46.2219507
              ],
              [
                9.2204082,
                46.2214702
              ],
              [
                9.2201179,
                46.2210347
              ],
              [
                9.2198992,
                46.2205556
              ],
              [
                9.2198839,
                46.2201468
              ],
              [
                9.2196864,
                46.2193577
              ],
              [
                9.2193138,
                46.2183683
              ],
              [
                9.2189351,
                46.2177404
              ],
              [
                9.2187211,
                46.2168727
              ],
              [
                9.2183392,
                46.2165606
              ],
              [
                9.2186987,
                46.2154777
              ],
              [
                9.2186398,
                46.2151258
              ],
              [
                9.2187719,
                46.2146937
              ],
              [
                9.2187392,
                46.2143674
              ],
              [
                9.2183928,
                46.2141414
              ],
              [
                9.2176026,
                46.2139314
              ],
              [
                9.217056,
                46.2134146
              ],
              [
                9.2167778,
                46.2129767
              ],
              [
                9.2154572,
                46.2120406
              ],
              [
                9.2152076,
                46.2116257
              ],
              [
                9.2147473,
                46.2112311
              ],
              [
                9.2144549,
                46.2111186
              ],
              [
                9.2142814,
                46.2107905
              ],
              [
                9.213973,
                46.2108651
              ],
              [
                9.2110627,
                46.2106852
              ],
              [
                9.2105429,
                46.2104583
              ],
              [
                9.2088838,
                46.2100518
              ],
              [
                9.2081145,
                46.2100314
              ],
              [
                9.2066863,
                46.2103725
              ],
              [
                9.2058932,
                46.2098875
              ],
              [
                9.2055958,
                46.2097997
              ],
              [
                9.2050164,
                46.2094939
              ],
              [
                9.2042526,
                46.2092222
              ],
              [
                9.2029837,
                46.2086042
              ],
              [
                9.20229,
                46.2084124
              ],
              [
                9.2023154,
                46.2079302
              ],
              [
                9.2013513,
                46.2067453
              ],
              [
                9.2008696,
                46.204459
              ],
              [
                9.2008624,
                46.2039741
              ],
              [
                9.2004275,
                46.2035269
              ],
              [
                9.2000216,
                46.202659
              ],
              [
                9.1996427,
                46.2014165
              ],
              [
                9.1989757,
                46.201042
              ],
              [
                9.1985041,
                46.2006805
              ],
              [
                9.1982354,
                46.1997857
              ],
              [
                9.1976892,
                46.1993358
              ],
              [
                9.1976853,
                46.1988199
              ],
              [
                9.1979007,
                46.1982608
              ],
              [
                9.1976267,
                46.1980244
              ],
              [
                9.1972616,
                46.1975908
              ],
              [
                9.1977134,
                46.1961361
              ],
              [
                9.1974829,
                46.1958628
              ],
              [
                9.197424,
                46.1958298
              ],
              [
                9.1966074,
                46.1951557
              ],
              [
                9.1961979,
                46.1940432
              ],
              [
                9.1948302,
                46.1936322
              ],
              [
                9.1951661,
                46.1917695
              ],
              [
                9.1952913,
                46.1910751
              ],
              [
                9.1951853,
                46.1907635
              ],
              [
                9.1954359,
                46.190293
              ],
              [
                9.1953268,
                46.1894492
              ],
              [
                9.1957907,
                46.1887114
              ],
              [
                9.1974415,
                46.1875907
              ],
              [
                9.1979656,
                46.1870127
              ],
              [
                9.1980353,
                46.1869591
              ],
              [
                9.1979638,
                46.1868056
              ],
              [
                9.1970704,
                46.1864901
              ],
              [
                9.1969694,
                46.1859823
              ],
              [
                9.1963394,
                46.1851401
              ],
              [
                9.1958461,
                46.1848286
              ],
              [
                9.1949208,
                46.1840112
              ],
              [
                9.1953582,
                46.1824361
              ],
              [
                9.1954016,
                46.1822473
              ],
              [
                9.195294,
                46.1819493
              ],
              [
                9.1954465,
                46.1815347
              ],
              [
                9.1952968,
                46.181169
              ],
              [
                9.1950851,
                46.1807004
              ],
              [
                9.1947439,
                46.1802413
              ],
              [
                9.1947592,
                46.1797473
              ],
              [
                9.1946981,
                46.1792602
              ],
              [
                9.1946547,
                46.1791261
              ],
              [
                9.1942623,
                46.1787503
              ],
              [
                9.1941666,
                46.1784976
              ],
              [
                9.1939364,
                46.1783986
              ],
              [
                9.1936674,
                46.178391
              ],
              [
                9.1930353,
                46.1781023
              ],
              [
                9.1921284,
                46.1780001
              ],
              [
                9.1920725,
                46.1779905
              ],
              [
                9.1918792,
                46.1777759
              ],
              [
                9.1914054,
                46.1776672
              ],
              [
                9.1908145,
                46.1767347
              ],
              [
                9.1891545,
                46.1759447
              ],
              [
                9.1875323,
                46.1749873
              ],
              [
                9.1863514,
                46.1738677
              ],
              [
                9.186044,
                46.1737347
              ],
              [
                9.1858259,
                46.1735204
              ],
              [
                9.1853158,
                46.1727013
              ],
              [
                9.1849703,
                46.1723349
              ],
              [
                9.184569,
                46.1719094
              ],
              [
                9.1843873,
                46.1710363
              ],
              [
                9.1839443,
                46.1706204
              ],
              [
                9.1821892,
                46.1695022
              ],
              [
                9.1808306,
                46.1691798
              ],
              [
                9.1805911,
                46.1692366
              ],
              [
                9.1797392,
                46.169418
              ],
              [
                9.179055,
                46.1698133
              ],
              [
                9.1785876,
                46.170252
              ],
              [
                9.178101,
                46.1704319
              ],
              [
                9.1776432,
                46.1707132
              ],
              [
                9.1772248,
                46.1707668
              ],
              [
                9.1770263,
                46.1709291
              ],
              [
                9.1760038,
                46.1708033
              ],
              [
                9.1747042,
                46.1709044
              ],
              [
                9.1741528,
                46.1711782
              ],
              [
                9.172739,
                46.1710113
              ],
              [
                9.1717893,
                46.1713201
              ],
              [
                9.1704874,
                46.1718801
              ],
              [
                9.1698514,
                46.1718928
              ],
              [
                9.1685266,
                46.1716419
              ],
              [
                9.1682412,
                46.1713523
              ],
              [
                9.1673284,
                46.17112
              ],
              [
                9.1657957,
                46.1711375
              ],
              [
                9.1645469,
                46.1712204
              ],
              [
                9.1635265,
                46.1709221
              ],
              [
                9.1633313,
                46.1708651
              ],
              [
                9.1618914,
                46.1705741
              ],
              [
                9.1612166,
                46.1707312
              ],
              [
                9.1602094,
                46.1699217
              ],
              [
                9.1593659,
                46.1696185
              ],
              [
                9.1595209,
                46.1695253
              ],
              [
                9.1597023,
                46.1691176
              ],
              [
                9.1595185,
                46.1682206
              ],
              [
                9.1589453,
                46.1664748
              ],
              [
                9.15877,
                46.1662525
              ],
              [
                9.1586714,
                46.1660021
              ],
              [
                9.1586646,
                46.1649675
              ],
              [
                9.1584994,
                46.1646551
              ],
              [
                9.1577671,
                46.1640184
              ],
              [
                9.1572525,
                46.1633064
              ],
              [
                9.1572418,
                46.1629647
              ],
              [
                9.1571024,
                46.1626519
              ],
              [
                9.1568071,
                46.1623235
              ],
              [
                9.1552937,
                46.1615547
              ],
              [
                9.1546035,
                46.1614303
              ],
              [
                9.1519167,
                46.1612282
              ],
              [
                9.149631,
                46.1606061
              ],
              [
                9.1492371,
                46.1604321
              ],
              [
                9.1484416,
                46.1598413
              ],
              [
                9.1479442,
                46.1596689
              ],
              [
                9.1477162,
                46.1594204
              ],
              [
                9.1473505,
                46.159318
              ],
              [
                9.1468896,
                46.1590731
              ],
              [
                9.1460168,
                46.1589063
              ],
              [
                9.1449026,
                46.1584733
              ],
              [
                9.1443182,
                46.1584192
              ],
              [
                9.144076,
                46.1581259
              ],
              [
                9.1439333,
                46.1577052
              ],
              [
                9.1430535,
                46.1573136
              ],
              [
                9.1426172,
                46.1570233
              ],
              [
                9.1423235,
                46.1567398
              ],
              [
                9.1420421,
                46.1560242
              ],
              [
                9.1413754,
                46.1554045
              ],
              [
                9.1408729,
                46.1550702
              ],
              [
                9.1396261,
                46.1545311
              ],
              [
                9.1390769,
                46.1543595
              ],
              [
                9.138036,
                46.1541952
              ],
              [
                9.1376737,
                46.1542007
              ],
              [
                9.1372235,
                46.1542974
              ],
              [
                9.1363084,
                46.1540143
              ],
              [
                9.1354915,
                46.1535587
              ],
              [
                9.1345112,
                46.1532585
              ],
              [
                9.1343323,
                46.1529192
              ],
              [
                9.134076,
                46.1517534
              ],
              [
                9.1337005,
                46.1513361
              ],
              [
                9.132854,
                46.1499272
              ],
              [
                9.1325188,
                46.1495543
              ],
              [
                9.1322536,
                46.1493513
              ],
              [
                9.1318857,
                46.1491769
              ],
              [
                9.1311405,
                46.1489451
              ],
              [
                9.1309353,
                46.1485883
              ],
              [
                9.1309944,
                46.1484074
              ],
              [
                9.1308867,
                46.1482741
              ],
              [
                9.129704,
                46.147707
              ],
              [
                9.1290492,
                46.1474648
              ],
              [
                9.1288365,
                46.1468652
              ],
              [
                9.1281288,
                46.1457511
              ],
              [
                9.1274623,
                46.1451312
              ],
              [
                9.1270011,
                46.1448681
              ],
              [
                9.126894,
                46.1447528
              ],
              [
                9.1268232,
                46.1445559
              ],
              [
                9.1269091,
                46.1439878
              ],
              [
                9.1267722,
                46.1437469
              ],
              [
                9.1269135,
                46.1432949
              ],
              [
                9.1268821,
                46.1431154
              ],
              [
                9.1264432,
                46.1427351
              ],
              [
                9.1263437,
                46.1424486
              ],
              [
                9.1258123,
                46.1420067
              ],
              [
                9.1254102,
                46.1415628
              ],
              [
                9.1250257,
                46.1408487
              ],
              [
                9.1241219,
                46.1396655
              ],
              [
                9.1229556,
                46.1387832
              ],
              [
                9.1228534,
                46.1384068
              ],
              [
                9.1228681,
                46.1380467
              ],
              [
                9.1229624,
                46.1377483
              ],
              [
                9.1228875,
                46.1374165
              ],
              [
                9.1209473,
                46.1345213
              ],
              [
                9.1197969,
                46.1349883
              ],
              [
                9.1188356,
                46.1352905
              ],
              [
                9.118508,
                46.1351604
              ],
              [
                9.1181207,
                46.1351932
              ],
              [
                9.1172601,
                46.1354039
              ],
              [
                9.1169361,
                46.1353907
              ],
              [
                9.1167602,
                46.1351414
              ],
              [
                9.1155048,
                46.1351421
              ],
              [
                9.1148488,
                46.1348549
              ],
              [
                9.1141368,
                46.1348475
              ],
              [
                9.1136813,
                46.1347643
              ],
              [
                9.1122547,
                46.1346685
              ],
              [
                9.1118542,
                46.1342695
              ],
              [
                9.1114887,
                46.134167
              ],
              [
                9.1113544,
                46.134007
              ],
              [
                9.1113216,
                46.1337826
              ],
              [
                9.1109955,
                46.1336974
              ],
              [
                9.110363,
                46.1333289
              ],
              [
                9.1100374,
                46.1332617
              ],
              [
                9.1089596,
                46.1327199
              ],
              [
                9.1080736,
                46.132526
              ],
              [
                9.1076591,
                46.1325142
              ],
              [
                9.1072078,
                46.1325658
              ],
              [
                9.1055735,
                46.1320232
              ],
              [
                9.105276,
                46.1320276
              ],
              [
                9.1043221,
                46.1313038
              ],
              [
                9.103728,
                46.1309185
              ],
              [
                9.1033319,
                46.1306616
              ],
              [
                9.1026954,
                46.1301582
              ],
              [
                9.1021602,
                46.1295812
              ],
              [
                9.1011538,
                46.1292542
              ],
              [
                9.1003734,
                46.128276
              ],
              [
                9.0998887,
                46.1272304
              ],
              [
                9.099856,
                46.127006
              ],
              [
                9.0999736,
                46.1266173
              ],
              [
                9.0990813,
                46.1270623
              ],
              [
                9.0986973,
                46.127203
              ],
              [
                9.097883,
                46.1272329
              ],
              [
                9.0974936,
                46.1271937
              ],
              [
                9.0966848,
                46.1269806
              ],
              [
                9.0963819,
                46.1268051
              ],
              [
                9.0962485,
                46.1266721
              ],
              [
                9.0954329,
                46.1262342
              ],
              [
                9.0951723,
                46.1261751
              ],
              [
                9.0940096,
                46.1262371
              ],
              [
                9.0923463,
                46.1260096
              ],
              [
                9.0917958,
                46.1257747
              ],
              [
                9.0905907,
                46.1257204
              ],
              [
                9.0893274,
                46.125451
              ],
              [
                9.0886038,
                46.1250567
              ],
              [
                9.0879789,
                46.1249308
              ],
              [
                9.0874908,
                46.1246231
              ],
              [
                9.0869694,
                46.1244957
              ],
              [
                9.0861157,
                46.1240763
              ],
              [
                9.0858114,
                46.1238558
              ],
              [
                9.0858046,
                46.123631
              ],
              [
                9.0855147,
                46.1234553
              ],
              [
                9.0854003,
                46.1230971
              ],
              [
                9.085265,
                46.1229011
              ],
              [
                9.083894,
                46.1224892
              ],
              [
                9.0836089,
                46.1224754
              ],
              [
                9.0833087,
                46.1223898
              ],
              [
                9.0828234,
                46.1221719
              ],
              [
                9.0820725,
                46.1221559
              ],
              [
                9.0813552,
                46.1219684
              ],
              [
                9.0805493,
                46.1218452
              ],
              [
                9.0794324,
                46.1212766
              ],
              [
                9.0791077,
                46.1212363
              ],
              [
                9.0786886,
                46.1212408
              ],
              [
                9.0783709,
                46.1210686
              ],
              [
                9.0780453,
                46.1210058
              ],
              [
                9.0773094,
                46.1203725
              ],
              [
                9.0770215,
                46.1201815
              ],
              [
                9.0768314,
                46.1201203
              ],
              [
                9.0764218,
                46.1201159
              ],
              [
                9.0761296,
                46.1202082
              ],
              [
                9.0760487,
                46.120335
              ],
              [
                9.076056,
                46.1201626
              ],
              [
                9.0758376,
                46.1199161
              ],
              [
                9.075561,
                46.1197466
              ],
              [
                9.0754702,
                46.119843
              ],
              [
                9.0753881,
                46.1198251
              ],
              [
                9.0752515,
                46.1197378
              ],
              [
                9.0749653,
                46.1194784
              ],
              [
                9.0747783,
                46.1193799
              ],
              [
                9.0746518,
                46.1192652
              ],
              [
                9.0742803,
                46.1190828
              ],
              [
                9.0742045,
                46.1189599
              ],
              [
                9.0738678,
                46.1187321
              ],
              [
                9.0735503,
                46.1187029
              ],
              [
                9.0733874,
                46.1187859
              ],
              [
                9.0729821,
                46.1184348
              ],
              [
                9.0729041,
                46.1183259
              ],
              [
                9.0726887,
                46.1182317
              ],
              [
                9.072505,
                46.1181016
              ],
              [
                9.0724213,
                46.1179595
              ],
              [
                9.0724833,
                46.1179153
              ],
              [
                9.0729484,
                46.116873
              ],
              [
                9.0732193,
                46.116739
              ],
              [
                9.0732482,
                46.1158683
              ],
              [
                9.0735657,
                46.1152779
              ],
              [
                9.0736942,
                46.1150252
              ],
              [
                9.0738181,
                46.1143805
              ],
              [
                9.0739331,
                46.1142976
              ],
              [
                9.0738728,
                46.1141314
              ],
              [
                9.0739968,
                46.1139556
              ],
              [
                9.0742325,
                46.1137759
              ],
              [
                9.0747664,
                46.1133183
              ],
              [
                9.0749917,
                46.1132197
              ],
              [
                9.0750977,
                46.1128859
              ],
              [
                9.0752333,
                46.1127417
              ],
              [
                9.0752814,
                46.1126105
              ],
              [
                9.0754175,
                46.1124138
              ],
              [
                9.0755828,
                46.1122197
              ],
              [
                9.076071,
                46.1118381
              ],
              [
                9.0761402,
                46.11168
              ],
              [
                9.0763675,
                46.1115216
              ],
              [
                9.0764758,
                46.111319
              ],
              [
                9.0764136,
                46.1111752
              ],
              [
                9.0765787,
                46.1110517
              ],
              [
                9.0766136,
                46.1109295
              ],
              [
                9.0768437,
                46.1107676
              ],
              [
                9.0776295,
                46.1105738
              ],
              [
                9.0778999,
                46.110232
              ],
              [
                9.077891,
                46.1101009
              ],
              [
                9.0779444,
                46.1097204
              ],
              [
                9.0780493,
                46.1093149
              ],
              [
                9.0781794,
                46.1092038
              ],
              [
                9.0782877,
                46.1089799
              ],
              [
                9.0785418,
                46.1086012
              ],
              [
                9.0787528,
                46.1085013
              ],
              [
                9.078913,
                46.1082534
              ],
              [
                9.0789963,
                46.1079528
              ],
              [
                9.0791322,
                46.1077544
              ],
              [
                9.0792942,
                46.1073754
              ],
              [
                9.0793176,
                46.1072468
              ],
              [
                9.0796068,
                46.1068583
              ],
              [
                9.0797256,
                46.10658
              ],
              [
                9.0796777,
                46.1064068
              ],
              [
                9.0797446,
                46.1061294
              ],
              [
                9.0797468,
                46.1059603
              ],
              [
                9.0800253,
                46.1053998
              ],
              [
                9.0803968,
                46.104652
              ],
              [
                9.0812747,
                46.1021629
              ],
              [
                9.0826879,
                46.0998791
              ],
              [
                9.084545,
                46.097123
              ],
              [
                9.0867828,
                46.0937761
              ],
              [
                9.0891458,
                46.0900687
              ],
              [
                9.0896151,
                46.0870156
              ],
              [
                9.089424,
                46.086028
              ],
              [
                9.0894324,
                46.085693
              ],
              [
                9.0886755,
                46.0847818
              ],
              [
                9.0840725,
                46.0795326
              ],
              [
                9.0841953,
                46.0787408
              ],
              [
                9.0832504,
                46.0778042
              ],
              [
                9.0826555,
                46.0774637
              ],
              [
                9.0818898,
                46.0771265
              ],
              [
                9.0803343,
                46.0768096
              ],
              [
                9.0790722,
                46.0759159
              ],
              [
                9.0786176,
                46.0749269
              ],
              [
                9.0785953,
                46.0733378
              ],
              [
                9.078575,
                46.0722717
              ],
              [
                9.0779973,
                46.0709373
              ],
              [
                9.0778921,
                46.0693354
              ],
              [
                9.0783232,
                46.068885
              ],
              [
                9.0783783,
                46.0685409
              ],
              [
                9.0784614,
                46.0680213
              ],
              [
                9.078555,
                46.0675754
              ],
              [
                9.0786896,
                46.0672027
              ],
              [
                9.0786739,
                46.0668874
              ],
              [
                9.0785325,
                46.0665424
              ],
              [
                9.0784414,
                46.0661102
              ],
              [
                9.0783419,
                46.0658048
              ],
              [
                9.0783019,
                46.065317
              ],
              [
                9.077834,
                46.0649281
              ],
              [
                9.0776035,
                46.0648095
              ],
              [
                9.0774671,
                46.0646909
              ],
              [
                9.0773555,
                46.064634
              ],
              [
                9.0771164,
                46.0643112
              ],
              [
                9.0771357,
                46.0641244
              ],
              [
                9.0770233,
                46.0640549
              ],
              [
                9.0765906,
                46.0638715
              ],
              [
                9.0762791,
                46.0638563
              ],
              [
                9.0761405,
                46.0638294
              ],
              [
                9.0760698,
                46.0638847
              ],
              [
                9.0756786,
                46.0636624
              ],
              [
                9.0752251,
                46.063319
              ],
              [
                9.0747177,
                46.0630992
              ],
              [
                9.0743303,
                46.0628394
              ],
              [
                9.073962,
                46.0625448
              ],
              [
                9.0738156,
                46.0625096
              ],
              [
                9.0737116,
                46.0625676
              ],
              [
                9.0731237,
                46.0626048
              ],
              [
                9.0728276,
                46.062646
              ],
              [
                9.0725099,
                46.0626152
              ],
              [
                9.0720364,
                46.0624926
              ],
              [
                9.0716325,
                46.0624607
              ],
              [
                9.0714512,
                46.0625226
              ],
              [
                9.0707892,
                46.0625645
              ],
              [
                9.0707224,
                46.0626192
              ],
              [
                9.0706513,
                46.0625728
              ],
              [
                9.0703327,
                46.0626396
              ],
              [
                9.0701599,
                46.0625382
              ],
              [
                9.0698744,
                46.0624374
              ],
              [
                9.0696267,
                46.062423
              ],
              [
                9.0693553,
                46.0623634
              ],
              [
                9.0691526,
                46.0622694
              ],
              [
                9.0689192,
                46.062297
              ],
              [
                9.0687898,
                46.062231
              ],
              [
                9.0680695,
                46.0620276
              ],
              [
                9.0678628,
                46.0619353
              ],
              [
                9.0676747,
                46.0617487
              ],
              [
                9.0672169,
                46.0619609
              ],
              [
                9.0669931,
                46.0620311
              ],
              [
                9.0667379,
                46.062073
              ],
              [
                9.0662839,
                46.0620677
              ],
              [
                9.0656382,
                46.0619542
              ],
              [
                9.0651925,
                46.06194
              ],
              [
                9.0650261,
                46.0618618
              ],
              [
                9.0649062,
                46.0618355
              ],
              [
                9.0638637,
                46.0617331
              ],
              [
                9.0636528,
                46.061588
              ],
              [
                9.0634563,
                46.0615213
              ],
              [
                9.0622957,
                46.0612212
              ],
              [
                9.0620644,
                46.061223
              ],
              [
                9.0619425,
                46.0611469
              ],
              [
                9.0616802,
                46.0610872
              ],
              [
                9.0615074,
                46.0609757
              ],
              [
                9.0610339,
                46.0608072
              ],
              [
                9.0605996,
                46.0607798
              ],
              [
                9.0605478,
                46.0607144
              ],
              [
                9.0604151,
                46.0606593
              ],
              [
                9.0603337,
                46.0607052
              ],
              [
                9.0601726,
                46.0607501
              ],
              [
                9.0600362,
                46.0607595
              ],
              [
                9.0598894,
                46.0607197
              ],
              [
                9.0596815,
                46.0607484
              ],
              [
                9.0595206,
                46.0608452
              ],
              [
                9.0593175,
                46.0608999
              ],
              [
                9.0591624,
                46.0608497
              ],
              [
                9.058958,
                46.0609779
              ],
              [
                9.0587848,
                46.0610193
              ],
              [
                9.0586249,
                46.0610217
              ],
              [
                9.0583844,
                46.0608661
              ],
              [
                9.0582992,
                46.0608932
              ],
              [
                9.057999,
                46.0608714
              ],
              [
                9.0577249,
                46.0607695
              ],
              [
                9.0575333,
                46.0609267
              ],
              [
                9.0573751,
                46.0609781
              ],
              [
                9.0572274,
                46.0610785
              ],
              [
                9.0570364,
                46.0611551
              ],
              [
                9.0566703,
                46.0611679
              ],
              [
                9.0563782,
                46.0611623
              ],
              [
                9.0561325,
                46.0612759
              ],
              [
                9.0557527,
                46.0617442
              ],
              [
                9.0554153,
                46.0621352
              ],
              [
                9.0536532,
                46.0623013
              ],
              [
                9.0523471,
                46.0622388
              ],
              [
                9.0502301,
                46.0623638
              ],
              [
                9.0479688,
                46.061563
              ],
              [
                9.047257,
                46.0607198
              ],
              [
                9.0465316,
                46.0599525
              ],
              [
                9.0454377,
                46.0594449
              ],
              [
                9.0450033,
                46.0591959
              ],
              [
                9.0447686,
                46.0589724
              ],
              [
                9.0440022,
                46.0592803
              ],
              [
                9.0435519,
                46.0593497
              ],
              [
                9.0430346,
                46.0593391
              ],
              [
                9.0427465,
                46.059322
              ],
              [
                9.0426178,
                46.059228
              ],
              [
                9.0419205,
                46.0591528
              ],
              [
                9.0417095,
                46.059106
              ],
              [
                9.0411548,
                46.0591409
              ],
              [
                9.0410466,
                46.0591171
              ],
              [
                9.0401102,
                46.0589854
              ],
              [
                9.0397449,
                46.0590766
              ],
              [
                9.0393685,
                46.0589435
              ],
              [
                9.0393312,
                46.0588504
              ],
              [
                9.038932,
                46.0585809
              ],
              [
                9.0387831,
                46.0582319
              ],
              [
                9.0386618,
                46.0580405
              ],
              [
                9.0383072,
                46.058046
              ],
              [
                9.0382301,
                46.0578948
              ],
              [
                9.0380779,
                46.0577375
              ],
              [
                9.0379759,
                46.0575812
              ],
              [
                9.0376425,
                46.0576804
              ],
              [
                9.0369118,
                46.0572119
              ],
              [
                9.0365732,
                46.0572779
              ],
              [
                9.0363809,
                46.0571746
              ],
              [
                9.0361244,
                46.0568677
              ],
              [
                9.0358417,
                46.0567041
              ],
              [
                9.035363,
                46.056434
              ],
              [
                9.0350321,
                46.0561687
              ],
              [
                9.0344007,
                46.0557907
              ],
              [
                9.0335919,
                46.0555322
              ],
              [
                9.0328329,
                46.05521
              ],
              [
                9.0309043,
                46.0542206
              ],
              [
                9.030206,
                46.0537627
              ],
              [
                9.0298473,
                46.0534258
              ],
              [
                9.0287629,
                46.0530183
              ],
              [
                9.0282436,
                46.0529357
              ],
              [
                9.027342,
                46.0530385
              ],
              [
                9.0268601,
                46.0529103
              ],
              [
                9.0262051,
                46.0526046
              ],
              [
                9.0256449,
                46.0524506
              ],
              [
                9.0248828,
                46.0524317
              ],
              [
                9.0240462,
                46.0526641
              ],
              [
                9.0237166,
                46.0527831
              ],
              [
                9.0235976,
                46.0527626
              ],
              [
                9.0234714,
                46.0525874
              ],
              [
                9.0232501,
                46.0527175
              ],
              [
                9.023012,
                46.0528012
              ],
              [
                9.0226712,
                46.0526938
              ],
              [
                9.022475,
                46.0520427
              ],
              [
                9.0220019,
                46.0520893
              ],
              [
                9.0217223,
                46.0519985
              ],
              [
                9.021349,
                46.0518966
              ],
              [
                9.0209415,
                46.051799
              ],
              [
                9.0203545,
                46.0517349
              ],
              [
                9.0199312,
                46.0513248
              ],
              [
                9.0194669,
                46.0510797
              ],
              [
                9.0192348,
                46.0509522
              ],
              [
                9.0190275,
                46.0507742
              ],
              [
                9.0186671,
                46.0508212
              ],
              [
                9.0184075,
                46.0506644
              ],
              [
                9.0181875,
                46.0503845
              ],
              [
                9.0174322,
                46.0499837
              ],
              [
                9.0172054,
                46.0497349
              ],
              [
                9.0171885,
                46.0491503
              ],
              [
                9.016857,
                46.0479673
              ],
              [
                9.0167967,
                46.0478659
              ],
              [
                9.0162371,
                46.0470223
              ],
              [
                9.0159524,
                46.0467448
              ],
              [
                9.0160328,
                46.0464742
              ],
              [
                9.0162338,
                46.0460872
              ],
              [
                9.016659,
                46.0455858
              ],
              [
                9.0167511,
                46.0453983
              ],
              [
                9.0171952,
                46.0449967
              ],
              [
                9.0175144,
                46.0447821
              ],
              [
                9.017572,
                46.0445383
              ],
              [
                9.0175246,
                46.0445209
              ],
              [
                9.0171412,
                46.0441188
              ],
              [
                9.0168875,
                46.0430976
              ],
              [
                9.0167057,
                46.0429305
              ],
              [
                9.0164172,
                46.0427415
              ],
              [
                9.0162121,
                46.0426167
              ],
              [
                9.0160663,
                46.0425796
              ],
              [
                9.0158482,
                46.0421409
              ],
              [
                9.0154292,
                46.0419731
              ],
              [
                9.0149805,
                46.0416239
              ],
              [
                9.0147128,
                46.0411436
              ],
              [
                9.0130716,
                46.0403014
              ],
              [
                9.0095249,
                46.0372876
              ],
              [
                9.0088116,
                46.0315711
              ],
              [
                9.0084563,
                46.0309583
              ],
              [
                9.0083665,
                46.0307001
              ],
              [
                9.0079014,
                46.0302297
              ],
              [
                9.0075936,
                46.0297988
              ],
              [
                9.0089333,
                46.0285235
              ],
              [
                9.0096526,
                46.0273736
              ],
              [
                9.0090701,
                46.0268412
              ],
              [
                9.0093856,
                46.0267182
              ],
              [
                9.010493,
                46.0260529
              ],
              [
                9.0110972,
                46.0257111
              ],
              [
                9.0115554,
                46.0253255
              ],
              [
                9.0120745,
                46.0251076
              ],
              [
                9.0127384,
                46.0247268
              ],
              [
                9.0131759,
                46.0246714
              ],
              [
                9.0134519,
                46.0245831
              ],
              [
                9.0139721,
                46.0241975
              ],
              [
                9.0141015,
                46.0241264
              ],
              [
                9.0143051,
                46.0238498
              ],
              [
                9.014762,
                46.0234254
              ],
              [
                9.0148805,
                46.0229396
              ],
              [
                9.0149856,
                46.0227735
              ],
              [
                9.015258,
                46.0223199
              ],
              [
                9.0152641,
                46.0221301
              ],
              [
                9.0155815,
                46.0219438
              ],
              [
                9.0162031,
                46.0218336
              ],
              [
                9.0166127,
                46.0215927
              ],
              [
                9.0168613,
                46.0215036
              ],
              [
                9.0171598,
                46.0213483
              ],
              [
                9.0180453,
                46.0207061
              ],
              [
                9.018365,
                46.0205937
              ],
              [
                9.0185539,
                46.020429
              ],
              [
                9.0188593,
                46.0198218
              ],
              [
                9.0192573,
                46.0192945
              ],
              [
                9.0195756,
                46.019137
              ],
              [
                9.0198273,
                46.0189086
              ],
              [
                9.0202468,
                46.0186777
              ],
              [
                9.0207877,
                46.0186251
              ],
              [
                9.0209134,
                46.0185064
              ],
              [
                9.0208753,
                46.018084
              ],
              [
                9.0211275,
                46.0178735
              ],
              [
                9.021312,
                46.017556
              ],
              [
                9.0216269,
                46.0172817
              ],
              [
                9.0219439,
                46.0170793
              ],
              [
                9.0225429,
                46.0168561
              ],
              [
                9.0245102,
                46.0007625
              ],
              [
                9.0250717,
                46.0002726
              ],
              [
                9.0255588,
                45.9992582
              ],
              [
                9.0259869,
                45.9984423
              ],
              [
                9.0265284,
                45.997085
              ],
              [
                9.0271416,
                45.9961885
              ],
              [
                9.0284607,
                45.9936259
              ],
              [
                9.0257631,
                45.9932074
              ],
              [
                9.025055,
                45.9931051
              ],
              [
                9.0235968,
                45.992877
              ],
              [
                9.0228918,
                45.9927561
              ],
              [
                9.0226971,
                45.9913634
              ],
              [
                9.0225036,
                45.9895435
              ],
              [
                9.0204703,
                45.9886287
              ],
              [
                9.0180799,
                45.9876531
              ],
              [
                9.0174174,
                45.987811
              ],
              [
                9.0168652,
                45.9879087
              ],
              [
                9.0164136,
                45.987915
              ],
              [
                9.0158954,
                45.9878503
              ],
              [
                9.0142311,
                45.9883236
              ],
              [
                9.013786,
                45.9885547
              ],
              [
                9.0132234,
                45.9887575
              ],
              [
                9.01305,
                45.9885469
              ],
              [
                9.0126815,
                45.9883003
              ],
              [
                9.0122255,
                45.9881537
              ],
              [
                9.0113594,
                45.9879046
              ],
              [
                9.0113747,
                45.987857
              ],
              [
                9.0115769,
                45.9866962
              ],
              [
                9.0109648,
                45.9856071
              ],
              [
                9.0108389,
                45.9853049
              ],
              [
                9.010877,
                45.9847984
              ],
              [
                9.0109278,
                45.9843209
              ],
              [
                9.0109365,
                45.9841008
              ],
              [
                9.0111612,
                45.9834629
              ],
              [
                9.0111529,
                45.983175
              ],
              [
                9.0106929,
                45.9828846
              ],
              [
                9.0103443,
                45.9827273
              ],
              [
                9.0097395,
                45.9824931
              ],
              [
                9.0090603,
                45.9822146
              ],
              [
                9.008759,
                45.9820569
              ],
              [
                9.0086604,
                45.9817704
              ],
              [
                9.0087172,
                45.9814996
              ],
              [
                9.0085804,
                45.9812316
              ],
              [
                9.0083797,
                45.9809825
              ],
              [
                9.0083345,
                45.9807581
              ],
              [
                9.0080463,
                45.9806093
              ],
              [
                9.0077488,
                45.9805864
              ],
              [
                9.0073475,
                45.9803002
              ],
              [
                9.0068388,
                45.9803562
              ],
              [
                9.0057423,
                45.9803714
              ],
              [
                9.0052637,
                45.9803331
              ],
              [
                9.0049631,
                45.9802024
              ],
              [
                9.0046576,
                45.9797661
              ],
              [
                9.0042394,
                45.9797176
              ],
              [
                9.0037634,
                45.9797693
              ],
              [
                9.0022971,
                45.9794928
              ],
              [
                9.0021128,
                45.979591
              ],
              [
                9.0019586,
                45.9798394
              ],
              [
                9.001822,
                45.9801828
              ],
              [
                9.0010941,
                45.9803644
              ],
              [
                8.995348,
                45.9805109
              ],
              [
                8.9952919,
                45.9804895
              ],
              [
                8.9954516,
                45.9797736
              ],
              [
                8.9955282,
                45.9797214
              ],
              [
                8.9960201,
                45.9787544
              ],
              [
                8.9953307,
                45.9782217
              ],
              [
                8.9953501,
                45.9779965
              ],
              [
                8.9954701,
                45.9776799
              ],
              [
                8.9953953,
                45.9773211
              ],
              [
                8.9951044,
                45.9770732
              ],
              [
                8.9950601,
                45.9768758
              ],
              [
                8.9951827,
                45.9766492
              ],
              [
                8.9958497,
                45.9760552
              ],
              [
                8.9960652,
                45.9759173
              ],
              [
                8.9960967,
                45.9756649
              ],
              [
                8.9958316,
                45.9750795
              ],
              [
                8.996197,
                45.9746559
              ],
              [
                8.9963183,
                45.9743842
              ],
              [
                8.9960687,
                45.9737759
              ],
              [
                8.9960554,
                45.9733082
              ],
              [
                8.9958934,
                45.9730585
              ],
              [
                8.9958224,
                45.9728346
              ],
              [
                8.9955564,
                45.9725503
              ],
              [
                8.9950276,
                45.9721078
              ],
              [
                8.9946517,
                45.9716394
              ],
              [
                8.9942014,
                45.9716423
              ],
              [
                8.9933061,
                45.9719246
              ],
              [
                8.9928598,
                45.9721107
              ],
              [
                8.9923454,
                45.9725568
              ],
              [
                8.9910167,
                45.9717312
              ],
              [
                8.9909613,
                45.9716807
              ],
              [
                8.9905796,
                45.9713324
              ],
              [
                8.9904958,
                45.9712293
              ],
              [
                8.9897186,
                45.9714613
              ],
              [
                8.9890504,
                45.9720104
              ],
              [
                8.9888027,
                45.9723737
              ],
              [
                8.9884735,
                45.9728336
              ],
              [
                8.9882936,
                45.9726237
              ],
              [
                8.9882589,
                45.9723093
              ],
              [
                8.9886254,
                45.9715844
              ],
              [
                8.9888345,
                45.9712216
              ],
              [
                8.9889541,
                45.9708871
              ],
              [
                8.9889923,
                45.9703426
              ],
              [
                8.989672,
                45.9698154
              ],
              [
                8.990112,
                45.9694044
              ],
              [
                8.9915553,
                45.9684107
              ],
              [
                8.9918213,
                45.9682418
              ],
              [
                8.9940255,
                45.9665515
              ],
              [
                8.9995037,
                45.9650944
              ],
              [
                9.0008414,
                45.9647362
              ],
              [
                9.0042232,
                45.9638028
              ],
              [
                9.0092149,
                45.9623845
              ],
              [
                9.0125679,
                45.9610928
              ],
              [
                9.0139638,
                45.9605478
              ],
              [
                9.0141715,
                45.9590494
              ],
              [
                9.0144305,
                45.9572492
              ],
              [
                9.014789,
                45.9546986
              ],
              [
                9.0153244,
                45.9508088
              ],
              [
                9.0163952,
                45.9501703
              ],
              [
                9.0165712,
                45.9496642
              ],
              [
                9.0168689,
                45.9492933
              ],
              [
                9.0171246,
                45.9490095
              ],
              [
                9.0164763,
                45.947997
              ],
              [
                9.0145023,
                45.9456317
              ],
              [
                9.013711,
                45.944522
              ],
              [
                9.0130429,
                45.9441023
              ],
              [
                9.0124058,
                45.9437923
              ],
              [
                9.0121988,
                45.9437844
              ],
              [
                9.0124236,
                45.9436325
              ],
              [
                9.0126732,
                45.9434098
              ],
              [
                9.0130437,
                45.9428378
              ],
              [
                9.0133473,
                45.9421858
              ],
              [
                9.0134633,
                45.9417343
              ],
              [
                9.0135608,
                45.9415144
              ],
              [
                9.0141112,
                45.9416309
              ],
              [
                9.0145579,
                45.9415594
              ],
              [
                9.0148076,
                45.941399
              ],
              [
                9.014905,
                45.9411923
              ],
              [
                9.0148983,
                45.9408519
              ],
              [
                9.0149586,
                45.940629
              ],
              [
                9.0152132,
                45.9404895
              ],
              [
                9.0156871,
                45.9404807
              ],
              [
                9.0170879,
                45.9405994
              ],
              [
                9.0187242,
                45.9400239
              ],
              [
                9.0190243,
                45.9398781
              ],
              [
                9.0197693,
                45.9397021
              ],
              [
                9.0199496,
                45.9394842
              ],
              [
                9.0202442,
                45.9383952
              ],
              [
                9.0205254,
                45.938239
              ],
              [
                9.0219271,
                45.9380828
              ],
              [
                9.0220289,
                45.9380891
              ],
              [
                9.0223427,
                45.9374952
              ],
              [
                9.0224618,
                45.9371727
              ],
              [
                9.0223144,
                45.9363024
              ],
              [
                9.0219307,
                45.9354548
              ],
              [
                9.0214361,
                45.9351646
              ],
              [
                9.0211278,
                45.9346908
              ],
              [
                9.0211216,
                45.9346604
              ],
              [
                9.0210931,
                45.9343148
              ],
              [
                9.0209006,
                45.9336841
              ],
              [
                9.0206065,
                45.9335407
              ],
              [
                9.0206178,
                45.9332634
              ],
              [
                9.020507,
                45.9332211
              ],
              [
                9.0205483,
                45.9328831
              ],
              [
                9.0204822,
                45.9324145
              ],
              [
                9.0205155,
                45.9321436
              ],
              [
                9.0204104,
                45.9320347
              ],
              [
                9.019966,
                45.9313432
              ],
              [
                9.0199375,
                45.9313095
              ],
              [
                9.019951,
                45.9312826
              ],
              [
                9.0199542,
                45.9312404
              ],
              [
                9.0199901,
                45.9312198
              ],
              [
                9.0200324,
                45.9311533
              ],
              [
                9.0200319,
                45.9310945
              ],
              [
                9.020006,
                45.9310279
              ],
              [
                9.0199892,
                45.9308637
              ],
              [
                9.0197964,
                45.9303781
              ],
              [
                9.0198089,
                45.9301524
              ],
              [
                9.0197262,
                45.9300137
              ],
              [
                9.019844,
                45.9294924
              ],
              [
                9.0198785,
                45.9293568
              ],
              [
                9.0198808,
                45.9291397
              ],
              [
                9.0197922,
                45.9290759
              ],
              [
                9.0196126,
                45.9287881
              ],
              [
                9.0195093,
                45.9287098
              ],
              [
                9.0194704,
                45.928662
              ],
              [
                9.0194287,
                45.9286767
              ],
              [
                9.0193668,
                45.9285458
              ],
              [
                9.0193831,
                45.9285413
              ],
              [
                9.0194074,
                45.9285133
              ],
              [
                9.0193572,
                45.9283683
              ],
              [
                9.0204178,
                45.9285529
              ],
              [
                9.0212726,
                45.9286741
              ],
              [
                9.0218053,
                45.9287496
              ],
              [
                9.0229429,
                45.9290116
              ],
              [
                9.0245391,
                45.9288812
              ],
              [
                9.0248317,
                45.9288695
              ],
              [
                9.0249579,
                45.928834
              ],
              [
                9.0252499,
                45.9288024
              ],
              [
                9.0254712,
                45.9288155
              ],
              [
                9.0256383,
                45.9287649
              ],
              [
                9.0261572,
                45.9287471
              ],
              [
                9.0265197,
                45.9286986
              ],
              [
                9.026896,
                45.9284868
              ],
              [
                9.0276586,
                45.9280162
              ],
              [
                9.0285662,
                45.9273662
              ],
              [
                9.0293194,
                45.9268512
              ],
              [
                9.0298424,
                45.9265041
              ],
              [
                9.0319507,
                45.926627
              ],
              [
                9.0324375,
                45.9266583
              ],
              [
                9.0326904,
                45.9266346
              ],
              [
                9.0331614,
                45.9265563
              ],
              [
                9.0332611,
                45.9265735
              ],
              [
                9.0342778,
                45.9265326
              ],
              [
                9.034886,
                45.9264129
              ],
              [
                9.0356536,
                45.9263991
              ],
              [
                9.0358555,
                45.9264656
              ],
              [
                9.0360789,
                45.9264352
              ],
              [
                9.0367311,
                45.9263107
              ],
              [
                9.0368073,
                45.9263351
              ],
              [
                9.0388571,
                45.9267738
              ],
              [
                9.0425455,
                45.9273549
              ],
              [
                9.0426147,
                45.9273515
              ],
              [
                9.0427678,
                45.9273526
              ],
              [
                9.0433518,
                45.9270805
              ],
              [
                9.0435759,
                45.9269568
              ],
              [
                9.0437387,
                45.92687
              ],
              [
                9.0437591,
                45.92675
              ],
              [
                9.0438649,
                45.9266469
              ],
              [
                9.0440178,
                45.9265698
              ],
              [
                9.0443082,
                45.926434
              ],
              [
                9.0444779,
                45.9263158
              ],
              [
                9.0448277,
                45.9261598
              ],
              [
                9.0448497,
                45.9259971
              ],
              [
                9.0449605,
                45.925726
              ],
              [
                9.0450542,
                45.9253442
              ],
              [
                9.0450903,
                45.9251292
              ],
              [
                9.045184,
                45.925027
              ],
              [
                9.0454138,
                45.9250098
              ],
              [
                9.0455279,
                45.9249613
              ],
              [
                9.0456027,
                45.924887
              ],
              [
                9.0455923,
                45.9247669
              ],
              [
                9.0456709,
                45.9245262
              ],
              [
                9.0459049,
                45.9244239
              ],
              [
                9.0465065,
                45.9239758
              ],
              [
                9.0468179,
                45.9238612
              ],
              [
                9.0470033,
                45.9238554
              ],
              [
                9.0470977,
                45.9238056
              ],
              [
                9.0475084,
                45.9235449
              ],
              [
                9.047724,
                45.923328
              ],
              [
                9.0478754,
                45.9230917
              ],
              [
                9.0481476,
                45.9228795
              ],
              [
                9.0481276,
                45.9226876
              ],
              [
                9.0482117,
                45.9226364
              ],
              [
                9.048304,
                45.9225723
              ],
              [
                9.048628,
                45.9225959
              ],
              [
                9.048799,
                45.9224908
              ],
              [
                9.0488026,
                45.9223585
              ],
              [
                9.0489874,
                45.9221972
              ],
              [
                9.049205,
                45.9221082
              ],
              [
                9.0494841,
                45.9220678
              ],
              [
                9.0495558,
                45.9219382
              ],
              [
                9.0494676,
                45.9217612
              ],
              [
                9.0494798,
                45.9214667
              ],
              [
                9.0495641,
                45.9213018
              ],
              [
                9.0495874,
                45.9211587
              ],
              [
                9.0493287,
                45.9204442
              ],
              [
                9.0493855,
                45.9204368
              ],
              [
                9.0495344,
                45.9204813
              ],
              [
                9.049733,
                45.9204989
              ],
              [
                9.0500397,
                45.9204717
              ],
              [
                9.0502378,
                45.9203216
              ],
              [
                9.0503841,
                45.9203003
              ],
              [
                9.0506777,
                45.9203181
              ],
              [
                9.0508784,
                45.9204288
              ],
              [
                9.0512775,
                45.9207035
              ],
              [
                9.0515738,
                45.9207703
              ],
              [
                9.0517813,
                45.9207974
              ],
              [
                9.052039,
                45.9206683
              ],
              [
                9.0523963,
                45.9206155
              ],
              [
                9.0527764,
                45.9206042
              ],
              [
                9.0528182,
                45.9205909
              ],
              [
                9.0533055,
                45.920537
              ],
              [
                9.0537209,
                45.9205557
              ],
              [
                9.0539226,
                45.9206548
              ],
              [
                9.0540707,
                45.9206452
              ],
              [
                9.0542897,
                45.9205762
              ],
              [
                9.0545633,
                45.920586
              ],
              [
                9.0549224,
                45.9204264
              ],
              [
                9.0554621,
                45.92031
              ],
              [
                9.0555537,
                45.9203856
              ],
              [
                9.0561156,
                45.9204065
              ],
              [
                9.0565858,
                45.9204176
              ],
              [
                9.0570362,
                45.9205694
              ],
              [
                9.057398,
                45.920705
              ],
              [
                9.0576836,
                45.9207927
              ],
              [
                9.0580421,
                45.9207866
              ],
              [
                9.0584981,
                45.9208511
              ],
              [
                9.0588437,
                45.9209516
              ],
              [
                9.0591766,
                45.9210476
              ],
              [
                9.0598938,
                45.9209659
              ],
              [
                9.0599143,
                45.9207857
              ],
              [
                9.0595816,
                45.919126
              ],
              [
                9.0590608,
                45.9164674
              ],
              [
                9.0605906,
                45.915705
              ],
              [
                9.0625467,
                45.9147826
              ],
              [
                9.0635755,
                45.9148661
              ],
              [
                9.0641599,
                45.9148493
              ],
              [
                9.0647988,
                45.9146601
              ],
              [
                9.065287,
                45.9144941
              ],
              [
                9.0660168,
                45.9140547
              ],
              [
                9.0672222,
                45.9134627
              ],
              [
                9.068142,
                45.9129304
              ],
              [
                9.0683489,
                45.9126976
              ],
              [
                9.0681476,
                45.9124072
              ],
              [
                9.0678643,
                45.9120359
              ],
              [
                9.0678028,
                45.9116475
              ],
              [
                9.0676621,
                45.9112414
              ],
              [
                9.0677556,
                45.9105952
              ],
              [
                9.0686982,
                45.9105548
              ],
              [
                9.0696774,
                45.9105427
              ],
              [
                9.0694922,
                45.9108837
              ],
              [
                9.0696782,
                45.9116219
              ],
              [
                9.0698111,
                45.9117828
              ],
              [
                9.0700392,
                45.9117795
              ],
              [
                9.0700179,
                45.9119128
              ],
              [
                9.0706759,
                45.9120376
              ],
              [
                9.071804,
                45.9125434
              ],
              [
                9.0722329,
                45.9126717
              ],
              [
                9.0726339,
                45.9127077
              ],
              [
                9.0732467,
                45.9126449
              ],
              [
                9.0741326,
                45.91249
              ],
              [
                9.0744879,
                45.9123601
              ],
              [
                9.0754082,
                45.9116719
              ],
              [
                9.0758173,
                45.9115579
              ],
              [
                9.0765632,
                45.9115021
              ],
              [
                9.0766976,
                45.9108253
              ],
              [
                9.0765017,
                45.9107382
              ],
              [
                9.0773334,
                45.9092415
              ],
              [
                9.0754618,
                45.9061378
              ],
              [
                9.0762571,
                45.90354
              ],
              [
                9.0762835,
                45.9034537
              ],
              [
                9.0768917,
                45.9003227
              ],
              [
                9.0769409,
                45.8993081
              ],
              [
                9.0810164,
                45.900497
              ],
              [
                9.0866216,
                45.9021335
              ],
              [
                9.086819,
                45.9022263
              ],
              [
                9.0870878,
                45.90206
              ],
              [
                9.0878049,
                45.9015183
              ],
              [
                9.0890232,
                45.9006581
              ],
              [
                9.0886425,
                45.9005107
              ],
              [
                9.0884042,
                45.9003455
              ],
              [
                9.0883195,
                45.9002896
              ],
              [
                9.0880523,
                45.9000434
              ],
              [
                9.0878338,
                45.8997038
              ],
              [
                9.087436,
                45.8993317
              ],
              [
                9.0874013,
                45.8990353
              ],
              [
                9.0874516,
                45.8985667
              ],
              [
                9.0883266,
                45.8976721
              ],
              [
                9.0885729,
                45.8972906
              ],
              [
                9.0888473,
                45.8969897
              ],
              [
                9.0888757,
                45.8968978
              ],
              [
                9.0883407,
                45.8968681
              ],
              [
                9.0880367,
                45.8968296
              ],
              [
                9.0862991,
                45.8962763
              ],
              [
                9.0851385,
                45.8959323
              ],
              [
                9.0848083,
                45.8955195
              ],
              [
                9.0848198,
                45.8947029
              ],
              [
                9.0848402,
                45.8944393
              ],
              [
                9.0840911,
                45.8939555
              ],
              [
                9.0840396,
                45.8936146
              ],
              [
                9.0839719,
                45.8934174
              ],
              [
                9.0835787,
                45.8931982
              ],
              [
                9.0832269,
                45.8930684
              ],
              [
                9.0821235,
                45.8927967
              ],
              [
                9.0816611,
                45.8924166
              ],
              [
                9.0816049,
                45.8918326
              ],
              [
                9.0779791,
                45.8920924
              ],
              [
                9.0772488,
                45.8907513
              ],
              [
                9.0772682,
                45.8905483
              ],
              [
                9.0775002,
                45.8904902
              ],
              [
                9.0781158,
                45.8903895
              ],
              [
                9.0784959,
                45.8902783
              ],
              [
                9.0785013,
                45.8902296
              ],
              [
                9.0783823,
                45.8900878
              ],
              [
                9.0784022,
                45.8899315
              ],
              [
                9.0786109,
                45.8896583
              ],
              [
                9.0791836,
                45.889264
              ],
              [
                9.0792741,
                45.8892258
              ],
              [
                9.0792725,
                45.888966
              ],
              [
                9.0793477,
                45.8888625
              ],
              [
                9.0794762,
                45.8886553
              ],
              [
                9.0794433,
                45.8884901
              ],
              [
                9.0793099,
                45.8883391
              ],
              [
                9.0782948,
                45.8876473
              ],
              [
                9.0784294,
                45.8873608
              ],
              [
                9.0782181,
                45.8871584
              ],
              [
                9.0780592,
                45.8868873
              ],
              [
                9.0777463,
                45.8867138
              ],
              [
                9.0775202,
                45.8866351
              ],
              [
                9.0774476,
                45.8865609
              ],
              [
                9.0775065,
                45.8864342
              ],
              [
                9.0773522,
                45.8860757
              ],
              [
                9.0773709,
                45.8859969
              ],
              [
                9.0774353,
                45.8858077
              ],
              [
                9.0773287,
                45.8854169
              ],
              [
                9.0773787,
                45.8853013
              ],
              [
                9.0776873,
                45.8851353
              ],
              [
                9.0774741,
                45.884734
              ],
              [
                9.0773748,
                45.8845835
              ],
              [
                9.0768693,
                45.8843533
              ],
              [
                9.0764093,
                45.8838718
              ],
              [
                9.0761208,
                45.8837971
              ],
              [
                9.0755293,
                45.8834008
              ],
              [
                9.0748766,
                45.8831134
              ],
              [
                9.0746811,
                45.8829896
              ],
              [
                9.0744388,
                45.8829146
              ],
              [
                9.0741225,
                45.8828815
              ],
              [
                9.0739618,
                45.8827492
              ],
              [
                9.073535,
                45.8826201
              ],
              [
                9.0726805,
                45.8824998
              ],
              [
                9.0721469,
                45.8822984
              ],
              [
                9.0718577,
                45.8821537
              ],
              [
                9.0714817,
                45.8817448
              ],
              [
                9.0711984,
                45.8813923
              ],
              [
                9.0711865,
                45.8812023
              ],
              [
                9.0711361,
                45.880967
              ],
              [
                9.0708002,
                45.8804652
              ],
              [
                9.0704692,
                45.8799264
              ],
              [
                9.0701194,
                45.8793715
              ],
              [
                9.0691248,
                45.8781406
              ],
              [
                9.0680169,
                45.877028
              ],
              [
                9.0678914,
                45.8769021
              ],
              [
                9.0677853,
                45.8767955
              ],
              [
                9.0674933,
                45.8765023
              ],
              [
                9.0674067,
                45.8764153
              ],
              [
                9.0672897,
                45.8762979
              ],
              [
                9.0672169,
                45.8762247
              ],
              [
                9.067116,
                45.8761234
              ],
              [
                9.0670935,
                45.8761008
              ],
              [
                9.0670253,
                45.8760465
              ],
              [
                9.0669369,
                45.8759761
              ],
              [
                9.06664,
                45.8757397
              ],
              [
                9.066349,
                45.8755079
              ],
              [
                9.0660074,
                45.8757406
              ],
              [
                9.0656697,
                45.8760402
              ],
              [
                9.0647834,
                45.8759129
              ],
              [
                9.0639656,
                45.8757412
              ],
              [
                9.063191,
                45.8756804
              ],
              [
                9.0619225,
                45.8754739
              ],
              [
                9.0602301,
                45.8748685
              ],
              [
                9.0592862,
                45.8750006
              ],
              [
                9.0590826,
                45.8750632
              ],
              [
                9.0590166,
                45.8751503
              ],
              [
                9.0589355,
                45.8751691
              ],
              [
                9.0587299,
                45.8751449
              ],
              [
                9.0584909,
                45.8751655
              ],
              [
                9.0581542,
                45.8752875
              ],
              [
                9.0579257,
                45.8753077
              ],
              [
                9.05771,
                45.8753041
              ],
              [
                9.0574738,
                45.8752665
              ],
              [
                9.0573258,
                45.875233
              ],
              [
                9.0571861,
                45.8751643
              ],
              [
                9.0568926,
                45.8750488
              ],
              [
                9.0565804,
                45.8748915
              ],
              [
                9.0562229,
                45.8747301
              ],
              [
                9.0558743,
                45.874485
              ],
              [
                9.0552759,
                45.8740202
              ],
              [
                9.0551582,
                45.8738985
              ],
              [
                9.0548317,
                45.8735708
              ],
              [
                9.0546518,
                45.8733638
              ],
              [
                9.0546794,
                45.8731491
              ],
              [
                9.0547525,
                45.8726644
              ],
              [
                9.0548673,
                45.8723441
              ],
              [
                9.0550123,
                45.8721156
              ],
              [
                9.0555383,
                45.871698
              ],
              [
                9.0555608,
                45.8715888
              ],
              [
                9.0551028,
                45.8713435
              ],
              [
                9.0538807,
                45.8700835
              ],
              [
                9.0534004,
                45.8700513
              ],
              [
                9.0528456,
                45.869731
              ],
              [
                9.0527332,
                45.8695625
              ],
              [
                9.0527163,
                45.8693207
              ],
              [
                9.0527299,
                45.8689825
              ],
              [
                9.0527922,
                45.8688364
              ],
              [
                9.053067,
                45.868522
              ],
              [
                9.0534207,
                45.8681731
              ],
              [
                9.0533427,
                45.8681387
              ],
              [
                9.0528915,
                45.8680625
              ],
              [
                9.0522567,
                45.8678097
              ],
              [
                9.0520232,
                45.867675
              ],
              [
                9.0517679,
                45.8673395
              ],
              [
                9.0516238,
                45.8672507
              ],
              [
                9.0515751,
                45.8671638
              ],
              [
                9.0516476,
                45.867038
              ],
              [
                9.0516943,
                45.866922
              ],
              [
                9.0518002,
                45.8668374
              ],
              [
                9.0518882,
                45.8667023
              ],
              [
                9.0518792,
                45.8665846
              ],
              [
                9.0517533,
                45.8663982
              ],
              [
                9.0515103,
                45.8661638
              ],
              [
                9.051269,
                45.8660232
              ],
              [
                9.0510955,
                45.8658359
              ],
              [
                9.0509567,
                45.8655511
              ],
              [
                9.0509065,
                45.8652175
              ],
              [
                9.050748,
                45.8648321
              ],
              [
                9.0503099,
                45.8645084
              ],
              [
                9.0502679,
                45.8643358
              ],
              [
                9.0502903,
                45.8640992
              ],
              [
                9.0501877,
                45.8638887
              ],
              [
                9.0501032,
                45.8635319
              ],
              [
                9.0499666,
                45.8633595
              ],
              [
                9.0494049,
                45.8631147
              ],
              [
                9.0492321,
                45.862873
              ],
              [
                9.0491852,
                45.8625332
              ],
              [
                9.0492343,
                45.8620749
              ],
              [
                9.0492435,
                45.8619955
              ],
              [
                9.0490615,
                45.8616684
              ],
              [
                9.0496282,
                45.8603556
              ],
              [
                9.0493566,
                45.8585601
              ],
              [
                9.0499168,
                45.8579042
              ],
              [
                9.0503825,
                45.8575377
              ],
              [
                9.0506067,
                45.8572825
              ],
              [
                9.0512968,
                45.8556753
              ],
              [
                9.0514472,
                45.8555596
              ],
              [
                9.0515819,
                45.8552209
              ],
              [
                9.0516205,
                45.8550177
              ],
              [
                9.0516216,
                45.8549424
              ],
              [
                9.0518292,
                45.8544335
              ],
              [
                9.0511507,
                45.8543552
              ],
              [
                9.050854,
                45.8542459
              ],
              [
                9.050747,
                45.8541924
              ],
              [
                9.0505328,
                45.8540214
              ],
              [
                9.0501414,
                45.8539265
              ],
              [
                9.0499283,
                45.8538758
              ],
              [
                9.0496776,
                45.8538153
              ],
              [
                9.0493174,
                45.8537285
              ],
              [
                9.0490873,
                45.8536618
              ],
              [
                9.0488591,
                45.8535677
              ],
              [
                9.0487372,
                45.8535188
              ],
              [
                9.0484246,
                45.8533456
              ],
              [
                9.048237,
                45.8531834
              ],
              [
                9.0482939,
                45.8531788
              ],
              [
                9.0484597,
                45.853207
              ],
              [
                9.0488161,
                45.8531503
              ],
              [
                9.0489256,
                45.8530818
              ],
              [
                9.0493236,
                45.852773
              ],
              [
                9.0494594,
                45.8527614
              ],
              [
                9.0495251,
                45.8527649
              ],
              [
                9.0495833,
                45.8527412
              ],
              [
                9.0499487,
                45.8526963
              ],
              [
                9.050165,
                45.8525335
              ],
              [
                9.0502586,
                45.85241
              ],
              [
                9.0503405,
                45.852349
              ],
              [
                9.0505883,
                45.8522951
              ],
              [
                9.0506449,
                45.8522572
              ],
              [
                9.0507744,
                45.8522125
              ],
              [
                9.0500026,
                45.8520448
              ],
              [
                9.0495324,
                45.8519541
              ],
              [
                9.0492204,
                45.8518795
              ],
              [
                9.0488075,
                45.8518338
              ],
              [
                9.0484264,
                45.8516509
              ],
              [
                9.0482764,
                45.8516411
              ],
              [
                9.0478229,
                45.8513895
              ],
              [
                9.0477203,
                45.8512921
              ],
              [
                9.0474915,
                45.851156
              ],
              [
                9.0471713,
                45.850895
              ],
              [
                9.047132,
                45.8507572
              ],
              [
                9.0469352,
                45.8506467
              ],
              [
                9.0468627,
                45.8504564
              ],
              [
                9.0465773,
                45.850278
              ],
              [
                9.0464732,
                45.8501478
              ],
              [
                9.0464228,
                45.8501304
              ],
              [
                9.0463339,
                45.8500725
              ],
              [
                9.0462591,
                45.8499743
              ],
              [
                9.0460413,
                45.849834
              ],
              [
                9.0457563,
                45.8496997
              ],
              [
                9.0453981,
                45.8495936
              ],
              [
                9.0451411,
                45.8488623
              ],
              [
                9.0451368,
                45.8485971
              ],
              [
                9.0450916,
                45.8481824
              ],
              [
                9.0449252,
                45.8478759
              ],
              [
                9.0447646,
                45.847889
              ],
              [
                9.0445458,
                45.8479058
              ],
              [
                9.0442477,
                45.8475322
              ],
              [
                9.0441411,
                45.8471514
              ],
              [
                9.0438103,
                45.846592
              ],
              [
                9.0424401,
                45.8463885
              ],
              [
                9.0411232,
                45.8465294
              ],
              [
                9.0407332,
                45.8465698
              ],
              [
                9.0406289,
                45.8464925
              ],
              [
                9.0404947,
                45.8463298
              ],
              [
                9.0403418,
                45.846147
              ],
              [
                9.0402131,
                45.8459903
              ],
              [
                9.0399785,
                45.8459166
              ],
              [
                9.039888,
                45.8457139
              ],
              [
                9.0397889,
                45.8456014
              ],
              [
                9.0397116,
                45.8455146
              ],
              [
                9.0393756,
                45.8451339
              ],
              [
                9.0393345,
                45.8448905
              ],
              [
                9.0392914,
                45.8448781
              ],
              [
                9.0392104,
                45.8448931
              ],
              [
                9.0391829,
                45.8448574
              ],
              [
                9.0387523,
                45.8441372
              ],
              [
                9.0385538,
                45.843899
              ],
              [
                9.0385484,
                45.8437877
              ],
              [
                9.0385413,
                45.843633
              ],
              [
                9.038528,
                45.8435635
              ],
              [
                9.0385221,
                45.8434452
              ],
              [
                9.0385039,
                45.8433408
              ],
              [
                9.0384479,
                45.8431857
              ],
              [
                9.0384392,
                45.8430129
              ],
              [
                9.038454,
                45.8429732
              ],
              [
                9.0385136,
                45.8429013
              ],
              [
                9.0385244,
                45.84287
              ],
              [
                9.0385131,
                45.8426347
              ],
              [
                9.0386527,
                45.842029
              ],
              [
                9.0378643,
                45.8419769
              ],
              [
                9.0372773,
                45.841936
              ],
              [
                9.03696,
                45.841803
              ],
              [
                9.0367929,
                45.8417373
              ],
              [
                9.0364994,
                45.8416197
              ],
              [
                9.0362259,
                45.8415068
              ],
              [
                9.0360829,
                45.8414352
              ],
              [
                9.0359765,
                45.8413647
              ],
              [
                9.0358926,
                45.8412913
              ],
              [
                9.0358158,
                45.8412082
              ],
              [
                9.0357691,
                45.8411404
              ],
              [
                9.0357159,
                45.8410364
              ],
              [
                9.035699,
                45.8409872
              ],
              [
                9.0356762,
                45.8408793
              ],
              [
                9.0355751,
                45.8400762
              ],
              [
                9.0355283,
                45.8399657
              ],
              [
                9.0354516,
                45.8398413
              ],
              [
                9.0353128,
                45.8390784
              ],
              [
                9.0355221,
                45.8387094
              ],
              [
                9.0355841,
                45.8386085
              ],
              [
                9.0356544,
                45.8385219
              ],
              [
                9.035744,
                45.8384375
              ],
              [
                9.035862,
                45.838351
              ],
              [
                9.0360183,
                45.8382444
              ],
              [
                9.0364802,
                45.8376381
              ],
              [
                9.0368953,
                45.8370767
              ],
              [
                9.0377718,
                45.8359052
              ],
              [
                9.0378231,
                45.8358224
              ],
              [
                9.0378575,
                45.8357358
              ],
              [
                9.0378749,
                45.8356462
              ],
              [
                9.0378748,
                45.8355559
              ],
              [
                9.0378586,
                45.8354665
              ],
              [
                9.0378253,
                45.8353795
              ],
              [
                9.0377758,
                45.8352963
              ],
              [
                9.0377455,
                45.8352566
              ],
              [
                9.0359496,
                45.8330838
              ],
              [
                9.0357182,
                45.8328052
              ],
              [
                9.0356726,
                45.832757
              ],
              [
                9.0356178,
                45.8327091
              ],
              [
                9.0355591,
                45.8326662
              ],
              [
                9.0354939,
                45.8326265
              ],
              [
                9.0354234,
                45.8325912
              ],
              [
                9.035349,
                45.8325597
              ],
              [
                9.0352661,
                45.8325318
              ],
              [
                9.0351853,
                45.8325111
              ],
              [
                9.0348583,
                45.8324522
              ],
              [
                9.0347386,
                45.8324194
              ],
              [
                9.0344463,
                45.832288
              ],
              [
                9.0344892,
                45.8321588
              ],
              [
                9.0344065,
                45.832057
              ],
              [
                9.0345831,
                45.8316725
              ],
              [
                9.0346127,
                45.8314493
              ],
              [
                9.0344246,
                45.831187
              ],
              [
                9.0342452,
                45.8310054
              ],
              [
                9.0340109,
                45.8306994
              ],
              [
                9.0346823,
                45.8302739
              ],
              [
                9.0348051,
                45.8301254
              ],
              [
                9.0347343,
                45.8299563
              ],
              [
                9.0346835,
                45.8298532
              ],
              [
                9.03453,
                45.8297391
              ],
              [
                9.0344671,
                45.8296862
              ],
              [
                9.0343523,
                45.829638
              ],
              [
                9.0341926,
                45.8295922
              ],
              [
                9.0337786,
                45.8291149
              ],
              [
                9.0337487,
                45.8290464
              ],
              [
                9.0337478,
                45.8290138
              ],
              [
                9.0337738,
                45.828978
              ],
              [
                9.0337664,
                45.8289605
              ],
              [
                9.0337697,
                45.8289272
              ],
              [
                9.0337468,
                45.8289008
              ],
              [
                9.0337132,
                45.8288475
              ],
              [
                9.0336877,
                45.8288211
              ],
              [
                9.0336696,
                45.828771
              ],
              [
                9.0337101,
                45.8286192
              ],
              [
                9.0337129,
                45.8285645
              ],
              [
                9.0337185,
                45.8285501
              ],
              [
                9.0337061,
                45.828504
              ],
              [
                9.0337119,
                45.8284481
              ],
              [
                9.0337196,
                45.8284268
              ],
              [
                9.0337053,
                45.8283881
              ],
              [
                9.0337164,
                45.8282888
              ],
              [
                9.0336865,
                45.8282683
              ],
              [
                9.0335737,
                45.8282657
              ],
              [
                9.033479,
                45.8282237
              ],
              [
                9.0334353,
                45.8281927
              ],
              [
                9.0332575,
                45.8281062
              ],
              [
                9.0332336,
                45.8280794
              ],
              [
                9.033104,
                45.8280163
              ],
              [
                9.033015,
                45.8279163
              ],
              [
                9.0329772,
                45.8278858
              ],
              [
                9.0329634,
                45.8278343
              ],
              [
                9.0329421,
                45.8278032
              ],
              [
                9.0327612,
                45.827749
              ],
              [
                9.0327156,
                45.8276321
              ],
              [
                9.0326657,
                45.8275794
              ],
              [
                9.0326831,
                45.8275178
              ],
              [
                9.0327048,
                45.8274775
              ],
              [
                9.0327401,
                45.8273767
              ],
              [
                9.0328,
                45.8273129
              ],
              [
                9.0328391,
                45.8272652
              ],
              [
                9.0328391,
                45.8272333
              ],
              [
                9.0327992,
                45.8271675
              ],
              [
                9.0327659,
                45.8271394
              ],
              [
                9.0327346,
                45.8270809
              ],
              [
                9.0326795,
                45.8269337
              ],
              [
                9.0326744,
                45.8268856
              ],
              [
                9.0326089,
                45.8268629
              ],
              [
                9.0325651,
                45.8268184
              ],
              [
                9.0324411,
                45.8267238
              ],
              [
                9.0324674,
                45.8266639
              ],
              [
                9.032429,
                45.8266109
              ],
              [
                9.0324198,
                45.8265759
              ],
              [
                9.0323569,
                45.8265161
              ],
              [
                9.0323213,
                45.826399
              ],
              [
                9.0323317,
                45.8262898
              ],
              [
                9.032309,
                45.8262304
              ],
              [
                9.0322829,
                45.8262026
              ],
              [
                9.0322327,
                45.8260388
              ],
              [
                9.0322,
                45.8259959
              ],
              [
                9.0322151,
                45.8259462
              ],
              [
                9.0322663,
                45.8258781
              ],
              [
                9.0322918,
                45.8257649
              ],
              [
                9.0323148,
                45.8256934
              ],
              [
                9.0323025,
                45.8256188
              ],
              [
                9.0323309,
                45.8255342
              ],
              [
                9.0323723,
                45.8255016
              ],
              [
                9.0324711,
                45.8254504
              ],
              [
                9.0325369,
                45.8253116
              ],
              [
                9.0324563,
                45.8251955
              ],
              [
                9.0324278,
                45.8251675
              ],
              [
                9.0324278,
                45.8251453
              ],
              [
                9.0322161,
                45.8250853
              ],
              [
                9.0320933,
                45.8251052
              ],
              [
                9.0316663,
                45.8251549
              ],
              [
                9.0314821,
                45.8251957
              ],
              [
                9.0314755,
                45.8251757
              ],
              [
                9.0313552,
                45.8251331
              ],
              [
                9.0312804,
                45.8250626
              ],
              [
                9.0311112,
                45.8249538
              ],
              [
                9.0311315,
                45.8248928
              ],
              [
                9.0311073,
                45.8248449
              ],
              [
                9.0310254,
                45.8247933
              ],
              [
                9.0309315,
                45.8246897
              ],
              [
                9.0310104,
                45.8245681
              ],
              [
                9.0309953,
                45.8245332
              ],
              [
                9.0310506,
                45.8244938
              ],
              [
                9.0310933,
                45.8245017
              ],
              [
                9.0311302,
                45.8244528
              ],
              [
                9.0312387,
                45.8244308
              ],
              [
                9.031475,
                45.8242849
              ],
              [
                9.0316299,
                45.8242302
              ],
              [
                9.0316617,
                45.824248
              ],
              [
                9.031709,
                45.8242281
              ],
              [
                9.0317614,
                45.8242274
              ],
              [
                9.0318106,
                45.8242047
              ],
              [
                9.0318229,
                45.8241686
              ],
              [
                9.0318691,
                45.8241429
              ],
              [
                9.0319266,
                45.8241609
              ],
              [
                9.0320012,
                45.8241535
              ],
              [
                9.0319825,
                45.8240891
              ],
              [
                9.0320275,
                45.8240624
              ],
              [
                9.0320778,
                45.8240707
              ],
              [
                9.0321149,
                45.8241092
              ],
              [
                9.0321525,
                45.8241276
              ],
              [
                9.0321906,
                45.8241228
              ],
              [
                9.0322137,
                45.8239998
              ],
              [
                9.0322601,
                45.8239605
              ],
              [
                9.0323365,
                45.823941
              ],
              [
                9.0323726,
                45.8238806
              ],
              [
                9.0324642,
                45.8238688
              ],
              [
                9.0324774,
                45.8238964
              ],
              [
                9.0325561,
                45.8238875
              ],
              [
                9.0325844,
                45.8238567
              ],
              [
                9.0326132,
                45.8238355
              ],
              [
                9.0326102,
                45.8238146
              ],
              [
                9.0326477,
                45.8238049
              ],
              [
                9.0327549,
                45.8238113
              ],
              [
                9.0327761,
                45.823771
              ],
              [
                9.0328133,
                45.8237426
              ],
              [
                9.0329133,
                45.8237273
              ],
              [
                9.0329472,
                45.8237384
              ],
              [
                9.0329865,
                45.8237216
              ],
              [
                9.0329855,
                45.8236957
              ],
              [
                9.032932,
                45.8236881
              ],
              [
                9.0329214,
                45.8236781
              ],
              [
                9.0330454,
                45.8236433
              ],
              [
                9.033104,
                45.8236579
              ],
              [
                9.0331306,
                45.82368
              ],
              [
                9.0331831,
                45.8236131
              ],
              [
                9.033264,
                45.8235702
              ],
              [
                9.0333193,
                45.8235827
              ],
              [
                9.033355,
                45.8235766
              ],
              [
                9.033383,
                45.8235958
              ],
              [
                9.0334007,
                45.823599
              ],
              [
                9.0334638,
                45.8235976
              ],
              [
                9.0335203,
                45.8235737
              ],
              [
                9.0335028,
                45.8235298
              ],
              [
                9.0335234,
                45.8235164
              ],
              [
                9.0335726,
                45.8235067
              ],
              [
                9.0336275,
                45.8234519
              ],
              [
                9.0336769,
                45.8234571
              ],
              [
                9.0336839,
                45.8234852
              ],
              [
                9.0337425,
                45.8234706
              ],
              [
                9.0337655,
                45.8234185
              ],
              [
                9.0337591,
                45.8233831
              ],
              [
                9.0338014,
                45.8233668
              ],
              [
                9.03386,
                45.8233673
              ],
              [
                9.0338981,
                45.823361
              ],
              [
                9.0340037,
                45.8233859
              ],
              [
                9.0341215,
                45.8233446
              ],
              [
                9.0341334,
                45.8233085
              ],
              [
                9.0341007,
                45.8232796
              ],
              [
                9.0341035,
                45.8232276
              ],
              [
                9.0341419,
                45.823213
              ],
              [
                9.0341539,
                45.8231492
              ],
              [
                9.0342314,
                45.8231052
              ],
              [
                9.0342962,
                45.8231072
              ],
              [
                9.0343249,
                45.8231199
              ],
              [
                9.0344617,
                45.8230171
              ],
              [
                9.0340812,
                45.8226097
              ],
              [
                9.0339569,
                45.8225307
              ],
              [
                9.0336358,
                45.8223268
              ],
              [
                9.0327752,
                45.8218155
              ],
              [
                9.0327637,
                45.8218281
              ],
              [
                9.0326618,
                45.82173
              ],
              [
                9.0324151,
                45.8215468
              ],
              [
                9.0323622,
                45.8214822
              ],
              [
                9.0323091,
                45.8214524
              ],
              [
                9.0322432,
                45.8213973
              ],
              [
                9.0321394,
                45.8212878
              ],
              [
                9.0320879,
                45.8212515
              ],
              [
                9.0320411,
                45.8212327
              ],
              [
                9.0319666,
                45.8211869
              ],
              [
                9.0318923,
                45.8211663
              ],
              [
                9.031824,
                45.8211332
              ],
              [
                9.0317838,
                45.8210985
              ],
              [
                9.0316583,
                45.8209457
              ],
              [
                9.0316268,
                45.8209129
              ],
              [
                9.0315704,
                45.8208909
              ],
              [
                9.0314778,
                45.8208681
              ],
              [
                9.0313978,
                45.8208421
              ],
              [
                9.0313231,
                45.8208363
              ],
              [
                9.0311167,
                45.8208291
              ],
              [
                9.0310565,
                45.8208416
              ],
              [
                9.0309359,
                45.8208377
              ],
              [
                9.0306979,
                45.8208146
              ],
              [
                9.0304211,
                45.8207977
              ],
              [
                9.0303071,
                45.8207882
              ],
              [
                9.0300577,
                45.8208234
              ],
              [
                9.0299701,
                45.820818
              ],
              [
                9.0298965,
                45.8208069
              ],
              [
                9.0297799,
                45.820801
              ],
              [
                9.0297047,
                45.8207855
              ],
              [
                9.0295646,
                45.8207729
              ],
              [
                9.0295156,
                45.8207766
              ],
              [
                9.0292877,
                45.8208421
              ],
              [
                9.0292012,
                45.8208508
              ],
              [
                9.0291056,
                45.8208355
              ],
              [
                9.0290444,
                45.8207809
              ],
              [
                9.0289114,
                45.8206955
              ],
              [
                9.0288823,
                45.8206733
              ],
              [
                9.0288321,
                45.8206615
              ],
              [
                9.0287223,
                45.8206475
              ],
              [
                9.0285891,
                45.8206599
              ],
              [
                9.0284613,
                45.8206942
              ],
              [
                9.0283526,
                45.8207378
              ],
              [
                9.0283003,
                45.8207523
              ],
              [
                9.0282427,
                45.8207821
              ],
              [
                9.0281683,
                45.8208034
              ],
              [
                9.0280201,
                45.820823
              ],
              [
                9.0279819,
                45.8208579
              ],
              [
                9.027884,
                45.820917
              ],
              [
                9.0277831,
                45.8209545
              ],
              [
                9.0277155,
                45.8209514
              ],
              [
                9.0273063,
                45.8211809
              ],
              [
                9.0268339,
                45.8215059
              ],
              [
                9.0264414,
                45.8217
              ],
              [
                9.026019,
                45.8218523
              ],
              [
                9.0257124,
                45.8218762
              ],
              [
                9.0257132,
                45.8218912
              ],
              [
                9.0255024,
                45.8218883
              ],
              [
                9.0254287,
                45.8218962
              ],
              [
                9.0253313,
                45.8219258
              ],
              [
                9.0250948,
                45.8219361
              ],
              [
                9.0246486,
                45.8218886
              ],
              [
                9.0245411,
                45.8218846
              ],
              [
                9.0243734,
                45.8218948
              ],
              [
                9.0242692,
                45.8219281
              ],
              [
                9.0240788,
                45.8219663
              ],
              [
                9.0238145,
                45.8219854
              ],
              [
                9.0236767,
                45.8219853
              ],
              [
                9.0233433,
                45.8220158
              ],
              [
                9.0232367,
                45.8220134
              ],
              [
                9.0229347,
                45.8219869
              ],
              [
                9.02284,
                45.8219681
              ],
              [
                9.0223684,
                45.8219205
              ],
              [
                9.0221166,
                45.8218656
              ],
              [
                9.0220718,
                45.8218425
              ],
              [
                9.0220217,
                45.8218228
              ],
              [
                9.0217948,
                45.8216667
              ],
              [
                9.0217229,
                45.821601
              ],
              [
                9.0216752,
                45.8215259
              ],
              [
                9.0215528,
                45.8214244
              ],
              [
                9.0215056,
                45.8213157
              ],
              [
                9.02149,
                45.8212491
              ],
              [
                9.021508,
                45.8209822
              ],
              [
                9.0215057,
                45.8209735
              ],
              [
                9.0213317,
                45.8206934
              ],
              [
                9.0207427,
                45.8204281
              ],
              [
                9.01903,
                45.8196406
              ],
              [
                9.0183818,
                45.819361
              ],
              [
                9.017975,
                45.8180831
              ],
              [
                9.0173324,
                45.8179585
              ],
              [
                9.0173377,
                45.8179724
              ],
              [
                9.0172769,
                45.8179837
              ],
              [
                9.0171658,
                45.8179913
              ],
              [
                9.0166773,
                45.8179718
              ],
              [
                9.0164913,
                45.8179694
              ],
              [
                9.0164125,
                45.8179751
              ],
              [
                9.0160119,
                45.8180272
              ],
              [
                9.0157072,
                45.8180723
              ],
              [
                9.0151107,
                45.8181458
              ],
              [
                9.014815,
                45.8181862
              ],
              [
                9.0147165,
                45.8182076
              ],
              [
                9.0140858,
                45.8184296
              ],
              [
                9.0139696,
                45.8184822
              ],
              [
                9.0137234,
                45.8186248
              ],
              [
                9.0137015,
                45.8186121
              ],
              [
                9.0132663,
                45.8187951
              ],
              [
                9.0133181,
                45.8188498
              ],
              [
                9.0132141,
                45.8188829
              ],
              [
                9.0130956,
                45.8190011
              ],
              [
                9.0130149,
                45.8190219
              ],
              [
                9.0129186,
                45.8190003
              ],
              [
                9.0128491,
                45.8190279
              ],
              [
                9.0125212,
                45.8190693
              ],
              [
                9.0124875,
                45.8190286
              ],
              [
                9.0123076,
                45.8190464
              ],
              [
                9.0122719,
                45.8190675
              ],
              [
                9.012226,
                45.8190708
              ],
              [
                9.0121366,
                45.8190353
              ],
              [
                9.0119624,
                45.8190229
              ],
              [
                9.0118755,
                45.8190617
              ],
              [
                9.0118171,
                45.8190686
              ],
              [
                9.011766,
                45.8190991
              ],
              [
                9.0117147,
                45.8190881
              ],
              [
                9.011681,
                45.8191107
              ],
              [
                9.0116771,
                45.8191512
              ],
              [
                9.0116371,
                45.8191805
              ],
              [
                9.0115231,
                45.8191384
              ],
              [
                9.0114357,
                45.8191958
              ],
              [
                9.011393,
                45.8192031
              ],
              [
                9.0113793,
                45.8192328
              ],
              [
                9.0113184,
                45.819287
              ],
              [
                9.0112877,
                45.8192896
              ],
              [
                9.011196,
                45.8192593
              ],
              [
                9.0111641,
                45.8192675
              ],
              [
                9.0110879,
                45.8193145
              ],
              [
                9.0110458,
                45.8193573
              ],
              [
                9.0109195,
                45.8193673
              ],
              [
                9.0107655,
                45.8194366
              ],
              [
                9.0107028,
                45.8194445
              ],
              [
                9.0106468,
                45.8194838
              ],
              [
                9.0105758,
                45.8194693
              ],
              [
                9.0104595,
                45.8195111
              ],
              [
                9.010301,
                45.8194839
              ],
              [
                9.0102356,
                45.8195015
              ],
              [
                9.0101937,
                45.819498
              ],
              [
                9.0101271,
                45.8195128
              ],
              [
                9.0100818,
                45.8195059
              ],
              [
                9.0100064,
                45.8195707
              ],
              [
                9.0099245,
                45.8195618
              ],
              [
                9.0099258,
                45.8195959
              ],
              [
                9.0098933,
                45.8195974
              ],
              [
                9.0098842,
                45.8196185
              ],
              [
                9.009925,
                45.8196296
              ],
              [
                9.009929,
                45.8196882
              ],
              [
                9.0099034,
                45.8197004
              ],
              [
                9.0098566,
                45.8196868
              ],
              [
                9.0097963,
                45.819714
              ],
              [
                9.0097691,
                45.8197434
              ],
              [
                9.0097228,
                45.8197308
              ],
              [
                9.0096903,
                45.8196952
              ],
              [
                9.0096548,
                45.8197099
              ],
              [
                9.0095324,
                45.8197165
              ],
              [
                9.0094854,
                45.8197379
              ],
              [
                9.0079224,
                45.8195703
              ],
              [
                9.0059552,
                45.8199441
              ],
              [
                9.0059473,
                45.8199218
              ],
              [
                9.0058253,
                45.8199485
              ],
              [
                9.0057142,
                45.819967
              ],
              [
                9.0057084,
                45.8199841
              ],
              [
                9.0056308,
                45.8200103
              ],
              [
                9.0056017,
                45.8200333
              ],
              [
                9.0055015,
                45.8200415
              ],
              [
                9.0054162,
                45.8200647
              ],
              [
                9.005308,
                45.8201056
              ],
              [
                9.0052258,
                45.8200975
              ],
              [
                9.0051259,
                45.8201072
              ],
              [
                9.0050208,
                45.8201455
              ],
              [
                9.0049904,
                45.8201297
              ],
              [
                9.0048668,
                45.8201582
              ],
              [
                9.0048028,
                45.8201535
              ],
              [
                9.004559,
                45.820224
              ],
              [
                9.0044168,
                45.820256
              ],
              [
                9.0042521,
                45.8202707
              ],
              [
                9.0042455,
                45.8202421
              ],
              [
                9.0040495,
                45.8203421
              ],
              [
                9.0036396,
                45.8204977
              ],
              [
                9.0036659,
                45.8205562
              ],
              [
                9.003188,
                45.8206567
              ],
              [
                9.0030403,
                45.8207511
              ],
              [
                9.0024582,
                45.8212874
              ],
              [
                9.0007822,
                45.8222584
              ],
              [
                8.9997662,
                45.8222438
              ],
              [
                8.9984351,
                45.8229163
              ],
              [
                8.9967025,
                45.8225518
              ],
              [
                8.9938727,
                45.8219619
              ],
              [
                8.9937734,
                45.8220152
              ],
              [
                8.9937488,
                45.8220236
              ],
              [
                8.9936017,
                45.8222074
              ],
              [
                8.9935583,
                45.8223037
              ],
              [
                8.9935018,
                45.8223794
              ],
              [
                8.9934048,
                45.8225264
              ],
              [
                8.9931235,
                45.8228973
              ],
              [
                8.9929127,
                45.8231428
              ],
              [
                8.9929428,
                45.823173
              ],
              [
                8.9930468,
                45.82324
              ],
              [
                8.9932413,
                45.8233346
              ],
              [
                8.9933655,
                45.8234021
              ],
              [
                8.993555,
                45.8235968
              ],
              [
                8.9936612,
                45.8236827
              ],
              [
                8.9937705,
                45.8238348
              ],
              [
                8.9938103,
                45.8239995
              ],
              [
                8.9938586,
                45.8240993
              ],
              [
                8.9938945,
                45.8241559
              ],
              [
                8.9942355,
                45.8245323
              ],
              [
                8.994423,
                45.824661
              ],
              [
                8.994471,
                45.8246733
              ],
              [
                8.9944828,
                45.8247019
              ],
              [
                8.9945675,
                45.8248246
              ],
              [
                8.9946278,
                45.8248794
              ],
              [
                8.9946082,
                45.8249379
              ],
              [
                8.9945773,
                45.8249716
              ],
              [
                8.9945711,
                45.8249985
              ],
              [
                8.9945118,
                45.8250321
              ],
              [
                8.9943749,
                45.8250415
              ],
              [
                8.9943291,
                45.8250602
              ],
              [
                8.994271,
                45.8250783
              ],
              [
                8.994132,
                45.8251459
              ],
              [
                8.9940775,
                45.8251791
              ],
              [
                8.9940372,
                45.825219
              ],
              [
                8.9940452,
                45.8252537
              ],
              [
                8.9940336,
                45.8252842
              ],
              [
                8.9940474,
                45.8254051
              ],
              [
                8.9941794,
                45.8254807
              ],
              [
                8.9942046,
                45.8255111
              ],
              [
                8.9942101,
                45.8255643
              ],
              [
                8.9942367,
                45.8256032
              ],
              [
                8.9942502,
                45.8256597
              ],
              [
                8.9942073,
                45.8257784
              ],
              [
                8.9941935,
                45.8257996
              ],
              [
                8.9941944,
                45.8258414
              ],
              [
                8.9941213,
                45.8259005
              ],
              [
                8.9941394,
                45.8259789
              ],
              [
                8.9941324,
                45.8260476
              ],
              [
                8.9941378,
                45.8261055
              ],
              [
                8.9941488,
                45.8261449
              ],
              [
                8.9941385,
                45.8262645
              ],
              [
                8.9942154,
                45.8263282
              ],
              [
                8.9944064,
                45.8266025
              ],
              [
                8.9944952,
                45.8269163
              ],
              [
                8.9945029,
                45.8269857
              ],
              [
                8.9946141,
                45.8271646
              ],
              [
                8.9946176,
                45.8273488
              ],
              [
                8.9946806,
                45.8274489
              ],
              [
                8.994781,
                45.8275359
              ],
              [
                8.9950137,
                45.8275712
              ],
              [
                8.9951408,
                45.8276099
              ],
              [
                8.9951557,
                45.8276455
              ],
              [
                8.9951616,
                45.8277263
              ],
              [
                8.9951665,
                45.8277451
              ],
              [
                8.9951516,
                45.8277738
              ],
              [
                8.995087,
                45.8278568
              ],
              [
                8.9950204,
                45.8279351
              ],
              [
                8.9950043,
                45.8280206
              ],
              [
                8.9949929,
                45.8280356
              ],
              [
                8.9950677,
                45.8288781
              ],
              [
                8.9951017,
                45.8289812
              ],
              [
                8.9951937,
                45.8291161
              ],
              [
                8.9953769,
                45.8293348
              ],
              [
                8.9955787,
                45.8295151
              ],
              [
                8.9956071,
                45.8296003
              ],
              [
                8.995694,
                45.8297643
              ],
              [
                8.9958952,
                45.8300044
              ],
              [
                8.9959415,
                45.8300897
              ],
              [
                8.995994,
                45.8302535
              ],
              [
                8.9959945,
                45.8303749
              ],
              [
                8.9960888,
                45.8305804
              ],
              [
                8.9962661,
                45.8308881
              ],
              [
                8.9962704,
                45.8313329
              ],
              [
                8.9962815,
                45.8314473
              ],
              [
                8.9964165,
                45.8318651
              ],
              [
                8.9964657,
                45.8319292
              ],
              [
                8.9965485,
                45.8320013
              ],
              [
                8.9966774,
                45.8320596
              ],
              [
                8.996815,
                45.832087
              ],
              [
                8.9971429,
                45.8322083
              ],
              [
                8.9972058,
                45.832217
              ],
              [
                8.9975518,
                45.8322275
              ],
              [
                8.9977222,
                45.8323059
              ],
              [
                8.9977348,
                45.8323177
              ],
              [
                8.9977569,
                45.8323682
              ],
              [
                8.9977964,
                45.8325321
              ],
              [
                8.9978242,
                45.8327371
              ],
              [
                8.9978164,
                45.8328453
              ],
              [
                8.9978002,
                45.8329037
              ],
              [
                8.9977848,
                45.8329339
              ],
              [
                8.9975652,
                45.8331236
              ],
              [
                8.9970596,
                45.8333481
              ],
              [
                8.9968595,
                45.833488
              ],
              [
                8.996837,
                45.8335659
              ],
              [
                8.9968622,
                45.833639
              ],
              [
                8.9969197,
                45.8338326
              ],
              [
                8.9969099,
                45.8339278
              ],
              [
                8.996871,
                45.8340451
              ],
              [
                8.9969447,
                45.8342365
              ],
              [
                8.9970701,
                45.8343422
              ],
              [
                8.9974803,
                45.8346417
              ],
              [
                8.9974526,
                45.8346751
              ],
              [
                8.9974877,
                45.8349446
              ],
              [
                8.9967344,
                45.8347405
              ],
              [
                8.9958338,
                45.8345429
              ],
              [
                8.9958069,
                45.8346044
              ],
              [
                8.9955331,
                45.8345459
              ],
              [
                8.9949902,
                45.8344235
              ],
              [
                8.9948101,
                45.8343937
              ],
              [
                8.9945561,
                45.8343633
              ],
              [
                8.9943281,
                45.8343444
              ],
              [
                8.9943335,
                45.8343128
              ],
              [
                8.9941696,
                45.8342997
              ],
              [
                8.9937946,
                45.8343623
              ],
              [
                8.992704,
                45.8345549
              ],
              [
                8.9925479,
                45.8345881
              ],
              [
                8.9921126,
                45.8347092
              ],
              [
                8.9920584,
                45.8347329
              ],
              [
                8.9920009,
                45.8347858
              ],
              [
                8.9916091,
                45.8350235
              ],
              [
                8.9914764,
                45.8351008
              ],
              [
                8.9910633,
                45.8353175
              ],
              [
                8.990934,
                45.8353665
              ],
              [
                8.9908266,
                45.8353964
              ],
              [
                8.990721,
                45.835412
              ],
              [
                8.9906098,
                45.835409
              ],
              [
                8.9904777,
                45.8353873
              ],
              [
                8.990195,
                45.8353205
              ],
              [
                8.9901023,
                45.8353115
              ],
              [
                8.9899181,
                45.8353159
              ],
              [
                8.989889,
                45.8353228
              ],
              [
                8.989889,
                45.8353364
              ],
              [
                8.9900926,
                45.8355311
              ],
              [
                8.9903031,
                45.8356669
              ],
              [
                8.9910037,
                45.8359702
              ],
              [
                8.9907507,
                45.8360773
              ],
              [
                8.9905785,
                45.8360889
              ],
              [
                8.9904192,
                45.8361434
              ],
              [
                8.9900166,
                45.8361521
              ],
              [
                8.9897712,
                45.8363315
              ],
              [
                8.9895902,
                45.8364743
              ],
              [
                8.9894783,
                45.836604
              ],
              [
                8.9894563,
                45.8366578
              ],
              [
                8.989415,
                45.8368981
              ],
              [
                8.9893921,
                45.836969
              ],
              [
                8.9892995,
                45.8371882
              ],
              [
                8.9891213,
                45.837351
              ],
              [
                8.9890117,
                45.8374228
              ],
              [
                8.9890054,
                45.8374669
              ],
              [
                8.9889755,
                45.8375111
              ],
              [
                8.9889268,
                45.837556
              ],
              [
                8.9889208,
                45.8376054
              ],
              [
                8.9888071,
                45.8376633
              ],
              [
                8.9887526,
                45.8377298
              ],
              [
                8.9886736,
                45.837793
              ],
              [
                8.9886219,
                45.8378831
              ],
              [
                8.9885947,
                45.8379179
              ],
              [
                8.9885385,
                45.8379448
              ],
              [
                8.988466,
                45.838036
              ],
              [
                8.9883668,
                45.8380965
              ],
              [
                8.9882109,
                45.8381788
              ],
              [
                8.9881496,
                45.8382165
              ],
              [
                8.9877511,
                45.8382861
              ],
              [
                8.9876042,
                45.8382904
              ],
              [
                8.9875021,
                45.8383981
              ],
              [
                8.9874221,
                45.8384041
              ],
              [
                8.9872669,
                45.8384719
              ],
              [
                8.9870929,
                45.8384291
              ],
              [
                8.9869869,
                45.8384207
              ],
              [
                8.9867703,
                45.8385243
              ],
              [
                8.9866691,
                45.8385199
              ],
              [
                8.9865981,
                45.8384612
              ],
              [
                8.9864926,
                45.8383494
              ],
              [
                8.9862989,
                45.838274
              ],
              [
                8.9861381,
                45.8382777
              ],
              [
                8.9859212,
                45.8381174
              ],
              [
                8.9856491,
                45.8380363
              ],
              [
                8.9855807,
                45.8380524
              ],
              [
                8.9855353,
                45.8380472
              ],
              [
                8.9852174,
                45.8379502
              ],
              [
                8.9852054,
                45.8379214
              ],
              [
                8.985126,
                45.8378872
              ],
              [
                8.9850755,
                45.8378348
              ],
              [
                8.9848779,
                45.8376817
              ],
              [
                8.9847325,
                45.8376171
              ],
              [
                8.9846502,
                45.8375518
              ],
              [
                8.9846132,
                45.8374948
              ],
              [
                8.9845046,
                45.8374539
              ],
              [
                8.9843691,
                45.8373294
              ],
              [
                8.9842532,
                45.8372983
              ],
              [
                8.9841544,
                45.8372326
              ],
              [
                8.9840287,
                45.8372206
              ],
              [
                8.9839701,
                45.8372188
              ],
              [
                8.9838635,
                45.8372041
              ],
              [
                8.9836535,
                45.8371342
              ],
              [
                8.9835515,
                45.8370746
              ],
              [
                8.9835013,
                45.8369769
              ],
              [
                8.9834948,
                45.8369094
              ],
              [
                8.9835312,
                45.8368306
              ],
              [
                8.9835868,
                45.8367369
              ],
              [
                8.9835435,
                45.8366227
              ],
              [
                8.9834429,
                45.8365414
              ],
              [
                8.9832886,
                45.8364996
              ],
              [
                8.9831451,
                45.8365014
              ],
              [
                8.9829608,
                45.8364874
              ],
              [
                8.9826255,
                45.8362551
              ],
              [
                8.9825981,
                45.8362076
              ],
              [
                8.9823936,
                45.836086
              ],
              [
                8.9821913,
                45.8360347
              ],
              [
                8.9818722,
                45.835866
              ],
              [
                8.9818199,
                45.835811
              ],
              [
                8.9817474,
                45.835765
              ],
              [
                8.9816597,
                45.8357386
              ],
              [
                8.98147,
                45.8357322
              ],
              [
                8.9813867,
                45.8357114
              ],
              [
                8.9809831,
                45.8357665
              ],
              [
                8.9800124,
                45.8359146
              ],
              [
                8.9794032,
                45.8360319
              ],
              [
                8.979161,
                45.8366339
              ],
              [
                8.9790965,
                45.8366477
              ],
              [
                8.9782007,
                45.8364834
              ],
              [
                8.9781469,
                45.83649
              ],
              [
                8.9777014,
                45.8368112
              ],
              [
                8.9775201,
                45.8368927
              ],
              [
                8.9774575,
                45.8368784
              ],
              [
                8.9771159,
                45.8367008
              ],
              [
                8.9768567,
                45.8365757
              ],
              [
                8.9767224,
                45.8365315
              ],
              [
                8.9764413,
                45.8366984
              ],
              [
                8.9761723,
                45.8366343
              ],
              [
                8.9757958,
                45.8362489
              ],
              [
                8.9749945,
                45.8357243
              ],
              [
                8.9749939,
                45.8357064
              ],
              [
                8.9754513,
                45.8352706
              ],
              [
                8.9757672,
                45.8346688
              ],
              [
                8.9760369,
                45.8345617
              ],
              [
                8.9742072,
                45.8330403
              ],
              [
                8.9733516,
                45.8324513
              ],
              [
                8.9724144,
                45.8331051
              ],
              [
                8.9719559,
                45.8329519
              ],
              [
                8.9715893,
                45.8329853
              ],
              [
                8.9711014,
                45.8327985
              ],
              [
                8.970435,
                45.8324315
              ],
              [
                8.9702644,
                45.8323783
              ],
              [
                8.9699837,
                45.8323538
              ],
              [
                8.9684983,
                45.8328253
              ],
              [
                8.9689137,
                45.8331757
              ],
              [
                8.9688491,
                45.8331964
              ],
              [
                8.968793,
                45.8332624
              ],
              [
                8.9687519,
                45.8333293
              ],
              [
                8.9687081,
                45.8333821
              ],
              [
                8.9686557,
                45.8334272
              ],
              [
                8.9685808,
                45.8335178
              ],
              [
                8.9685108,
                45.8336161
              ],
              [
                8.9684259,
                45.8337026
              ],
              [
                8.9683468,
                45.8337626
              ],
              [
                8.9682758,
                45.8338239
              ],
              [
                8.9681289,
                45.8339917
              ],
              [
                8.9680348,
                45.8339247
              ],
              [
                8.9668748,
                45.8347523
              ],
              [
                8.9662461,
                45.8343743
              ],
              [
                8.9652396,
                45.8354208
              ],
              [
                8.964501,
                45.8350847
              ],
              [
                8.9639717,
                45.8349201
              ],
              [
                8.9624993,
                45.8358372
              ],
              [
                8.9614604,
                45.8363724
              ],
              [
                8.9611995,
                45.8366321
              ],
              [
                8.9612344,
                45.8366856
              ],
              [
                8.9612252,
                45.8367205
              ],
              [
                8.9612779,
                45.8367878
              ],
              [
                8.9615268,
                45.8369664
              ],
              [
                8.9615403,
                45.8369986
              ],
              [
                8.9616408,
                45.8370805
              ],
              [
                8.9617148,
                45.8371469
              ],
              [
                8.9617582,
                45.8371653
              ],
              [
                8.9617631,
                45.8371893
              ],
              [
                8.9619485,
                45.8374049
              ],
              [
                8.9619671,
                45.8374416
              ],
              [
                8.9619765,
                45.8374801
              ],
              [
                8.9619893,
                45.8375119
              ],
              [
                8.9620095,
                45.8375173
              ],
              [
                8.9621022,
                45.8375713
              ],
              [
                8.9621145,
                45.8376236
              ],
              [
                8.9621482,
                45.8376612
              ],
              [
                8.9621943,
                45.8376959
              ],
              [
                8.9621864,
                45.8377632
              ],
              [
                8.9621505,
                45.8378052
              ],
              [
                8.9621389,
                45.8378455
              ],
              [
                8.9621946,
                45.8379385
              ],
              [
                8.9622673,
                45.8380341
              ],
              [
                8.962226,
                45.8381005
              ],
              [
                8.9621563,
                45.8381566
              ],
              [
                8.9621464,
                45.8382064
              ],
              [
                8.9620926,
                45.8383151
              ],
              [
                8.9620991,
                45.8383824
              ],
              [
                8.9620698,
                45.8384541
              ],
              [
                8.9620201,
                45.8385002
              ],
              [
                8.9619862,
                45.838553
              ],
              [
                8.9620474,
                45.8385741
              ],
              [
                8.962102,
                45.8385757
              ],
              [
                8.9621292,
                45.8385954
              ],
              [
                8.9621448,
                45.8386388
              ],
              [
                8.962151,
                45.8387219
              ],
              [
                8.9621009,
                45.8387747
              ],
              [
                8.9620351,
                45.8387965
              ],
              [
                8.9619459,
                45.8389222
              ],
              [
                8.9620172,
                45.8390303
              ],
              [
                8.961941,
                45.8390519
              ],
              [
                8.9619116,
                45.8390861
              ],
              [
                8.9618065,
                45.8390549
              ],
              [
                8.9616893,
                45.8390449
              ],
              [
                8.9615118,
                45.8390557
              ],
              [
                8.9615717,
                45.8392298
              ],
              [
                8.9615853,
                45.8392803
              ],
              [
                8.961556,
                45.8393524
              ],
              [
                8.9615033,
                45.8393754
              ],
              [
                8.9613931,
                45.8393761
              ],
              [
                8.961312,
                45.8393007
              ],
              [
                8.9611677,
                45.8392703
              ],
              [
                8.9609911,
                45.8392679
              ],
              [
                8.9609452,
                45.8392943
              ],
              [
                8.960949,
                45.8393302
              ],
              [
                8.9609228,
                45.8395044
              ],
              [
                8.9608575,
                45.8395765
              ],
              [
                8.9608426,
                45.8396514
              ],
              [
                8.960849,
                45.8397595
              ],
              [
                8.9608383,
                45.8397946
              ],
              [
                8.9608162,
                45.8398493
              ],
              [
                8.9607676,
                45.8398893
              ],
              [
                8.9607101,
                45.8399237
              ],
              [
                8.9606353,
                45.839937
              ],
              [
                8.9605491,
                45.8399304
              ],
              [
                8.9604405,
                45.839906
              ],
              [
                8.960278,
                45.8399585
              ],
              [
                8.9594232,
                45.8403438
              ],
              [
                8.9583225,
                45.8408293
              ],
              [
                8.9582598,
                45.8408766
              ],
              [
                8.9577981,
                45.8410311
              ],
              [
                8.9570607,
                45.8412389
              ],
              [
                8.9567151,
                45.8413121
              ],
              [
                8.9565148,
                45.841444
              ],
              [
                8.9561791,
                45.8415958
              ],
              [
                8.9558286,
                45.8429931
              ],
              [
                8.9563184,
                45.8434814
              ],
              [
                8.9554783,
                45.8433577
              ],
              [
                8.9546414,
                45.843351
              ],
              [
                8.9538012,
                45.8432274
              ],
              [
                8.95357,
                45.8427806
              ],
              [
                8.9533039,
                45.8424693
              ],
              [
                8.9531359,
                45.8424446
              ],
              [
                8.9520546,
                45.842909
              ],
              [
                8.9513463,
                45.8429005
              ],
              [
                8.9494696,
                45.8434656
              ],
              [
                8.948891,
                45.8434913
              ],
              [
                8.9472639,
                45.8428384
              ],
              [
                8.9467801,
                45.8426603
              ],
              [
                8.9467117,
                45.8426342
              ],
              [
                8.9464432,
                45.8425734
              ],
              [
                8.9409743,
                45.8413353
              ],
              [
                8.940974,
                45.8413245
              ],
              [
                8.9404255,
                45.8412172
              ],
              [
                8.9402263,
                45.8413885
              ],
              [
                8.9402084,
                45.8413993
              ],
              [
                8.9400599,
                45.8413601
              ],
              [
                8.9399031,
                45.8413358
              ],
              [
                8.9397862,
                45.8413258
              ],
              [
                8.9394928,
                45.8413317
              ],
              [
                8.9394135,
                45.8413258
              ],
              [
                8.9390901,
                45.8412734
              ],
              [
                8.9390084,
                45.8412422
              ],
              [
                8.9387833,
                45.841096
              ],
              [
                8.9384229,
                45.8408368
              ],
              [
                8.9382055,
                45.840717
              ],
              [
                8.937806,
                45.8404703
              ],
              [
                8.9377277,
                45.8404248
              ],
              [
                8.9376158,
                45.8403613
              ],
              [
                8.9373308,
                45.8402187
              ],
              [
                8.9372526,
                45.8401677
              ],
              [
                8.9372221,
                45.8401385
              ],
              [
                8.9371905,
                45.8401008
              ],
              [
                8.9371169,
                45.8399498
              ],
              [
                8.9370978,
                45.8399318
              ],
              [
                8.9370446,
                45.8398929
              ],
              [
                8.9369122,
                45.8398189
              ],
              [
                8.9364964,
                45.8396299
              ],
              [
                8.9362563,
                45.8395342
              ],
              [
                8.9361167,
                45.8394971
              ],
              [
                8.935798,
                45.839425
              ],
              [
                8.9354534,
                45.8393298
              ],
              [
                8.9353702,
                45.8393189
              ],
              [
                8.9350091,
                45.8393004
              ],
              [
                8.9349294,
                45.8392944
              ],
              [
                8.9348687,
                45.8392857
              ],
              [
                8.9345267,
                45.8391888
              ],
              [
                8.9342518,
                45.8391274
              ],
              [
                8.9338993,
                45.8390595
              ],
              [
                8.9338215,
                45.8390514
              ],
              [
                8.9337341,
                45.8390481
              ],
              [
                8.9333703,
                45.8392289
              ],
              [
                8.9333089,
                45.839192
              ],
              [
                8.9331371,
                45.8391048
              ],
              [
                8.932975,
                45.8390118
              ],
              [
                8.9329033,
                45.8389529
              ],
              [
                8.9328695,
                45.8388872
              ],
              [
                8.9328533,
                45.8388085
              ],
              [
                8.9328483,
                45.8387444
              ],
              [
                8.9328512,
                45.8386854
              ],
              [
                8.9330652,
                45.8384457
              ],
              [
                8.9331124,
                45.8383495
              ],
              [
                8.9331358,
                45.8382874
              ],
              [
                8.9331461,
                45.838234
              ],
              [
                8.9331348,
                45.8381911
              ],
              [
                8.9331228,
                45.8381722
              ],
              [
                8.9330728,
                45.8381471
              ],
              [
                8.9330439,
                45.8381357
              ],
              [
                8.9329868,
                45.838121
              ],
              [
                8.9327217,
                45.8380798
              ],
              [
                8.9324217,
                45.8380151
              ],
              [
                8.9319684,
                45.8378992
              ],
              [
                8.9320233,
                45.8378649
              ],
              [
                8.9321122,
                45.8378188
              ],
              [
                8.9322872,
                45.8376195
              ],
              [
                8.9323409,
                45.8374949
              ],
              [
                8.9324236,
                45.8373996
              ],
              [
                8.9324692,
                45.8373086
              ],
              [
                8.9324169,
                45.8370676
              ],
              [
                8.9322316,
                45.8369285
              ],
              [
                8.9320449,
                45.8365712
              ],
              [
                8.9319921,
                45.8363793
              ],
              [
                8.9318411,
                45.8364322
              ],
              [
                8.9316178,
                45.8362196
              ],
              [
                8.9313786,
                45.8360429
              ],
              [
                8.9311471,
                45.8357668
              ],
              [
                8.9309679,
                45.8356354
              ],
              [
                8.9308472,
                45.8355709
              ],
              [
                8.9307336,
                45.8355334
              ],
              [
                8.9303969,
                45.83554
              ],
              [
                8.9300382,
                45.8354455
              ],
              [
                8.9299302,
                45.835411
              ],
              [
                8.9296336,
                45.8353685
              ],
              [
                8.9294288,
                45.8353588
              ],
              [
                8.9292371,
                45.8353375
              ],
              [
                8.9292243,
                45.8353343
              ],
              [
                8.9291423,
                45.8352986
              ],
              [
                8.9289238,
                45.8350994
              ],
              [
                8.9287742,
                45.8343235
              ],
              [
                8.928854,
                45.8341866
              ],
              [
                8.9290704,
                45.8341032
              ],
              [
                8.9293273,
                45.8339609
              ],
              [
                8.929353,
                45.8339225
              ],
              [
                8.929368,
                45.8338483
              ],
              [
                8.929333,
                45.8337498
              ],
              [
                8.9291604,
                45.8335437
              ],
              [
                8.9290343,
                45.8333755
              ],
              [
                8.9289539,
                45.8333545
              ],
              [
                8.9288508,
                45.8333492
              ],
              [
                8.9287703,
                45.8333058
              ],
              [
                8.9287045,
                45.8332878
              ],
              [
                8.9286038,
                45.8333122
              ],
              [
                8.9285272,
                45.8333143
              ],
              [
                8.9284801,
                45.8333293
              ],
              [
                8.9283033,
                45.8333693
              ],
              [
                8.9282346,
                45.8333743
              ],
              [
                8.9281723,
                45.8333985
              ],
              [
                8.9280703,
                45.8334045
              ],
              [
                8.9280464,
                45.8333968
              ],
              [
                8.9279816,
                45.8333637
              ],
              [
                8.9277956,
                45.8333465
              ],
              [
                8.9277734,
                45.8333623
              ],
              [
                8.9277159,
                45.833373
              ],
              [
                8.9276899,
                45.8333936
              ],
              [
                8.9275796,
                45.833405
              ],
              [
                8.9274819,
                45.8333982
              ],
              [
                8.9272518,
                45.8333693
              ],
              [
                8.9271686,
                45.8333556
              ],
              [
                8.9271404,
                45.8333479
              ],
              [
                8.9271162,
                45.8333376
              ],
              [
                8.9270611,
                45.8333298
              ],
              [
                8.9270132,
                45.8332749
              ],
              [
                8.9268696,
                45.8332412
              ],
              [
                8.9266549,
                45.8332574
              ],
              [
                8.9266044,
                45.8332795
              ],
              [
                8.9265886,
                45.83328
              ],
              [
                8.9264606,
                45.8333085
              ],
              [
                8.9263559,
                45.8333238
              ],
              [
                8.9262625,
                45.8333313
              ],
              [
                8.9261988,
                45.8333305
              ],
              [
                8.9260971,
                45.8333566
              ],
              [
                8.9260434,
                45.8333526
              ],
              [
                8.9259186,
                45.8333761
              ],
              [
                8.9258673,
                45.8334044
              ],
              [
                8.9254576,
                45.8335051
              ],
              [
                8.9253603,
                45.8335476
              ],
              [
                8.9252765,
                45.8336301
              ],
              [
                8.9251245,
                45.8336865
              ],
              [
                8.9250736,
                45.8337397
              ],
              [
                8.9248489,
                45.8338239
              ],
              [
                8.9247981,
                45.8338343
              ],
              [
                8.9247718,
                45.8338366
              ],
              [
                8.9246599,
                45.8338363
              ],
              [
                8.9245509,
                45.8338536
              ],
              [
                8.9243605,
                45.8339196
              ],
              [
                8.9240769,
                45.8340455
              ],
              [
                8.9238143,
                45.8341108
              ],
              [
                8.9237874,
                45.8340738
              ],
              [
                8.9204759,
                45.8341966
              ],
              [
                8.9204563,
                45.8341791
              ],
              [
                8.9202031,
                45.8341072
              ],
              [
                8.9199749,
                45.8340265
              ],
              [
                8.9198658,
                45.8339971
              ],
              [
                8.9197009,
                45.8339413
              ],
              [
                8.9194562,
                45.8338656
              ],
              [
                8.9194159,
                45.8338607
              ],
              [
                8.9190329,
                45.8337568
              ],
              [
                8.9189408,
                45.8337345
              ],
              [
                8.9187888,
                45.8336789
              ],
              [
                8.9186885,
                45.8336507
              ],
              [
                8.91841,
                45.8335587
              ],
              [
                8.9183655,
                45.8335338
              ],
              [
                8.9182444,
                45.8334355
              ],
              [
                8.9182145,
                45.8334235
              ],
              [
                8.9181943,
                45.8334
              ],
              [
                8.9181331,
                45.8333535
              ],
              [
                8.9180089,
                45.8332951
              ],
              [
                8.9179254,
                45.8332397
              ],
              [
                8.917781,
                45.8331577
              ],
              [
                8.9177424,
                45.8331127
              ],
              [
                8.9176575,
                45.8330317
              ],
              [
                8.9175204,
                45.832942
              ],
              [
                8.9172822,
                45.8328122
              ],
              [
                8.9172216,
                45.8327863
              ],
              [
                8.9171433,
                45.8327468
              ],
              [
                8.9170867,
                45.8327296
              ],
              [
                8.9170586,
                45.8327117
              ],
              [
                8.9168405,
                45.8326104
              ],
              [
                8.9165954,
                45.8324767
              ],
              [
                8.916547,
                45.8324631
              ],
              [
                8.9164929,
                45.8324416
              ],
              [
                8.9164636,
                45.8324237
              ],
              [
                8.9164184,
                45.832386
              ],
              [
                8.9163392,
                45.832343
              ],
              [
                8.9161529,
                45.8322512
              ],
              [
                8.916103,
                45.8322188
              ],
              [
                8.9160689,
                45.8322073
              ],
              [
                8.9160198,
                45.8321743
              ],
              [
                8.9159808,
                45.8321558
              ],
              [
                8.9157434,
                45.8319969
              ],
              [
                8.9157134,
                45.8319798
              ],
              [
                8.915611,
                45.8319438
              ],
              [
                8.9155564,
                45.8319168
              ],
              [
                8.9154882,
                45.8318959
              ],
              [
                8.9154012,
                45.8318435
              ],
              [
                8.915395,
                45.8318156
              ],
              [
                8.9153786,
                45.8317924
              ],
              [
                8.91532,
                45.8317627
              ],
              [
                8.9152619,
                45.8317211
              ],
              [
                8.9151843,
                45.8317009
              ],
              [
                8.9151485,
                45.8316881
              ],
              [
                8.9151202,
                45.8316705
              ],
              [
                8.9150556,
                45.8316611
              ],
              [
                8.915031,
                45.8316453
              ],
              [
                8.9149941,
                45.8316337
              ],
              [
                8.914958,
                45.8316122
              ],
              [
                8.9147797,
                45.8315475
              ],
              [
                8.9147067,
                45.8315292
              ],
              [
                8.91464,
                45.8314971
              ],
              [
                8.9146004,
                45.8314914
              ],
              [
                8.914427,
                45.8314317
              ],
              [
                8.9141434,
                45.8313262
              ],
              [
                8.9140725,
                45.8312668
              ],
              [
                8.9139259,
                45.8311746
              ],
              [
                8.913705,
                45.8310903
              ],
              [
                8.9136316,
                45.8310571
              ],
              [
                8.9135661,
                45.8309862
              ],
              [
                8.913445,
                45.8309056
              ],
              [
                8.9133789,
                45.8308343
              ],
              [
                8.9133608,
                45.8308234
              ],
              [
                8.9132715,
                45.8307884
              ],
              [
                8.9132246,
                45.830779
              ],
              [
                8.9131749,
                45.830744
              ],
              [
                8.913106,
                45.8307195
              ],
              [
                8.9130361,
                45.8306792
              ],
              [
                8.9129574,
                45.8306198
              ],
              [
                8.9129099,
                45.830637
              ],
              [
                8.9128917,
                45.8306379
              ],
              [
                8.9126519,
                45.830607
              ],
              [
                8.912611,
                45.8305959
              ],
              [
                8.9125624,
                45.8305575
              ],
              [
                8.9125292,
                45.8305451
              ],
              [
                8.9124827,
                45.830543
              ],
              [
                8.9124383,
                45.8305327
              ],
              [
                8.9123518,
                45.8305291
              ],
              [
                8.9123237,
                45.8305204
              ],
              [
                8.9123041,
                45.8305076
              ],
              [
                8.9122769,
                45.8305034
              ],
              [
                8.9122046,
                45.8304594
              ],
              [
                8.9121469,
                45.830445
              ],
              [
                8.9122003,
                45.8301107
              ],
              [
                8.9120685,
                45.8300251
              ],
              [
                8.9119575,
                45.8299755
              ],
              [
                8.9116167,
                45.8297502
              ],
              [
                8.9113739,
                45.8296375
              ],
              [
                8.9109701,
                45.8295292
              ],
              [
                8.9107013,
                45.82952
              ],
              [
                8.9104084,
                45.8295603
              ],
              [
                8.9098529,
                45.8296903
              ],
              [
                8.9095616,
                45.8297081
              ],
              [
                8.9092125,
                45.8296628
              ],
              [
                8.9083921,
                45.8293966
              ],
              [
                8.9079689,
                45.8293603
              ],
              [
                8.907792,
                45.8293197
              ],
              [
                8.9076773,
                45.8291208
              ],
              [
                8.9075702,
                45.829135
              ],
              [
                8.9074274,
                45.8288603
              ],
              [
                8.9073606,
                45.8283473
              ],
              [
                8.907213,
                45.8280726
              ],
              [
                8.9070866,
                45.827636
              ],
              [
                8.9070757,
                45.827411
              ],
              [
                8.9071372,
                45.827186
              ],
              [
                8.9072438,
                45.8270016
              ],
              [
                8.9073437,
                45.8269027
              ],
              [
                8.9075595,
                45.8267948
              ],
              [
                8.908297,
                45.8265254
              ],
              [
                8.9085788,
                45.8263996
              ],
              [
                8.909046,
                45.8261255
              ],
              [
                8.9092039,
                45.8259861
              ],
              [
                8.9094684,
                45.8256398
              ],
              [
                8.9095668,
                45.8254644
              ],
              [
                8.9096607,
                45.8251359
              ],
              [
                8.9097112,
                45.8247219
              ],
              [
                8.9097263,
                45.8243529
              ],
              [
                8.9095358,
                45.8237137
              ],
              [
                8.9095313,
                45.8235427
              ],
              [
                8.9095817,
                45.8231737
              ],
              [
                8.9095663,
                45.8227867
              ],
              [
                8.9093949,
                45.822269
              ],
              [
                8.9093921,
                45.82199
              ],
              [
                8.9094326,
                45.8218505
              ],
              [
                8.9094976,
                45.8214501
              ],
              [
                8.9094964,
                45.8212296
              ],
              [
                8.9094693,
                45.821054
              ],
              [
                8.9093073,
                45.8206939
              ],
              [
                8.9091758,
                45.8204598
              ],
              [
                8.9088483,
                45.81996
              ],
              [
                8.9085095,
                45.8195007
              ],
              [
                8.9082499,
                45.8188794
              ],
              [
                8.9082019,
                45.8187219
              ],
              [
                8.9080271,
                45.8183527
              ],
              [
                8.9075967,
                45.8178708
              ],
              [
                8.9075118,
                45.8176368
              ],
              [
                8.9074734,
                45.8174522
              ],
              [
                8.9073389,
                45.8170831
              ],
              [
                8.9073166,
                45.8169571
              ],
              [
                8.907301,
                45.81666
              ],
              [
                8.9072517,
                45.8162955
              ],
              [
                8.9073028,
                45.8155755
              ],
              [
                8.9072452,
                45.8153549
              ],
              [
                8.9071618,
                45.8151928
              ],
              [
                8.9070783,
                45.8150848
              ],
              [
                8.9069271,
                45.8147155
              ],
              [
                8.9064475,
                45.8147916
              ],
              [
                8.9062463,
                45.8148454
              ],
              [
                8.9060805,
                45.8149218
              ],
              [
                8.9056585,
                45.8151824
              ],
              [
                8.9055104,
                45.8152318
              ],
              [
                8.9048732,
                45.8152718
              ],
              [
                8.9046575,
                45.8152986
              ],
              [
                8.9043968,
                45.8153524
              ],
              [
                8.9039589,
                45.8154825
              ],
              [
                8.9034146,
                45.8157656
              ],
              [
                8.9032181,
                45.8159004
              ],
              [
                8.9026155,
                45.8164084
              ],
              [
                8.9025205,
                45.8164534
              ],
              [
                8.902448,
                45.8164803
              ],
              [
                8.9020649,
                45.8165565
              ],
              [
                8.9017737,
                45.8165742
              ],
              [
                8.9015549,
                45.8165605
              ],
              [
                8.9014278,
                45.8165244
              ],
              [
                8.9013764,
                45.8164839
              ],
              [
                8.9013717,
                45.8164119
              ],
              [
                8.9017828,
                45.8159532
              ],
              [
                8.9017959,
                45.8158632
              ],
              [
                8.9017316,
                45.8157866
              ],
              [
                8.9012719,
                45.8155567
              ],
              [
                8.900677,
                45.8153132
              ],
              [
                8.9005195,
                45.8152006
              ],
              [
                8.9003816,
                45.8149619
              ],
              [
                8.9003173,
                45.8148989
              ],
              [
                8.8998994,
                45.8147095
              ],
              [
                8.8998287,
                45.8146464
              ],
              [
                8.8996489,
                45.8143988
              ],
              [
                8.8993887,
                45.814178
              ],
              [
                8.8992428,
                45.8138809
              ],
              [
                8.8991321,
                45.8137323
              ],
              [
                8.8987739,
                45.8133989
              ],
              [
                8.8984943,
                45.8131962
              ],
              [
                8.8982854,
                45.8130835
              ],
              [
                8.8980523,
                45.8129843
              ],
              [
                8.8974625,
                45.8128444
              ],
              [
                8.8972289,
                45.81279
              ],
              [
                8.8967688,
                45.812712
              ],
              [
                8.897093,
                45.8115855
              ],
              [
                8.8965882,
                45.8113871
              ],
              [
                8.8973784,
                45.8107323
              ],
              [
                8.8974124,
                45.8100465
              ],
              [
                8.8975973,
                45.8096178
              ],
              [
                8.8977238,
                45.8094298
              ],
              [
                8.8980563,
                45.8091567
              ],
              [
                8.898405,
                45.8085778
              ],
              [
                8.8984756,
                45.8082055
              ],
              [
                8.8984362,
                45.8078322
              ],
              [
                8.8985914,
                45.8076246
              ],
              [
                8.8986116,
                45.8072475
              ],
              [
                8.8991811,
                45.8072836
              ],
              [
                8.8999915,
                45.8071108
              ],
              [
                8.9000497,
                45.8069969
              ],
              [
                8.9000074,
                45.8064946
              ],
              [
                8.9000628,
                45.8061186
              ],
              [
                8.899633,
                45.8059347
              ],
              [
                8.8995251,
                45.8058336
              ],
              [
                8.8995501,
                45.8057288
              ],
              [
                8.8998351,
                45.8054074
              ],
              [
                8.9000821,
                45.8052295
              ],
              [
                8.9005971,
                45.8044047
              ],
              [
                8.9005405,
                45.8043622
              ],
              [
                8.9004416,
                45.8036443
              ],
              [
                8.9004643,
                45.8030473
              ],
              [
                8.9003315,
                45.8026555
              ],
              [
                8.9002021,
                45.802514
              ],
              [
                8.9001767,
                45.8022274
              ],
              [
                8.9005553,
                45.8022132
              ],
              [
                8.900535,
                45.8019448
              ],
              [
                8.9006962,
                45.8016911
              ],
              [
                8.9007822,
                45.7999628
              ],
              [
                8.9017074,
                45.7985348
              ],
              [
                8.9017846,
                45.7985556
              ],
              [
                8.9024142,
                45.7977358
              ],
              [
                8.9029956,
                45.7973301
              ],
              [
                8.9034782,
                45.797073
              ],
              [
                8.9037885,
                45.7975629
              ],
              [
                8.9040754,
                45.7975105
              ],
              [
                8.9042686,
                45.7972396
              ],
              [
                8.9044067,
                45.7967321
              ],
              [
                8.9044735,
                45.7964868
              ],
              [
                8.9045269,
                45.7962905
              ],
              [
                8.9046825,
                45.7962508
              ],
              [
                8.9058023,
                45.7952387
              ],
              [
                8.9060732,
                45.7949048
              ],
              [
                8.9067067,
                45.7949577
              ],
              [
                8.9070893,
                45.7950483
              ],
              [
                8.9072432,
                45.7948651
              ],
              [
                8.9071481,
                45.7945555
              ],
              [
                8.9073357,
                45.7944692
              ],
              [
                8.9074402,
                45.7944918
              ],
              [
                8.9076137,
                45.7946134
              ],
              [
                8.9076732,
                45.794591
              ],
              [
                8.9077393,
                45.794537
              ],
              [
                8.9078486,
                45.7945326
              ],
              [
                8.9079356,
                45.7944427
              ],
              [
                8.9080337,
                45.7944563
              ],
              [
                8.9082994,
                45.7943606
              ],
              [
                8.9083516,
                45.794143
              ],
              [
                8.9088455,
                45.7938533
              ],
              [
                8.9091378,
                45.793152
              ],
              [
                8.907823,
                45.7922515
              ],
              [
                8.9077907,
                45.7922321
              ],
              [
                8.9065395,
                45.7914813
              ],
              [
                8.9064055,
                45.7915745
              ],
              [
                8.906332,
                45.7916257
              ],
              [
                8.9062608,
                45.7916752
              ],
              [
                8.9056683,
                45.7913491
              ],
              [
                8.9055109,
                45.791241
              ],
              [
                8.9045899,
                45.7899937
              ],
              [
                8.902637,
                45.7874719
              ],
              [
                8.9019612,
                45.7867872
              ],
              [
                8.9019131,
                45.7866612
              ],
              [
                8.9019648,
                45.7865397
              ],
              [
                8.9019537,
                45.7864587
              ],
              [
                8.901896,
                45.7863191
              ],
              [
                8.9016427,
                45.7858824
              ],
              [
                8.9012592,
                45.785423
              ],
              [
                8.9008713,
                45.7850517
              ],
              [
                8.9008971,
                45.7850395
              ],
              [
                8.9015888,
                45.7847115
              ],
              [
                8.9014916,
                45.7846087
              ],
              [
                8.9013404,
                45.7844498
              ],
              [
                8.9026548,
                45.7838682
              ],
              [
                8.902551,
                45.7837139
              ],
              [
                8.9024093,
                45.7835224
              ],
              [
                8.9022427,
                45.7833171
              ],
              [
                8.9021732,
                45.7832393
              ],
              [
                8.9021153,
                45.7831641
              ],
              [
                8.9020767,
                45.7830929
              ],
              [
                8.9020517,
                45.7830295
              ],
              [
                8.9020483,
                45.7829198
              ],
              [
                8.9020948,
                45.7828977
              ],
              [
                8.9021751,
                45.7827729
              ],
              [
                8.9025212,
                45.7822366
              ],
              [
                8.902538,
                45.7822106
              ],
              [
                8.9025974,
                45.7822285
              ],
              [
                8.9037742,
                45.7825634
              ],
              [
                8.9041014,
                45.7820465
              ],
              [
                8.9041585,
                45.7819562
              ],
              [
                8.9040266,
                45.7819148
              ],
              [
                8.9034489,
                45.7817336
              ],
              [
                8.9034558,
                45.7817206
              ],
              [
                8.9034623,
                45.7817082
              ],
              [
                8.9037729,
                45.7811206
              ],
              [
                8.9038066,
                45.781057
              ],
              [
                8.9034574,
                45.780988
              ],
              [
                8.9030139,
                45.7809004
              ],
              [
                8.9035697,
                45.7797599
              ],
              [
                8.9033178,
                45.779712
              ],
              [
                8.9036927,
                45.7788555
              ],
              [
                8.9049663,
                45.7790213
              ],
              [
                8.9059829,
                45.7791536
              ],
              [
                8.9064522,
                45.7783841
              ],
              [
                8.906471,
                45.7783533
              ],
              [
                8.9076129,
                45.7764804
              ],
              [
                8.9079569,
                45.7765046
              ],
              [
                8.9090485,
                45.7746153
              ],
              [
                8.9088244,
                45.7745585
              ],
              [
                8.9080505,
                45.7743625
              ],
              [
                8.9085849,
                45.7735628
              ],
              [
                8.9070775,
                45.7734159
              ],
              [
                8.906166,
                45.7732027
              ],
              [
                8.9064756,
                45.7717437
              ],
              [
                8.9061359,
                45.7715989
              ],
              [
                8.9066598,
                45.7706948
              ],
              [
                8.9078936,
                45.7685441
              ],
              [
                8.9088969,
                45.7688908
              ],
              [
                8.9094868,
                45.7689723
              ],
              [
                8.9095654,
                45.7690579
              ],
              [
                8.9097499,
                45.7693325
              ],
              [
                8.9098027,
                45.7694271
              ],
              [
                8.9098443,
                45.7695621
              ],
              [
                8.9102305,
                45.7695118
              ],
              [
                8.9110422,
                45.7694415
              ],
              [
                8.9122318,
                45.769483
              ],
              [
                8.9126867,
                45.7695148
              ],
              [
                8.9131126,
                45.7695826
              ],
              [
                8.9134581,
                45.7696774
              ],
              [
                8.9138357,
                45.7698307
              ],
              [
                8.9142276,
                45.770074
              ],
              [
                8.9142747,
                45.7697005
              ],
              [
                8.9142575,
                45.7694125
              ],
              [
                8.9142964,
                45.7691785
              ],
              [
                8.9143577,
                45.7690751
              ],
              [
                8.9147242,
                45.7690843
              ],
              [
                8.9147341,
                45.7689043
              ],
              [
                8.9149284,
                45.7680224
              ],
              [
                8.9150932,
                45.767424
              ],
              [
                8.9156462,
                45.7674649
              ],
              [
                8.9162246,
                45.7665968
              ],
              [
                8.9166473,
                45.7666286
              ],
              [
                8.9184443,
                45.7668369
              ],
              [
                8.9185474,
                45.7666525
              ],
              [
                8.9189557,
                45.7655457
              ],
              [
                8.9190139,
                45.7652982
              ],
              [
                8.9190125,
                45.7651902
              ],
              [
                8.9188492,
                45.764713
              ],
              [
                8.9188,
                45.7642495
              ],
              [
                8.9187553,
                45.7640649
              ],
              [
                8.9185691,
                45.7638848
              ],
              [
                8.9186833,
                45.7638174
              ],
              [
                8.9191624,
                45.7637277
              ],
              [
                8.9194953,
                45.7636469
              ],
              [
                8.920825,
                45.7634408
              ],
              [
                8.9209777,
                45.763405
              ],
              [
                8.92101,
                45.763297
              ],
              [
                8.921041,
                45.762982
              ],
              [
                8.9210437,
                45.7622304
              ],
              [
                8.9211118,
                45.7617759
              ],
              [
                8.9211136,
                45.7616364
              ],
              [
                8.9210369,
                45.7613348
              ],
              [
                8.9207899,
                45.7609161
              ],
              [
                8.9207515,
                45.7608126
              ],
              [
                8.920758,
                45.7607541
              ],
              [
                8.9208127,
                45.7607182
              ],
              [
                8.9209075,
                45.7607047
              ],
              [
                8.92143,
                45.7606871
              ],
              [
                8.9226434,
                45.7607689
              ],
              [
                8.9224877,
                45.7594502
              ],
              [
                8.9223712,
                45.7588336
              ],
              [
                8.9222744,
                45.757974
              ],
              [
                8.9222041,
                45.7576094
              ],
              [
                8.9221169,
                45.7567363
              ],
              [
                8.9220197,
                45.7561512
              ],
              [
                8.9219643,
                45.7555031
              ],
              [
                8.9219749,
                45.7544995
              ],
              [
                8.9235151,
                45.7544556
              ],
              [
                8.923859,
                45.7544738
              ],
              [
                8.9247331,
                45.7546589
              ],
              [
                8.9249179,
                45.754686
              ],
              [
                8.9252345,
                45.7547042
              ],
              [
                8.9254338,
                45.7546998
              ],
              [
                8.9257987,
                45.7546506
              ],
              [
                8.9267197,
                45.7545747
              ],
              [
                8.9267953,
                45.7545612
              ],
              [
                8.9268179,
                45.7544352
              ],
              [
                8.9268742,
                45.7543993
              ],
              [
                8.9269562,
                45.7543903
              ],
              [
                8.926998,
                45.7543993
              ],
              [
                8.927059,
                45.7544534
              ],
              [
                8.9271216,
                45.7544669
              ],
              [
                8.927194,
                45.754458
              ],
              [
                8.9272599,
                45.754422
              ],
              [
                8.9273018,
                45.7543815
              ],
              [
                8.9273003,
                45.7542735
              ],
              [
                8.9271509,
                45.7541969
              ],
              [
                8.9271317,
                45.7541339
              ],
              [
                8.9271623,
                45.7540844
              ],
              [
                8.9272122,
                45.754053
              ],
              [
                8.9273922,
                45.7540081
              ],
              [
                8.9274647,
                45.7539271
              ],
              [
                8.9274678,
                45.7540036
              ],
              [
                8.927487,
                45.7540306
              ],
              [
                8.9276974,
                45.7541928
              ],
              [
                8.9277181,
                45.7543008
              ],
              [
                8.9276892,
                45.7543233
              ],
              [
                8.9276169,
                45.7543097
              ],
              [
                8.9275879,
                45.7543187
              ],
              [
                8.9276023,
                45.7543727
              ],
              [
                8.9279188,
                45.7545124
              ],
              [
                8.9280039,
                45.754508
              ],
              [
                8.9281679,
                45.7544541
              ],
              [
                8.9282129,
                45.7544811
              ],
              [
                8.9283605,
                45.7547332
              ],
              [
                8.9284214,
                45.7548008
              ],
              [
                8.9284857,
                45.7548278
              ],
              [
                8.9286593,
                45.7548369
              ],
              [
                8.9287476,
                45.754873
              ],
              [
                8.9287733,
                45.754909
              ],
              [
                8.9290449,
                45.7549047
              ],
              [
                8.9291607,
                45.7548687
              ],
              [
                8.9294164,
                45.7547024
              ],
              [
                8.9298639,
                45.7541671
              ],
              [
                8.9300411,
                45.7538252
              ],
              [
                8.9301395,
                45.7535552
              ],
              [
                8.9301572,
                45.7534833
              ],
              [
                8.9297716,
                45.7533885
              ],
              [
                8.9296484,
                45.7529879
              ],
              [
                8.9295941,
                45.7527089
              ],
              [
                8.9295912,
                45.7524703
              ],
              [
                8.929638,
                45.7523174
              ],
              [
                8.929786,
                45.7521374
              ],
              [
                8.9298375,
                45.752106
              ],
              [
                8.9299324,
                45.752079
              ],
              [
                8.9300544,
                45.7521511
              ],
              [
                8.930117,
                45.7522276
              ],
              [
                8.9301715,
                45.7523537
              ],
              [
                8.9302728,
                45.7523402
              ],
              [
                8.930477,
                45.7522639
              ],
              [
                8.9302605,
                45.7518587
              ],
              [
                8.9300794,
                45.7514176
              ],
              [
                8.9299401,
                45.7509944
              ],
              [
                8.9299082,
                45.7508369
              ],
              [
                8.9297609,
                45.7491222
              ],
              [
                8.9296905,
                45.746972
              ],
              [
                8.9297603,
                45.7469575
              ],
              [
                8.9303454,
                45.7468904
              ],
              [
                8.9313273,
                45.74681
              ],
              [
                8.9318335,
                45.7467923
              ],
              [
                8.9325969,
                45.7467342
              ],
              [
                8.9337156,
                45.7465504
              ],
              [
                8.9347089,
                45.7464069
              ],
              [
                8.9356877,
                45.746241
              ],
              [
                8.9391466,
                45.7455318
              ],
              [
                8.9407813,
                45.7451051
              ],
              [
                8.9414885,
                45.7449705
              ],
              [
                8.94271,
                45.7447101
              ],
              [
                8.9419631,
                45.7443992
              ],
              [
                8.9414186,
                45.7442054
              ],
              [
                8.9409288,
                45.7439666
              ],
              [
                8.9401756,
                45.7434667
              ],
              [
                8.9401162,
                45.7434082
              ],
              [
                8.9400489,
                45.7432956
              ],
              [
                8.9399001,
                45.7426925
              ],
              [
                8.9396661,
                45.7421028
              ],
              [
                8.9394532,
                45.7413647
              ],
              [
                8.9393545,
                45.740478
              ],
              [
                8.9393098,
                45.740235
              ],
              [
                8.9389617,
                45.7396723
              ],
              [
                8.9387698,
                45.7388891
              ],
              [
                8.9387027,
                45.7384975
              ],
              [
                8.9389982,
                45.7386147
              ],
              [
                8.9389153,
                45.7380116
              ],
              [
                8.9389013,
                45.7376201
              ],
              [
                8.9387579,
                45.7364724
              ],
              [
                8.9391302,
                45.7368776
              ],
              [
                8.9392121,
                45.7369407
              ],
              [
                8.9393502,
                45.7369813
              ],
              [
                8.9398771,
                45.737067
              ],
              [
                8.9400731,
                45.7371302
              ],
              [
                8.9402995,
                45.7372698
              ],
              [
                8.9403847,
                45.7372248
              ],
              [
                8.9405761,
                45.7370449
              ],
              [
                8.9409941,
                45.7367616
              ],
              [
                8.9415907,
                45.7362624
              ],
              [
                8.9421279,
                45.7357046
              ],
              [
                8.9422774,
                45.7356147
              ],
              [
                8.9426585,
                45.7353223
              ],
              [
                8.9427131,
                45.7353044
              ],
              [
                8.9430682,
                45.735282
              ],
              [
                8.9431116,
                45.7352686
              ],
              [
                8.9431406,
                45.7352326
              ],
              [
                8.943139,
                45.7351471
              ],
              [
                8.9429709,
                45.7345799
              ],
              [
                8.9429839,
                45.7344809
              ],
              [
                8.943148,
                45.7341975
              ],
              [
                8.9432542,
                45.734058
              ],
              [
                8.9433201,
                45.7340356
              ],
              [
                8.9434807,
                45.7341212
              ],
              [
                8.9435192,
                45.7341257
              ],
              [
                8.9437474,
                45.7340403
              ],
              [
                8.9440432,
                45.7339009
              ],
              [
                8.9444981,
                45.7336401
              ],
              [
                8.9449643,
                45.7334153
              ],
              [
                8.9451909,
                45.7332579
              ],
              [
                8.9452681,
                45.733168
              ],
              [
                8.9454935,
                45.732763
              ],
              [
                8.9455578,
                45.732682
              ],
              [
                8.9456751,
                45.7326461
              ],
              [
                8.9459852,
                45.7326688
              ],
              [
                8.948157,
                45.7329758
              ],
              [
                8.9483899,
                45.7329939
              ],
              [
                8.9486068,
                45.732949
              ],
              [
                8.9487675,
                45.7328861
              ],
              [
                8.9488576,
                45.7328321
              ],
              [
                8.9489942,
                45.7327331
              ],
              [
                8.9491341,
                45.7325757
              ],
              [
                8.9492113,
                45.7324677
              ],
              [
                8.9493982,
                45.7318513
              ],
              [
                8.9501854,
                45.7319281
              ],
              [
                8.9502738,
                45.7319191
              ],
              [
                8.9503236,
                45.7318967
              ],
              [
                8.950552,
                45.7315772
              ],
              [
                8.950642,
                45.7314783
              ],
              [
                8.9507369,
                45.7314108
              ],
              [
                8.9508092,
                45.7313973
              ],
              [
                8.9509265,
                45.7314019
              ],
              [
                8.9510101,
                45.7312714
              ],
              [
                8.9510632,
                45.7312309
              ],
              [
                8.9510857,
                45.7311454
              ],
              [
                8.9510377,
                45.7309114
              ],
              [
                8.9512516,
                45.7306505
              ],
              [
                8.9515764,
                45.7303491
              ],
              [
                8.9517309,
                45.7300836
              ],
              [
                8.9517181,
                45.7299891
              ],
              [
                8.9516908,
                45.7299441
              ],
              [
                8.9517117,
                45.7298721
              ],
              [
                8.9517664,
                45.7298181
              ],
              [
                8.95194,
                45.7297462
              ],
              [
                8.9519609,
                45.7297012
              ],
              [
                8.9519642,
                45.7296112
              ],
              [
                8.9518984,
                45.7294761
              ],
              [
                8.9519323,
                45.7293546
              ],
              [
                8.9519356,
                45.7291701
              ],
              [
                8.9519196,
                45.7291026
              ],
              [
                8.9517896,
                45.7289766
              ],
              [
                8.9517608,
                45.7289135
              ],
              [
                8.9517544,
                45.728801
              ],
              [
                8.951679,
                45.7287155
              ],
              [
                8.9516694,
                45.728648
              ],
              [
                8.9516968,
                45.7285085
              ],
              [
                8.9516841,
                45.728378
              ],
              [
                8.9517163,
                45.7283195
              ],
              [
                8.9518175,
                45.728261
              ],
              [
                8.9518802,
                45.7281935
              ],
              [
                8.9519399,
                45.7279865
              ],
              [
                8.9520315,
                45.7278786
              ],
              [
                8.9521988,
                45.7275861
              ],
              [
                8.9521765,
                45.7273611
              ],
              [
                8.9521975,
                45.7272171
              ],
              [
                8.9521447,
                45.727046
              ],
              [
                8.9520901,
                45.726974
              ],
              [
                8.9518059,
                45.7268164
              ],
              [
                8.9517353,
                45.7266994
              ],
              [
                8.9517066,
                45.7264563
              ],
              [
                8.9515076,
                45.7262177
              ],
              [
                8.9514916,
                45.7261547
              ],
              [
                8.9515511,
                45.7260782
              ],
              [
                8.9516556,
                45.7260243
              ],
              [
                8.9516878,
                45.7259613
              ],
              [
                8.9517779,
                45.7256958
              ],
              [
                8.9517844,
                45.7256238
              ],
              [
                8.9517282,
                45.7255968
              ],
              [
                8.9515066,
                45.7255607
              ],
              [
                8.9514054,
                45.7255516
              ],
              [
                8.9512688,
                45.7255741
              ],
              [
                8.9511741,
                45.725547
              ],
              [
                8.9511677,
                45.725484
              ],
              [
                8.9512096,
                45.7253895
              ],
              [
                8.9511116,
                45.7252995
              ],
              [
                8.9510122,
                45.7251734
              ],
              [
                8.9510252,
                45.7249934
              ],
              [
                8.950977,
                45.7249169
              ],
              [
                8.9506831,
                45.7248898
              ],
              [
                8.9505916,
                45.7248672
              ],
              [
                8.9504117,
                45.7247636
              ],
              [
                8.9503732,
                45.7247096
              ],
              [
                8.9503669,
                45.7246601
              ],
              [
                8.9504054,
                45.7246151
              ],
              [
                8.9506191,
                45.7245567
              ],
              [
                8.9506417,
                45.7244892
              ],
              [
                8.9505919,
                45.7244532
              ],
              [
                8.9505631,
                45.7243947
              ],
              [
                8.9506161,
                45.7243047
              ],
              [
                8.9506355,
                45.7242102
              ],
              [
                8.9506228,
                45.7240797
              ],
              [
                8.9505779,
                45.7239941
              ],
              [
                8.9503211,
                45.7236565
              ],
              [
                8.9502987,
                45.7235935
              ],
              [
                8.9503373,
                45.7235215
              ],
              [
                8.9504917,
                45.723346
              ],
              [
                8.9504744,
                45.7229365
              ],
              [
                8.9505291,
                45.7228285
              ],
              [
                8.9505982,
                45.7227655
              ],
              [
                8.9507557,
                45.7226936
              ],
              [
                8.9508312,
                45.7226306
              ],
              [
                8.9510626,
                45.7225722
              ],
              [
                8.951106,
                45.7224912
              ],
              [
                8.9510242,
                45.7224372
              ],
              [
                8.9508572,
                45.7223831
              ],
              [
                8.9507689,
                45.7223156
              ],
              [
                8.9507175,
                45.7222481
              ],
              [
                8.9506389,
                45.722203
              ],
              [
                8.9504671,
                45.7220544
              ],
              [
                8.9504077,
                45.7219824
              ],
              [
                8.9503404,
                45.7218069
              ],
              [
                8.9503083,
                45.7217798
              ],
              [
                8.9501445,
                45.7217708
              ],
              [
                8.9500626,
                45.7217437
              ],
              [
                8.9500466,
                45.7216942
              ],
              [
                8.9500788,
                45.7216312
              ],
              [
                8.9502042,
                45.7214963
              ],
              [
                8.9502171,
                45.7214378
              ],
              [
                8.9502011,
                45.7213793
              ],
              [
                8.9499635,
                45.7212396
              ],
              [
                8.9497708,
                45.7211541
              ],
              [
                8.949779,
                45.720956
              ],
              [
                8.949823,
                45.7202225
              ],
              [
                8.9499244,
                45.72002
              ],
              [
                8.9499614,
                45.719903
              ],
              [
                8.9499327,
                45.719714
              ],
              [
                8.9498542,
                45.71948
              ],
              [
                8.9499924,
                45.7193765
              ],
              [
                8.9500214,
                45.719309
              ],
              [
                8.9500232,
                45.7190975
              ],
              [
                8.9500008,
                45.718994
              ],
              [
                8.9500233,
                45.718922
              ],
              [
                8.9500619,
                45.718886
              ],
              [
                8.950131,
                45.7188635
              ],
              [
                8.9503077,
                45.7188456
              ],
              [
                8.9503864,
                45.7188231
              ],
              [
                8.9504619,
                45.7187737
              ],
              [
                8.9504973,
                45.7187197
              ],
              [
                8.9505215,
                45.7186072
              ],
              [
                8.950626,
                45.7184812
              ],
              [
                8.9506711,
                45.7183957
              ],
              [
                8.9506954,
                45.7181527
              ],
              [
                8.9507243,
                45.7181122
              ],
              [
                8.9508063,
                45.7180853
              ],
              [
                8.9510054,
                45.7181393
              ],
              [
                8.9510552,
                45.7181349
              ],
              [
                8.9510969,
                45.7181169
              ],
              [
                8.9511339,
                45.7180719
              ],
              [
                8.9511469,
                45.7179324
              ],
              [
                8.9510861,
                45.7176533
              ],
              [
                8.950921,
                45.7172437
              ],
              [
                8.9507975,
                45.7170997
              ],
              [
                8.9507221,
                45.7169556
              ],
              [
                8.9507157,
                45.7169151
              ],
              [
                8.9507382,
                45.7168656
              ],
              [
                8.9508009,
                45.7167846
              ],
              [
                8.9509617,
                45.7166407
              ],
              [
                8.9509746,
                45.7165957
              ],
              [
                8.9508767,
                45.7164561
              ],
              [
                8.9507327,
                45.7158935
              ],
              [
                8.9507295,
                45.7158125
              ],
              [
                8.9507488,
                45.715754
              ],
              [
                8.950789,
                45.715727
              ],
              [
                8.9508597,
                45.7157406
              ],
              [
                8.9509945,
                45.7158126
              ],
              [
                8.9510459,
                45.7158217
              ],
              [
                8.9511021,
                45.7158037
              ],
              [
                8.9511375,
                45.7157677
              ],
              [
                8.9511713,
                45.7157002
              ],
              [
                8.951144,
                45.7156327
              ],
              [
                8.9511425,
                45.7155472
              ],
              [
                8.9512005,
                45.7153987
              ],
              [
                8.951178,
                45.7153357
              ],
              [
                8.9511958,
                45.7152232
              ],
              [
                8.9514369,
                45.7149623
              ],
              [
                8.951527,
                45.7147823
              ],
              [
                8.9515399,
                45.7147148
              ],
              [
                8.9515143,
                45.7146788
              ],
              [
                8.9513088,
                45.7145212
              ],
              [
                8.9512527,
                45.7144266
              ],
              [
                8.9512527,
                45.7143906
              ],
              [
                8.9514198,
                45.7143277
              ],
              [
                8.9514664,
                45.7142782
              ],
              [
                8.9514922,
                45.7142062
              ],
              [
                8.9514665,
                45.7141387
              ],
              [
                8.9513301,
                45.7140216
              ],
              [
                8.9512644,
                45.7139316
              ],
              [
                8.9512676,
                45.7138731
              ],
              [
                8.9513143,
                45.7137561
              ],
              [
                8.9512919,
                45.7136391
              ],
              [
                8.9514111,
                45.7133016
              ],
              [
                8.9514207,
                45.7132206
              ],
              [
                8.9513952,
                45.7130946
              ],
              [
                8.9514339,
                45.7129236
              ],
              [
                8.9514147,
                45.7128336
              ],
              [
                8.9513762,
                45.7127751
              ],
              [
                8.9512077,
                45.7126175
              ],
              [
                8.9511483,
                45.7125319
              ],
              [
                8.9510555,
                45.7121944
              ],
              [
                8.9509545,
                45.7119153
              ],
              [
                8.9509225,
                45.7118613
              ],
              [
                8.9507491,
                45.7117172
              ],
              [
                8.950616,
                45.7115326
              ],
              [
                8.9505936,
                45.7114786
              ],
              [
                8.9505809,
                45.7112491
              ],
              [
                8.9504974,
                45.7112716
              ],
              [
                8.9502194,
                45.7114649
              ],
              [
                8.9501503,
                45.7114874
              ],
              [
                8.950078,
                45.7114784
              ],
              [
                8.9499898,
                45.7114288
              ],
              [
                8.9498021,
                45.7112172
              ],
              [
                8.9494073,
                45.710866
              ],
              [
                8.9489435,
                45.7105598
              ],
              [
                8.9487059,
                45.7104697
              ],
              [
                8.948518,
                45.7103796
              ],
              [
                8.9479692,
                45.7099608
              ],
              [
                8.9477092,
                45.7097402
              ],
              [
                8.9476274,
                45.7096411
              ],
              [
                8.947708,
                45.7093126
              ],
              [
                8.9477627,
                45.7092002
              ],
              [
                8.9478785,
                45.7091012
              ],
              [
                8.9482066,
                45.7085163
              ],
              [
                8.9482854,
                45.7084083
              ],
              [
                8.9483802,
                45.7083229
              ],
              [
                8.9485153,
                45.7081249
              ],
              [
                8.9487612,
                45.7078325
              ],
              [
                8.9489733,
                45.7076931
              ],
              [
                8.9490328,
                45.7076211
              ],
              [
                8.9489189,
                45.7075445
              ],
              [
                8.9482141,
                45.7072742
              ],
              [
                8.9475431,
                45.7070354
              ],
              [
                8.9463615,
                45.7067153
              ],
              [
                8.9458847,
                45.7066116
              ],
              [
                8.9454914,
                45.7064764
              ],
              [
                8.9453501,
                45.7064493
              ],
              [
                8.9453339,
                45.7064599
              ],
              [
                8.9450946,
                45.7066157
              ],
              [
                8.9450223,
                45.7066877
              ],
              [
                8.9448454,
                45.7069621
              ],
              [
                8.9446622,
                45.707106
              ],
              [
                8.9444453,
                45.7072004
              ],
              [
                8.9443505,
                45.7072724
              ],
              [
                8.9441865,
                45.7074343
              ],
              [
                8.9440563,
                45.7076323
              ],
              [
                8.9440096,
                45.7077493
              ],
              [
                8.943982,
                45.7080013
              ],
              [
                8.9439096,
                45.7081723
              ],
              [
                8.9439223,
                45.7083208
              ],
              [
                8.9438563,
                45.7084828
              ],
              [
                8.943787,
                45.7087752
              ],
              [
                8.9437801,
                45.7091668
              ],
              [
                8.9437238,
                45.7093423
              ],
              [
                8.9436672,
                45.7097023
              ],
              [
                8.9435609,
                45.7099116
              ],
              [
                8.9435095,
                45.7100127
              ],
              [
                8.9434159,
                45.7104852
              ],
              [
                8.9433468,
                45.7105482
              ],
              [
                8.9429484,
                45.710683
              ],
              [
                8.9427523,
                45.7107909
              ],
              [
                8.9426269,
                45.7109258
              ],
              [
                8.9425706,
                45.7110203
              ],
              [
                8.9423488,
                45.7112137
              ],
              [
                8.9422584,
                45.7116367
              ],
              [
                8.9422166,
                45.7116817
              ],
              [
                8.9421411,
                45.7117132
              ],
              [
                8.9420078,
                45.7117086
              ],
              [
                8.9419612,
                45.7117536
              ],
              [
                8.9419354,
                45.7118436
              ],
              [
                8.9419546,
                45.7119246
              ],
              [
                8.9421664,
                45.7121587
              ],
              [
                8.9422081,
                45.7122307
              ],
              [
                8.9422368,
                45.7124018
              ],
              [
                8.9421964,
                45.7126043
              ],
              [
                8.9421305,
                45.7126942
              ],
              [
                8.9419939,
                45.7127752
              ],
              [
                8.9416019,
                45.712892
              ],
              [
                8.9414669,
                45.7129594
              ],
              [
                8.9413202,
                45.7130891
              ],
              [
                8.9412614,
                45.713089
              ],
              [
                8.9405598,
                45.7127159
              ],
              [
                8.9403935,
                45.7120633
              ],
              [
                8.9394241,
                45.7114912
              ],
              [
                8.9397985,
                45.7112439
              ],
              [
                8.9398468,
                45.7111899
              ],
              [
                8.9399594,
                45.710965
              ],
              [
                8.939966,
                45.7108345
              ],
              [
                8.9400641,
                45.7106365
              ],
              [
                8.9400788,
                45.7104565
              ],
              [
                8.9401993,
                45.7103531
              ],
              [
                8.9404709,
                45.7102362
              ],
              [
                8.9405208,
                45.7101102
              ],
              [
                8.9405242,
                45.7098852
              ],
              [
                8.9395273,
                45.7095741
              ],
              [
                8.9389493,
                45.7094343
              ],
              [
                8.9383538,
                45.7092225
              ],
              [
                8.9372959,
                45.7088214
              ],
              [
                8.9356732,
                45.7080824
              ],
              [
                8.935191,
                45.7084377
              ],
              [
                8.934843,
                45.7080774
              ],
              [
                8.9346023,
                45.7078658
              ],
              [
                8.9342508,
                45.7077711
              ],
              [
                8.9335204,
                45.7075186
              ],
              [
                8.9332989,
                45.7074555
              ],
              [
                8.9325859,
                45.7074551
              ],
              [
                8.9311722,
                45.7065497
              ],
              [
                8.9313413,
                45.7061762
              ],
              [
                8.9314494,
                45.7057488
              ],
              [
                8.9315983,
                45.7047543
              ],
              [
                8.9316984,
                45.7043043
              ],
              [
                8.9317277,
                45.7039713
              ],
              [
                8.9316541,
                45.7038047
              ],
              [
                8.9316469,
                45.7031072
              ],
              [
                8.9308914,
                45.70114
              ],
              [
                8.9319527,
                45.7011767
              ],
              [
                8.9321544,
                45.6989851
              ],
              [
                8.9321781,
                45.6979455
              ],
              [
                8.9326722,
                45.6969467
              ],
              [
                8.9320105,
                45.6965823
              ],
              [
                8.9316742,
                45.6963971
              ],
              [
                8.9305415,
                45.6957484
              ],
              [
                8.9301412,
                45.6961667
              ],
              [
                8.9283108,
                45.6950404
              ],
              [
                8.9281308,
                45.6951438
              ],
              [
                8.9279544,
                45.6949952
              ],
              [
                8.9281874,
                45.6948063
              ],
              [
                8.9272112,
                45.694043
              ],
              [
                8.9263815,
                45.6933516
              ],
              [
                8.926072,
                45.6931398
              ],
              [
                8.9257073,
                45.6933511
              ],
              [
                8.9244153,
                45.6942729
              ],
              [
                8.9233887,
                45.6935791
              ],
              [
                8.9231927,
                45.693678
              ],
              [
                8.9227933,
                45.6933897
              ],
              [
                8.9225041,
                45.6935785
              ],
              [
                8.9222074,
                45.6933488
              ],
              [
                8.921417,
                45.6925382
              ],
              [
                8.9203669,
                45.6915024
              ],
              [
                8.9202063,
                45.6915428
              ],
              [
                8.920022,
                45.6913626
              ],
              [
                8.9200959,
                45.6912997
              ],
              [
                8.9191549,
                45.6903404
              ],
              [
                8.9188664,
                45.6900072
              ],
              [
                8.9177877,
                45.6888588
              ],
              [
                8.9171641,
                45.6881657
              ],
              [
                8.9160471,
                45.689024
              ],
              [
                8.915627,
                45.6888438
              ],
              [
                8.9152572,
                45.6887099
              ],
              [
                8.913923,
                45.6882484
              ],
              [
                8.9128512,
                45.6879281
              ],
              [
                8.9113556,
                45.6875759
              ],
              [
                8.91094,
                45.6874946
              ],
              [
                8.9104666,
                45.6873817
              ],
              [
                8.9100993,
                45.6876521
              ],
              [
                8.9054258,
                45.6859903
              ],
              [
                8.9049412,
                45.6858855
              ],
              [
                8.9036104,
                45.6855977
              ],
              [
                8.9034466,
                45.6855623
              ],
              [
                8.9033212,
                45.6856973
              ],
              [
                8.9028421,
                45.6855584
              ],
              [
                8.9027292,
                45.6855257
              ],
              [
                8.9019139,
                45.6872802
              ],
              [
                8.90053,
                45.6864554
              ],
              [
                8.8999237,
                45.6861669
              ],
              [
                8.8997232,
                45.6861082
              ],
              [
                8.89959,
                45.6860901
              ],
              [
                8.8986444,
                45.6861162
              ],
              [
                8.8979189,
                45.6860931
              ],
              [
                8.8976669,
                45.6860659
              ],
              [
                8.8980727,
                45.6853552
              ],
              [
                8.8973363,
                45.6852204
              ],
              [
                8.8969607,
                45.6851517
              ],
              [
                8.8969236,
                45.6852506
              ],
              [
                8.8966749,
                45.6851874
              ],
              [
                8.8967556,
                45.6849625
              ],
              [
                8.8949199,
                45.6846188
              ],
              [
                8.8942419,
                45.6849242
              ],
              [
                8.8949062,
                45.6824676
              ],
              [
                8.8961451,
                45.6826352
              ],
              [
                8.8968734,
                45.6810877
              ],
              [
                8.8969316,
                45.6808583
              ],
              [
                8.8973244,
                45.6799998
              ],
              [
                8.8976977,
                45.6780199
              ],
              [
                8.8981804,
                45.6781289
              ],
              [
                8.8986832,
                45.67703
              ],
              [
                8.8987026,
                45.676967
              ],
              [
                8.9003936,
                45.6773015
              ],
              [
                8.9021248,
                45.677672
              ],
              [
                8.9028022,
                45.6775736
              ],
              [
                8.9052041,
                45.6771076
              ],
              [
                8.9059763,
                45.6769732
              ],
              [
                8.9061609,
                45.6769329
              ],
              [
                8.9068996,
                45.6766994
              ],
              [
                8.907476,
                45.6765604
              ],
              [
                8.9075949,
                45.6765065
              ],
              [
                8.9081824,
                45.6754494
              ],
              [
                8.910003,
                45.672017
              ],
              [
                8.9108038,
                45.6720806
              ],
              [
                8.9113909,
                45.671217
              ],
              [
                8.9151754,
                45.672066
              ],
              [
                8.9155694,
                45.6714992
              ],
              [
                8.915733,
                45.6715578
              ],
              [
                8.9160499,
                45.671063
              ],
              [
                8.9172432,
                45.6714959
              ],
              [
                8.9179638,
                45.6703668
              ],
              [
                8.9208299,
                45.6715255
              ],
              [
                8.9221482,
                45.6698837
              ],
              [
                8.9213512,
                45.6694736
              ],
              [
                8.9210561,
                45.6692889
              ],
              [
                8.920976,
                45.6691898
              ],
              [
                8.9209908,
                45.6689873
              ],
              [
                8.9214104,
                45.6684071
              ],
              [
                8.9228877,
                45.6665134
              ],
              [
                8.9236031,
                45.6655508
              ],
              [
                8.9237782,
                45.665393
              ],
              [
                8.9261769,
                45.663185
              ],
              [
                8.9266267,
                45.6615099
              ],
              [
                8.9309578,
                45.6550804
              ],
              [
                8.9302449,
                45.6547257
              ],
              [
                8.9333437,
                45.6518515
              ],
              [
                8.9360172,
                45.6532542
              ]
            ]
          ]
        ]
      },
      "id": "relation/45614"
    },
    {
      "type": "Feature",
      "properties": {
        "@id": "node/5469673334",
        "@relations": [
          {
            "role": "admin_centre",
            "rel": 45614,
            "reltags": {
              "ISO3166-2": "IT-CO",
              "admin_level": "6",
              "boundary": "administrative",
              "loc_name": "Provincia de Comm",
              "name": "Como",
              "name:fr": "Côme",
              "name:it": "Como",
              "name:ko": "코모",
              "official_name": "Provincia di Como",
              "population": "587101",
              "ref": "CO",
              "ref:ISTAT": "013",
              "ref:nuts": "ITC42",
              "ref:nuts:3": "ITC42",
              "type": "boundary",
              "wikidata": "Q16161",
              "wikipedia": "it:Provincia di Como"
            }
          }
        ]
      },
      "geometry": {
        "type": "Point",
        "coordinates": [
          9.0830353,
          45.8115623
        ]
      },
      "id": "node/5469673334"
    }
  ]
}