{
"type": "FeatureCollection",
"name": "Buffer Area",
"crs": { "type": "name", "properties": { "name": "urn:ogc:def:crs:OGC:1.3:CRS84" } },
"features": [
{ "type": "Feature", "properties": { "id": "node/503858695", "@id": "node/503858695", "access": null, "addr:city": null, "addr:country": null, "addr:hamlet": null, "addr:housename": null, "addr:housenumber": null, "addr:place": null, "addr:postcode": null, "addr:province": null, "addr:street": null, "air_conditioning": null, "alt_name": null, "amenity": null, "barrier": null, "barrier:height": null, "beds": null, "bicycle": null, "blind": null, "branch": null, "brand": null, "brand:wikidata": null, "brand:wikipedia": null, "building": null, "building:levels": null, "building:levels:underground": null, "cafe": null, "capacity": null, "check_date": null, "check_date:opening_hours": null, "contact:booking": null, "contact:city": null, "contact:email": null, "contact:facebook": null, "contact:fax": null, "contact:housenumber": null, "contact:instagram": null, "contact:linkedin": null, "contact:mobile": null, "contact:phone": null, "contact:postcode": null, "contact:street": null, "contact:tripadvisor": null, "contact:website": null, "contact:whatsapp": null, "cuisine": null, "denomination": null, "description": null, "description:en": null, "description:it": null, "diet:vegan": null, "dog": null, "drinking_water": null, "ele": null, "email": null, "facebook": null, "fax": null, "fee": null, "fixme": null, "garden:style": null, "garden:type": null, "guest_house": null, "historic": null, "image": null, "inscription": null, "instagram": null, "internet_access": null, "internet_access:fee": null, "internet_access:ssid": null, "is_in": null, "kerb": null, "landuse": null, "layer": null, "leisure": "park", "level": null, "loc_name": null, "mapillary": null, "mobile": null, "museum": null, "museum_type": null, "name": "Parco di Villa Guardia", "name:de": null, "name:en": null, "name:fr": null, "name:it": null, "note": null, "number_of_apartments": null, "official_name": null, "old_name": null, "opening_hours": null, "operator": null, "operator:type": null, "outdoor_seating": null, "oven": null, "payment:cards": null, "payment:cash": null, "payment:credit_cards": null, "payment:debit_cards": null, "payment:visa": null, "phone": null, "post_office": null, "post_office:brand": null, "post_office:brand:wikidata": null, "ref:REA": null, "ref:RIComo": null, "ref:vatin": null, "religion": null, "restaurant": null, "roof:shape": null, "rooms": null, "self_service": null, "short_name": null, "smoking": null, "source": null, "sport": null, "stars": null, "start_date": null, "surface": null, "survey:date": null, "swimming_pool": null, "toilets": null, "toilets:access": null, "toilets:wheelchair": null, "tourism": null, "twitter": null, "url": null, "website": null, "website:de": null, "website:it": null, "website:menu": null, "wheelchair": null, "wheelchair:description": null, "wikidata": null, "wikimedia_commons": null, "wikipedia": null, "tipe": "Alam/Taman", "zona": "Dataran Rendah" }, "geometry": { "type": "MultiPolygon", "coordinates": [ [ [ [ 9.045693364858883, 45.694135154473152 ], [ 9.045443870524661, 45.693558607084348 ], [ 9.04515866680044, 45.692998863258985 ], [ 9.044838879255021, 45.692458132050213 ], [ 9.04448576994375, 45.691938547477079 ], [ 9.044100732427758, 45.691442160102511 ], [ 9.043685286274215, 45.690970928940715 ], [ 9.043241071059287, 45.690526713725788 ], [ 9.042769839897488, 45.690111267572242 ], [ 9.042273452522926, 45.689726230056252 ], [ 9.04175386794979, 45.689373120744982 ], [ 9.041213136741018, 45.68905333319956 ], [ 9.040653392915651, 45.688768129475342 ], [ 9.040076845526848, 45.688518635141115 ], [ 9.039485769943751, 45.688305834837053 ], [ 9.038882498871649, 45.688130568388715 ], [ 9.038269413145859, 45.687993527492715 ], [ 9.037648932335644, 45.687895252986856 ], [ 9.037023505195293, 45.687836132715717 ], [ 9.0363956, 45.6878164 ], [ 9.035767694804708, 45.687836132715717 ], [ 9.035142267664357, 45.687895252986856 ], [ 9.034521786854143, 45.687993527492715 ], [ 9.033908701128352, 45.688130568388715 ], [ 9.033305430056251, 45.688305834837053 ], [ 9.032714354473153, 45.688518635141115 ], [ 9.03213780708435, 45.688768129475342 ], [ 9.031578063258983, 45.68905333319956 ], [ 9.031037332050211, 45.689373120744982 ], [ 9.030517747477075, 45.689726230056252 ], [ 9.030021360102513, 45.690111267572242 ], [ 9.029550128940715, 45.690526713725788 ], [ 9.029105913725786, 45.690970928940715 ], [ 9.028690467572243, 45.691442160102511 ], [ 9.028305430056252, 45.691938547477079 ], [ 9.02795232074498, 45.692458132050213 ], [ 9.027632533199561, 45.692998863258985 ], [ 9.02734732947534, 45.693558607084348 ], [ 9.027097835141118, 45.694135154473152 ], [ 9.026885034837049, 45.694726230056254 ], [ 9.026709768388715, 45.695329501128349 ], [ 9.026572727492713, 45.695942586854144 ], [ 9.026474452986855, 45.696563067664357 ], [ 9.026415332715718, 45.697188494804706 ], [ 9.0263956, 45.6978164 ], [ 9.026415332715718, 45.698444305195295 ], [ 9.026474452986855, 45.699069732335644 ], [ 9.026572727492713, 45.699690213145857 ], [ 9.026709768388715, 45.700303298871653 ], [ 9.026885034837049, 45.700906569943747 ], [ 9.027097835141118, 45.70149764552685 ], [ 9.02734732947534, 45.702074192915653 ], [ 9.027632533199561, 45.702633936741016 ], [ 9.02795232074498, 45.703174667949789 ], [ 9.028305430056252, 45.703694252522922 ], [ 9.028690467572243, 45.70419063989749 ], [ 9.029105913725786, 45.704661871059287 ], [ 9.029550128940715, 45.705106086274213 ], [ 9.030021360102513, 45.70552153242776 ], [ 9.030517747477075, 45.70590656994375 ], [ 9.031037332050211, 45.70625967925502 ], [ 9.031578063258983, 45.706579466800441 ], [ 9.03213780708435, 45.706864670524659 ], [ 9.032714354473153, 45.707114164858886 ], [ 9.033305430056251, 45.707326965162949 ], [ 9.033908701128352, 45.707502231611286 ], [ 9.034521786854143, 45.707639272507286 ], [ 9.035142267664357, 45.707737547013146 ], [ 9.035767694804708, 45.707796667284285 ], [ 9.0363956, 45.7078164 ], [ 9.037023505195293, 45.707796667284285 ], [ 9.037648932335644, 45.707737547013146 ], [ 9.038269413145859, 45.707639272507286 ], [ 9.038882498871649, 45.707502231611286 ], [ 9.039485769943751, 45.707326965162949 ], [ 9.040076845526848, 45.707114164858886 ], [ 9.040653392915651, 45.706864670524659 ], [ 9.041213136741018, 45.706579466800441 ], [ 9.04175386794979, 45.70625967925502 ], [ 9.042273452522926, 45.70590656994375 ], [ 9.042769839897488, 45.70552153242776 ], [ 9.043241071059287, 45.705106086274213 ], [ 9.043685286274215, 45.704661871059287 ], [ 9.044100732427758, 45.70419063989749 ], [ 9.04448576994375, 45.703694252522922 ], [ 9.044838879255021, 45.703174667949789 ], [ 9.04515866680044, 45.702633936741016 ], [ 9.045443870524661, 45.702074192915653 ], [ 9.045693364858883, 45.70149764552685 ], [ 9.045906165162952, 45.700906569943747 ], [ 9.046081431611286, 45.700303298871653 ], [ 9.046218472507288, 45.699690213145857 ], [ 9.046316747013146, 45.699069732335644 ], [ 9.046375867284283, 45.698444305195295 ], [ 9.0463956, 45.6978164 ], [ 9.046375867284283, 45.697188494804706 ], [ 9.046316747013146, 45.696563067664357 ], [ 9.046218472507288, 45.695942586854144 ], [ 9.046081431611286, 45.695329501128349 ], [ 9.045906165162952, 45.694726230056254 ], [ 9.045693364858883, 45.694135154473152 ] ] ], [ [ [ 9.016833270524661, 45.722628607084346 ], [ 9.016548066800439, 45.722068863258983 ], [ 9.016228279255021, 45.72152813205021 ], [ 9.015875169943749, 45.721008547477076 ], [ 9.015490132427757, 45.720512160102508 ], [ 9.015074686274215, 45.720040928940712 ], [ 9.014630471059286, 45.719596713725785 ], [ 9.014159239897488, 45.719181267572239 ], [ 9.013662852522925, 45.718796230056249 ], [ 9.01314326794979, 45.718443120744979 ], [ 9.012602536741017, 45.718123333199557 ], [ 9.012042792915651, 45.717838129475339 ], [ 9.011466245526847, 45.717588635141112 ], [ 9.01087516994375, 45.71737583483705 ], [ 9.010271898871649, 45.717200568388712 ], [ 9.009658813145858, 45.717063527492712 ], [ 9.009038332335644, 45.716965252986853 ], [ 9.008412905195293, 45.716906132715714 ], [ 9.007785, 45.7168864 ], [ 9.007157094804707, 45.716906132715714 ], [ 9.006531667664357, 45.716965252986853 ], [ 9.005911186854142, 45.717063527492712 ], [ 9.005298101128352, 45.717200568388712 ], [ 9.00469483005625, 45.71737583483705 ], [ 9.004103754473153, 45.717588635141112 ], [ 9.00352720708435, 45.717838129475339 ], [ 9.002967463258983, 45.718123333199557 ], [ 9.00242673205021, 45.718443120744979 ], [ 9.001907147477075, 45.718796230056249 ], [ 9.001410760102512, 45.719181267572239 ], [ 9.000939528940714, 45.719596713725785 ], [ 9.000495313725786, 45.720040928940712 ], [ 9.000079867572243, 45.720512160102508 ], [ 8.999694830056251, 45.721008547477076 ], [ 8.99934172074498, 45.72152813205021 ], [ 8.999021933199561, 45.722068863258983 ], [ 8.99873672947534, 45.722628607084346 ], [ 8.998487235141118, 45.723205154473149 ], [ 8.998274434837048, 45.723796230056251 ], [ 8.998099168388714, 45.724399501128346 ], [ 8.997962127492713, 45.725012586854142 ], [ 8.997863852986855, 45.725633067664354 ], [ 8.997804732715718, 45.726258494804704 ], [ 8.997785, 45.7268864 ], [ 8.997804732715718, 45.727514305195292 ], [ 8.997863852986855, 45.728139732335642 ], [ 8.997962127492713, 45.728760213145854 ], [ 8.998099168388714, 45.72937329887165 ], [ 8.998274434837048, 45.729976569943744 ], [ 8.998487235141118, 45.730567645526847 ], [ 8.99873672947534, 45.73114419291565 ], [ 8.999021933199561, 45.731703936741013 ], [ 8.99934172074498, 45.732244667949786 ], [ 8.999694830056251, 45.732764252522919 ], [ 9.000079867572243, 45.733260639897487 ], [ 9.000495313725786, 45.733731871059284 ], [ 9.000939528940714, 45.734176086274211 ], [ 9.001410760102512, 45.734591532427757 ], [ 9.001907147477075, 45.734976569943747 ], [ 9.00242673205021, 45.735329679255017 ], [ 9.002967463258983, 45.735649466800439 ], [ 9.00352720708435, 45.735934670524657 ], [ 9.004103754473153, 45.736184164858884 ], [ 9.00469483005625, 45.736396965162946 ], [ 9.005298101128352, 45.736572231611284 ], [ 9.005911186854142, 45.736709272507284 ], [ 9.006531667664357, 45.736807547013143 ], [ 9.007157094804707, 45.736866667284282 ], [ 9.007785, 45.7368864 ], [ 9.008412905195293, 45.736866667284282 ], [ 9.009038332335644, 45.736807547013143 ], [ 9.009658813145858, 45.736709272507284 ], [ 9.010271898871649, 45.736572231611284 ], [ 9.01087516994375, 45.736396965162946 ], [ 9.011466245526847, 45.736184164858884 ], [ 9.012042792915651, 45.735934670524657 ], [ 9.012602536741017, 45.735649466800439 ], [ 9.01314326794979, 45.735329679255017 ], [ 9.013662852522925, 45.734976569943747 ], [ 9.014159239897488, 45.734591532427757 ], [ 9.014630471059286, 45.734176086274211 ], [ 9.015074686274215, 45.733731871059284 ], [ 9.015490132427757, 45.733260639897487 ], [ 9.015875169943749, 45.732764252522919 ], [ 9.016228279255021, 45.732244667949786 ], [ 9.016548066800439, 45.731703936741013 ], [ 9.016833270524661, 45.73114419291565 ], [ 9.017082764858882, 45.730567645526847 ], [ 9.017295565162952, 45.729976569943744 ], [ 9.017470831611286, 45.72937329887165 ], [ 9.017607872507288, 45.728760213145854 ], [ 9.017706147013145, 45.728139732335642 ], [ 9.017765267284283, 45.727514305195292 ], [ 9.017785, 45.7268864 ], [ 9.017765267284283, 45.726258494804704 ], [ 9.017706147013145, 45.725633067664354 ], [ 9.017607872507288, 45.725012586854142 ], [ 9.017470831611286, 45.724399501128346 ], [ 9.017295565162952, 45.723796230056251 ], [ 9.017082764858882, 45.723205154473149 ], [ 9.016833270524661, 45.722628607084346 ] ] ], [ [ [ 9.0655458, 45.7409168 ], [ 9.064917894804708, 45.740936532715715 ], [ 9.064292467664357, 45.740995652986854 ], [ 9.063671986854143, 45.741093927492713 ], [ 9.063058901128352, 45.741230968388713 ], [ 9.062455630056251, 45.741406234837051 ], [ 9.061864554473154, 45.741619035141113 ], [ 9.06128800708435, 45.74186852947534 ], [ 9.060728263258984, 45.742153733199558 ], [ 9.060187532050211, 45.74247352074498 ], [ 9.059667947477076, 45.74282663005625 ], [ 9.059171560102513, 45.74321166757224 ], [ 9.058700328940715, 45.743627113725786 ], [ 9.058256113725786, 45.744071328940713 ], [ 9.057840667572243, 45.744542560102509 ], [ 9.057455630056252, 45.745038947477077 ], [ 9.05710252074498, 45.745558532050211 ], [ 9.056782733199562, 45.746099263258984 ], [ 9.05649752947534, 45.746659007084347 ], [ 9.056248035141119, 45.74723555447315 ], [ 9.056035234837049, 45.747826630056252 ], [ 9.055859968388715, 45.748429901128347 ], [ 9.055722927492713, 45.749042986854143 ], [ 9.055624652986856, 45.749663467664355 ], [ 9.055565532715718, 45.750288894804704 ], [ 9.0555458, 45.7509168 ], [ 9.055565532715718, 45.751544705195293 ], [ 9.055624652986856, 45.752170132335642 ], [ 9.055722927492713, 45.752790613145855 ], [ 9.055859968388715, 45.753403698871651 ], [ 9.056035234837049, 45.754006969943745 ], [ 9.056248035141119, 45.754598045526848 ], [ 9.05649752947534, 45.755174592915651 ], [ 9.056782733199562, 45.755734336741014 ], [ 9.05710252074498, 45.756275067949787 ], [ 9.057455630056252, 45.75679465252292 ], [ 9.057840667572243, 45.757291039897488 ], [ 9.058256113725786, 45.757762271059285 ], [ 9.058700328940715, 45.758206486274211 ], [ 9.059171560102513, 45.758621932427758 ], [ 9.059667947477076, 45.759006969943748 ], [ 9.060187532050211, 45.759360079255018 ], [ 9.060728263258984, 45.75967986680044 ], [ 9.06128800708435, 45.759965070524657 ], [ 9.061864554473154, 45.760214564858885 ], [ 9.062455630056251, 45.760427365162947 ], [ 9.063058901128352, 45.760602631611285 ], [ 9.063671986854143, 45.760739672507285 ], [ 9.064292467664357, 45.760837947013144 ], [ 9.064917894804708, 45.760897067284283 ], [ 9.065259050601702, 45.760907788537118 ], [ 9.06495422074498, 45.761356332050212 ], [ 9.064634433199561, 45.761897063258985 ], [ 9.06434922947534, 45.762456807084348 ], [ 9.064099735141118, 45.763033354473151 ], [ 9.063886934837049, 45.763624430056254 ], [ 9.063711668388715, 45.764227701128348 ], [ 9.063574627492713, 45.764840786854144 ], [ 9.063476352986855, 45.765461267664357 ], [ 9.063417232715718, 45.766086694804706 ], [ 9.0633975, 45.7667146 ], [ 9.063417232715718, 45.767342505195295 ], [ 9.063476352986855, 45.767967932335644 ], [ 9.063574627492713, 45.768588413145856 ], [ 9.063711668388715, 45.769201498871652 ], [ 9.063886934837049, 45.769804769943747 ], [ 9.064099735141118, 45.770395845526849 ], [ 9.06434922947534, 45.770972392915652 ], [ 9.064634433199561, 45.771532136741016 ], [ 9.06495422074498, 45.772072867949788 ], [ 9.065307330056251, 45.772592452522922 ], [ 9.065692367572243, 45.77308883989749 ], [ 9.066107813725786, 45.773560071059286 ], [ 9.066552028940714, 45.774004286274213 ], [ 9.067023260102513, 45.774419732427759 ], [ 9.067519647477075, 45.774804769943749 ], [ 9.068039232050211, 45.775157879255019 ], [ 9.068579963258983, 45.775477666800441 ], [ 9.06913970708435, 45.775762870524659 ], [ 9.069716254473153, 45.776012364858886 ], [ 9.07030733005625, 45.776225165162948 ], [ 9.070910601128352, 45.776400431611286 ], [ 9.071523686854142, 45.776537472507286 ], [ 9.072144167664357, 45.776635747013145 ], [ 9.072769594804708, 45.776694867284284 ], [ 9.0733975, 45.7767146 ], [ 9.074025405195293, 45.776694867284284 ], [ 9.074650832335644, 45.776635747013145 ], [ 9.075271313145858, 45.776537472507286 ], [ 9.075884398871649, 45.776400431611286 ], [ 9.07648766994375, 45.776225165162948 ], [ 9.077078745526848, 45.776012364858886 ], [ 9.077655292915651, 45.775762870524659 ], [ 9.078215036741017, 45.775477666800441 ], [ 9.07875576794979, 45.775157879255019 ], [ 9.079275352522926, 45.774804769943749 ], [ 9.079771739897488, 45.774419732427759 ], [ 9.080242971059286, 45.774004286274213 ], [ 9.080687186274215, 45.773560071059286 ], [ 9.081102632427758, 45.77308883989749 ], [ 9.081487669943749, 45.772592452522922 ], [ 9.081840779255021, 45.772072867949788 ], [ 9.082160566800439, 45.771532136741016 ], [ 9.082445770524661, 45.770972392915652 ], [ 9.082695264858883, 45.770395845526849 ], [ 9.082908065162952, 45.769804769943747 ], [ 9.083083331611286, 45.769201498871652 ], [ 9.083220372507288, 45.768588413145856 ], [ 9.083318647013146, 45.767967932335644 ], [ 9.083377767284283, 45.767342505195295 ], [ 9.0833975, 45.7667146 ], [ 9.083377767284283, 45.766086694804706 ], [ 9.083318647013146, 45.765461267664357 ], [ 9.083220372507288, 45.764840786854144 ], [ 9.083083331611286, 45.764227701128348 ], [ 9.082908065162952, 45.763624430056254 ], [ 9.082695264858883, 45.763033354473151 ], [ 9.082445770524661, 45.762456807084348 ], [ 9.082160566800439, 45.761897063258985 ], [ 9.081840779255021, 45.761356332050212 ], [ 9.081487669943749, 45.760836747477079 ], [ 9.081102632427758, 45.760340360102511 ], [ 9.080687186274215, 45.759869128940714 ], [ 9.080242971059286, 45.759424913725788 ], [ 9.079771739897488, 45.759009467572241 ], [ 9.079275352522926, 45.758624430056251 ], [ 9.07875576794979, 45.758271320744981 ], [ 9.078215036741017, 45.757951533199559 ], [ 9.077655292915651, 45.757666329475342 ], [ 9.077078745526848, 45.757416835141115 ], [ 9.076797388517429, 45.757315540384795 ], [ 9.076858269943749, 45.757237052522925 ], [ 9.07721137925502, 45.756717467949791 ], [ 9.077531166800439, 45.756176736741018 ], [ 9.07781637052466, 45.755616992915655 ], [ 9.078065864858882, 45.755040445526852 ], [ 9.078278665162951, 45.75444936994375 ], [ 9.078453931611286, 45.753846098871655 ], [ 9.078590972507287, 45.753233013145859 ], [ 9.078689247013145, 45.752612532335647 ], [ 9.078748367284282, 45.751987105195298 ], [ 9.0787681, 45.7513592 ], [ 9.078748367284282, 45.750731294804709 ], [ 9.078689247013145, 45.750105867664359 ], [ 9.078590972507287, 45.749485386854147 ], [ 9.078453931611286, 45.748872301128351 ], [ 9.078278665162951, 45.748269030056257 ], [ 9.078065864858882, 45.747677954473154 ], [ 9.07781637052466, 45.747101407084351 ], [ 9.077531166800439, 45.746541663258988 ], [ 9.07721137925502, 45.746000932050215 ], [ 9.076858269943749, 45.745481347477082 ], [ 9.076473232427757, 45.744984960102514 ], [ 9.076057786274214, 45.744513728940717 ], [ 9.075613571059286, 45.74406951372579 ], [ 9.075142339897488, 45.743654067572244 ], [ 9.074645952522925, 45.743269030056254 ], [ 9.074126367949789, 45.742915920744984 ], [ 9.073585636741017, 45.742596133199562 ], [ 9.07302589291565, 45.742310929475344 ], [ 9.072449345526847, 45.742061435141117 ], [ 9.07185826994375, 45.741848634837055 ], [ 9.071254998871648, 45.741673368388717 ], [ 9.070641913145858, 45.741536327492717 ], [ 9.070021432335643, 45.741438052986858 ], [ 9.069396005195292, 45.741378932715719 ], [ 9.0687681, 45.7413592 ], [ 9.068502775140804, 45.741367538169619 ], [ 9.068032698871649, 45.741230968388713 ], [ 9.067419613145859, 45.741093927492713 ], [ 9.066799132335644, 45.740995652986854 ], [ 9.066173705195293, 45.740936532715715 ], [ 9.0655458, 45.7409168 ] ] ], [ [ [ 8.98140687052466, 45.753133007084351 ], [ 8.981121666800439, 45.752573263258988 ], [ 8.98080187925502, 45.752032532050215 ], [ 8.980448769943749, 45.751512947477082 ], [ 8.980063732427757, 45.751016560102514 ], [ 8.979648286274214, 45.750545328940717 ], [ 8.979204071059286, 45.75010111372579 ], [ 8.978732839897487, 45.749685667572244 ], [ 8.978236452522925, 45.749300630056254 ], [ 8.977716867949789, 45.748947520744984 ], [ 8.977176136741017, 45.748627733199562 ], [ 8.97661639291565, 45.748342529475345 ], [ 8.976039845526847, 45.748093035141117 ], [ 8.97544876994375, 45.747880234837055 ], [ 8.974845498871648, 45.747704968388717 ], [ 8.974232413145858, 45.747567927492717 ], [ 8.973611932335643, 45.747469652986858 ], [ 8.972986505195292, 45.747410532715719 ], [ 8.9723586, 45.7473908 ], [ 8.971730694804707, 45.747410532715719 ], [ 8.971105267664356, 45.747469652986858 ], [ 8.970484786854142, 45.747567927492717 ], [ 8.969871701128351, 45.747704968388717 ], [ 8.96926843005625, 45.747880234837055 ], [ 8.968677354473153, 45.748093035141117 ], [ 8.968100807084349, 45.748342529475345 ], [ 8.967541063258983, 45.748627733199562 ], [ 8.96700033205021, 45.748947520744984 ], [ 8.966480747477075, 45.749300630056254 ], [ 8.965984360102512, 45.749685667572244 ], [ 8.965513128940714, 45.75010111372579 ], [ 8.965068913725785, 45.750545328940717 ], [ 8.964653467572242, 45.751016560102514 ], [ 8.964268430056251, 45.751512947477082 ], [ 8.963915320744979, 45.752032532050215 ], [ 8.963595533199561, 45.752573263258988 ], [ 8.963310329475339, 45.753133007084351 ], [ 8.963060835141118, 45.753709554473154 ], [ 8.962848034837048, 45.754300630056257 ], [ 8.962672768388714, 45.754903901128351 ], [ 8.962535727492712, 45.755516986854147 ], [ 8.962437452986855, 45.75613746766436 ], [ 8.962378332715717, 45.756762894804709 ], [ 8.9623586, 45.7573908 ], [ 8.962378332715717, 45.758018705195298 ], [ 8.962437452986855, 45.758644132335647 ], [ 8.962535727492712, 45.759264613145859 ], [ 8.962672768388714, 45.759877698871655 ], [ 8.962848034837048, 45.76048096994375 ], [ 8.963060835141118, 45.761072045526852 ], [ 8.963310329475339, 45.761648592915655 ], [ 8.963595533199561, 45.762208336741018 ], [ 8.963915320744979, 45.762749067949791 ], [ 8.964268430056251, 45.763268652522925 ], [ 8.964653467572242, 45.763765039897493 ], [ 8.965068913725785, 45.764236271059289 ], [ 8.965513128940714, 45.764680486274216 ], [ 8.965984360102512, 45.765095932427762 ], [ 8.966480747477075, 45.765480969943752 ], [ 8.96700033205021, 45.765834079255022 ], [ 8.967541063258983, 45.766153866800444 ], [ 8.968100807084349, 45.766439070524662 ], [ 8.968677354473153, 45.766688564858889 ], [ 8.96926843005625, 45.766901365162951 ], [ 8.969871701128351, 45.767076631611289 ], [ 8.970484786854142, 45.767213672507289 ], [ 8.971105267664356, 45.767311947013148 ], [ 8.971730694804707, 45.767371067284287 ], [ 8.9723586, 45.7673908 ], [ 8.972986505195292, 45.767371067284287 ], [ 8.973611932335643, 45.767311947013148 ], [ 8.974232413145858, 45.767213672507289 ], [ 8.974845498871648, 45.767076631611289 ], [ 8.97544876994375, 45.766901365162951 ], [ 8.976039845526847, 45.766688564858889 ], [ 8.97661639291565, 45.766439070524662 ], [ 8.977176136741017, 45.766153866800444 ], [ 8.977716867949789, 45.765834079255022 ], [ 8.978236452522925, 45.765480969943752 ], [ 8.978732839897487, 45.765095932427762 ], [ 8.979204071059286, 45.764680486274216 ], [ 8.979648286274214, 45.764236271059289 ], [ 8.980063732427757, 45.763765039897493 ], [ 8.980448769943749, 45.763268652522925 ], [ 8.98080187925502, 45.762749067949791 ], [ 8.981121666800439, 45.762208336741018 ], [ 8.98140687052466, 45.761648592915655 ], [ 8.981656364858882, 45.761072045526852 ], [ 8.981869165162951, 45.76048096994375 ], [ 8.982044431611286, 45.759877698871655 ], [ 8.982181472507287, 45.759264613145859 ], [ 8.982279747013145, 45.758644132335647 ], [ 8.982338867284282, 45.758018705195298 ], [ 8.9823586, 45.7573908 ], [ 8.982338867284282, 45.756762894804709 ], [ 8.982279747013145, 45.75613746766436 ], [ 8.982181472507287, 45.755516986854147 ], [ 8.982044431611286, 45.754903901128351 ], [ 8.981869165162951, 45.754300630056257 ], [ 8.981656364858882, 45.753709554473154 ], [ 8.98140687052466, 45.753133007084351 ] ] ], [ [ [ 9.01368427052466, 45.762103407084346 ], [ 9.013399066800439, 45.761543663258983 ], [ 9.01307927925502, 45.761002932050211 ], [ 9.012726169943749, 45.760483347477077 ], [ 9.012341132427757, 45.759986960102509 ], [ 9.011925686274214, 45.759515728940713 ], [ 9.011481471059286, 45.759071513725786 ], [ 9.011010239897487, 45.75865606757224 ], [ 9.010513852522925, 45.75827103005625 ], [ 9.009994267949789, 45.75791792074498 ], [ 9.009453536741017, 45.757598133199558 ], [ 9.00889379291565, 45.75731292947534 ], [ 9.008317245526847, 45.757063435141113 ], [ 9.00772616994375, 45.756850634837051 ], [ 9.007122898871648, 45.756675368388713 ], [ 9.006509813145858, 45.756538327492713 ], [ 9.005889332335643, 45.756440052986854 ], [ 9.005263905195292, 45.756380932715714 ], [ 9.004636, 45.7563612 ], [ 9.004008094804707, 45.756380932715714 ], [ 9.003382667664356, 45.756440052986854 ], [ 9.002762186854142, 45.756538327492713 ], [ 9.002149101128351, 45.756675368388713 ], [ 9.00154583005625, 45.756850634837051 ], [ 9.000954754473153, 45.757063435141113 ], [ 9.000378207084349, 45.75731292947534 ], [ 8.999818463258983, 45.757598133199558 ], [ 8.99927773205021, 45.75791792074498 ], [ 8.998758147477075, 45.75827103005625 ], [ 8.998261760102512, 45.75865606757224 ], [ 8.997790528940714, 45.759071513725786 ], [ 8.997346313725785, 45.759515728940713 ], [ 8.996930867572242, 45.759986960102509 ], [ 8.996545830056251, 45.760483347477077 ], [ 8.996192720744979, 45.761002932050211 ], [ 8.995872933199561, 45.761543663258983 ], [ 8.995587729475339, 45.762103407084346 ], [ 8.995338235141118, 45.76267995447315 ], [ 8.995125434837048, 45.763271030056252 ], [ 8.994950168388714, 45.763874301128347 ], [ 8.994813127492712, 45.764487386854142 ], [ 8.994714852986855, 45.765107867664355 ], [ 8.994655732715717, 45.765733294804704 ], [ 8.994636, 45.7663612 ], [ 8.994655732715717, 45.766989105195293 ], [ 8.994714852986855, 45.767614532335642 ], [ 8.994813127492712, 45.768235013145855 ], [ 8.994950168388714, 45.768848098871651 ], [ 8.995125434837048, 45.769451369943745 ], [ 8.995338235141118, 45.770042445526848 ], [ 8.995587729475339, 45.770618992915651 ], [ 8.995872933199561, 45.771178736741014 ], [ 8.996192720744979, 45.771719467949787 ], [ 8.996545830056251, 45.77223905252292 ], [ 8.996930867572242, 45.772735439897488 ], [ 8.997346313725785, 45.773206671059285 ], [ 8.997790528940714, 45.773650886274211 ], [ 8.998261760102512, 45.774066332427758 ], [ 8.998758147477075, 45.774451369943748 ], [ 8.99927773205021, 45.774804479255017 ], [ 8.999818463258983, 45.775124266800439 ], [ 9.000378207084349, 45.775409470524657 ], [ 9.000954754473153, 45.775658964858884 ], [ 9.00154583005625, 45.775871765162947 ], [ 9.002149101128351, 45.776047031611284 ], [ 9.002762186854142, 45.776184072507284 ], [ 9.003382667664356, 45.776282347013144 ], [ 9.004008094804707, 45.776341467284283 ], [ 9.004636, 45.7763612 ], [ 9.005263905195292, 45.776341467284283 ], [ 9.005889332335643, 45.776282347013144 ], [ 9.006509813145858, 45.776184072507284 ], [ 9.007122898871648, 45.776047031611284 ], [ 9.00772616994375, 45.775871765162947 ], [ 9.008317245526847, 45.775658964858884 ], [ 9.00889379291565, 45.775409470524657 ], [ 9.009453536741017, 45.775124266800439 ], [ 9.009994267949789, 45.774804479255017 ], [ 9.010513852522925, 45.774451369943748 ], [ 9.011010239897487, 45.774066332427758 ], [ 9.011481471059286, 45.773650886274211 ], [ 9.011925686274214, 45.773206671059285 ], [ 9.012341132427757, 45.772735439897488 ], [ 9.012726169943749, 45.77223905252292 ], [ 9.01307927925502, 45.771719467949787 ], [ 9.013399066800439, 45.771178736741014 ], [ 9.01368427052466, 45.770618992915651 ], [ 9.013933764858882, 45.770042445526848 ], [ 9.014146565162951, 45.769451369943745 ], [ 9.014321831611285, 45.768848098871651 ], [ 9.014458872507287, 45.768235013145855 ], [ 9.014557147013145, 45.767614532335642 ], [ 9.014616267284282, 45.766989105195293 ], [ 9.014636, 45.7663612 ], [ 9.014616267284282, 45.765733294804704 ], [ 9.014557147013145, 45.765107867664355 ], [ 9.014458872507287, 45.764487386854142 ], [ 9.014321831611285, 45.763874301128347 ], [ 9.014146565162951, 45.763271030056252 ], [ 9.013933764858882, 45.76267995447315 ], [ 9.01368427052466, 45.762103407084346 ] ] ], [ [ [ 9.04459587052466, 45.767707407084345 ], [ 9.044310666800438, 45.767147663258982 ], [ 9.04399087925502, 45.766606932050209 ], [ 9.043637769943748, 45.766087347477075 ], [ 9.043252732427757, 45.765590960102507 ], [ 9.042837286274214, 45.765119728940711 ], [ 9.042393071059285, 45.764675513725784 ], [ 9.041921839897487, 45.764260067572238 ], [ 9.041425452522924, 45.763875030056248 ], [ 9.040905867949789, 45.763521920744978 ], [ 9.040365136741016, 45.763202133199556 ], [ 9.03980539291565, 45.762916929475338 ], [ 9.039228845526846, 45.762667435141111 ], [ 9.038637769943749, 45.762454634837049 ], [ 9.038034498871648, 45.762279368388711 ], [ 9.037421413145857, 45.762142327492711 ], [ 9.036800932335643, 45.762044052986852 ], [ 9.036175505195292, 45.761984932715713 ], [ 9.0355476, 45.7619652 ], [ 9.034919694804707, 45.761984932715713 ], [ 9.034294267664356, 45.762044052986852 ], [ 9.033673786854141, 45.762142327492711 ], [ 9.033060701128351, 45.762279368388711 ], [ 9.032457430056249, 45.762454634837049 ], [ 9.031866354473152, 45.762667435141111 ], [ 9.031289807084349, 45.762916929475338 ], [ 9.030730063258982, 45.763202133199556 ], [ 9.03018933205021, 45.763521920744978 ], [ 9.029669747477074, 45.763875030056248 ], [ 9.029173360102511, 45.764260067572238 ], [ 9.028940334295315, 45.764465507456364 ], [ 9.028673098871648, 45.764387868388717 ], [ 9.028060013145858, 45.764250827492717 ], [ 9.027439532335643, 45.764152552986857 ], [ 9.026814105195292, 45.764093432715718 ], [ 9.0261862, 45.7640737 ], [ 9.025558294804707, 45.764093432715718 ], [ 9.024932867664356, 45.764152552986857 ], [ 9.024312386854142, 45.764250827492717 ], [ 9.023699301128351, 45.764387868388717 ], [ 9.02309603005625, 45.764563134837054 ], [ 9.022504954473153, 45.764775935141117 ], [ 9.021928407084349, 45.765025429475344 ], [ 9.021368663258983, 45.765310633199562 ], [ 9.02082793205021, 45.765630420744984 ], [ 9.020308347477075, 45.765983530056253 ], [ 9.019811960102512, 45.766368567572243 ], [ 9.019340728940714, 45.76678401372579 ], [ 9.018896513725785, 45.767228228940716 ], [ 9.018481067572242, 45.767699460102513 ], [ 9.018096030056251, 45.768195847477081 ], [ 9.017742920744979, 45.768715432050215 ], [ 9.017423133199561, 45.769256163258987 ], [ 9.017137929475339, 45.76981590708435 ], [ 9.016888435141118, 45.770392454473154 ], [ 9.016675634837048, 45.770983530056256 ], [ 9.016500368388714, 45.77158680112835 ], [ 9.016363327492712, 45.772199886854146 ], [ 9.016265052986855, 45.772820367664359 ], [ 9.016205932715717, 45.773445794804708 ], [ 9.0161862, 45.7740737 ], [ 9.016205932715717, 45.774701605195297 ], [ 9.016265052986855, 45.775327032335646 ], [ 9.016363327492712, 45.775947513145859 ], [ 9.016500368388714, 45.776560598871654 ], [ 9.016675634837048, 45.777163869943749 ], [ 9.016888435141118, 45.777754945526851 ], [ 9.017137929475339, 45.778331492915655 ], [ 9.017423133199561, 45.778891236741018 ], [ 9.017742920744979, 45.77943196794979 ], [ 9.018096030056251, 45.779951552522924 ], [ 9.018481067572242, 45.780447939897492 ], [ 9.018896513725785, 45.780919171059288 ], [ 9.019340728940714, 45.781363386274215 ], [ 9.019811960102512, 45.781778832427761 ], [ 9.020308347477075, 45.782163869943751 ], [ 9.02082793205021, 45.782516979255021 ], [ 9.021368663258983, 45.782836766800443 ], [ 9.021928407084349, 45.783121970524661 ], [ 9.022504954473153, 45.783371464858888 ], [ 9.02309603005625, 45.783584265162951 ], [ 9.023699301128351, 45.783759531611288 ], [ 9.024312386854142, 45.783896572507288 ], [ 9.024932867664356, 45.783994847013147 ], [ 9.025558294804707, 45.784053967284287 ], [ 9.0261862, 45.7840737 ], [ 9.026814105195292, 45.784053967284287 ], [ 9.027439532335643, 45.783994847013147 ], [ 9.028060013145858, 45.783896572507288 ], [ 9.028673098871648, 45.783759531611288 ], [ 9.02927636994375, 45.783584265162951 ], [ 9.029867445526847, 45.783371464858888 ], [ 9.03044399291565, 45.783121970524661 ], [ 9.031003736741017, 45.782836766800443 ], [ 9.031544467949789, 45.782516979255021 ], [ 9.032064052522925, 45.782163869943751 ], [ 9.032560439897487, 45.781778832427761 ], [ 9.032793465704684, 45.781573392543635 ], [ 9.033060701128351, 45.781651031611283 ], [ 9.033673786854141, 45.781788072507283 ], [ 9.034294267664356, 45.781886347013142 ], [ 9.034919694804707, 45.781945467284281 ], [ 9.0355476, 45.7819652 ], [ 9.036175505195292, 45.781945467284281 ], [ 9.036800932335643, 45.781886347013142 ], [ 9.037421413145857, 45.781788072507283 ], [ 9.038034498871648, 45.781651031611283 ], [ 9.038637769943749, 45.781475765162945 ], [ 9.03880968466771, 45.781413872053875 ], [ 9.038753252986854, 45.781770167664355 ], [ 9.038694132715717, 45.782395594804704 ], [ 9.0386744, 45.7830235 ], [ 9.038694132715717, 45.783651405195293 ], [ 9.038753252986854, 45.784276832335642 ], [ 9.038851527492712, 45.784897313145855 ], [ 9.038988568388714, 45.785510398871651 ], [ 9.039163834837048, 45.786113669943745 ], [ 9.039376635141117, 45.786704745526848 ], [ 9.039626129475339, 45.787281292915651 ], [ 9.03991133319956, 45.787841036741014 ], [ 9.040231120744979, 45.788381767949787 ], [ 9.04058423005625, 45.78890135252292 ], [ 9.040969267572242, 45.789397739897488 ], [ 9.041384713725785, 45.789868971059285 ], [ 9.041828928940713, 45.790313186274211 ], [ 9.042300160102512, 45.790728632427758 ], [ 9.042796547477074, 45.791113669943748 ], [ 9.04331613205021, 45.791466779255018 ], [ 9.043856863258982, 45.79178656680044 ], [ 9.044416607084349, 45.792071770524657 ], [ 9.044993154473152, 45.792321264858884 ], [ 9.045584230056249, 45.792534065162947 ], [ 9.046187501128351, 45.792709331611285 ], [ 9.046800586854141, 45.792846372507285 ], [ 9.047421067664356, 45.792944647013144 ], [ 9.048046494804707, 45.793003767284283 ], [ 9.0486744, 45.7930235 ], [ 9.049302305195292, 45.793003767284283 ], [ 9.049927732335643, 45.792944647013144 ], [ 9.050548213145857, 45.792846372507285 ], [ 9.051161298871648, 45.792709331611285 ], [ 9.051764569943749, 45.792534065162947 ], [ 9.052355645526847, 45.792321264858884 ], [ 9.05293219291565, 45.792071770524657 ], [ 9.053491936741016, 45.79178656680044 ], [ 9.054032667949789, 45.791466779255018 ], [ 9.054552252522925, 45.791113669943748 ], [ 9.055048639897487, 45.790728632427758 ], [ 9.05515316874634, 45.790636477851173 ], [ 9.055133032715718, 45.790849494804704 ], [ 9.0551133, 45.7914774 ], [ 9.055133032715718, 45.792105305195292 ], [ 9.055192152986855, 45.792730732335642 ], [ 9.055290427492713, 45.793351213145854 ], [ 9.055427468388714, 45.79396429887165 ], [ 9.055602734837048, 45.794567569943744 ], [ 9.055815535141118, 45.795158645526847 ], [ 9.05606502947534, 45.79573519291565 ], [ 9.056350233199561, 45.796294936741013 ], [ 9.05667002074498, 45.796835667949786 ], [ 9.057023130056251, 45.797355252522919 ], [ 9.057212022147363, 45.797598770739427 ], [ 9.05750352074498, 45.798091667949791 ], [ 9.057856630056252, 45.798611252522925 ], [ 9.058241667572243, 45.799107639897493 ], [ 9.058657113725786, 45.799578871059289 ], [ 9.059101328940715, 45.800023086274216 ], [ 9.059572560102513, 45.800438532427762 ], [ 9.060068947477076, 45.800823569943752 ], [ 9.060588532050211, 45.801176679255022 ], [ 9.061129263258984, 45.801496466800444 ], [ 9.06168900708435, 45.801781670524662 ], [ 9.062265554473154, 45.802031164858889 ], [ 9.062856630056251, 45.802243965162951 ], [ 9.063459901128352, 45.802419231611289 ], [ 9.064072986854143, 45.802556272507289 ], [ 9.064693467664357, 45.802654547013148 ], [ 9.065318894804708, 45.802713667284287 ], [ 9.06570677261552, 45.802725856835558 ], [ 9.065439332050211, 45.802884020744983 ], [ 9.064919747477076, 45.803237130056253 ], [ 9.064423360102513, 45.803622167572243 ], [ 9.063952128940715, 45.804037613725789 ], [ 9.063507913725786, 45.804481828940716 ], [ 9.063092467572243, 45.804953060102513 ], [ 9.062707430056252, 45.805449447477081 ], [ 9.06235432074498, 45.805969032050214 ], [ 9.062034533199562, 45.806509763258987 ], [ 9.06174932947534, 45.80706950708435 ], [ 9.061499835141118, 45.807646054473153 ], [ 9.061287034837049, 45.808237130056256 ], [ 9.061151039443402, 45.80870522927151 ], [ 9.060963430056249, 45.808759734837054 ], [ 9.060372354473152, 45.808972535141116 ], [ 9.060088214911122, 45.8090954933094 ], [ 9.05986047052466, 45.808569207084346 ], [ 9.059575266800438, 45.808009463258983 ], [ 9.05925547925502, 45.807468732050211 ], [ 9.058915271653778, 45.80696813176688 ], [ 9.058919247013145, 45.806943032335646 ], [ 9.058978367284283, 45.806317605195296 ], [ 9.0589981, 45.8056897 ], [ 9.058978367284283, 45.805061794804708 ], [ 9.058919247013145, 45.804436367664358 ], [ 9.058820972507288, 45.803815886854146 ], [ 9.058683931611286, 45.80320280112835 ], [ 9.058508665162952, 45.802599530056256 ], [ 9.058295864858882, 45.802008454473153 ], [ 9.058046370524661, 45.80143190708435 ], [ 9.057761166800439, 45.800872163258987 ], [ 9.057441379255021, 45.800331432050214 ], [ 9.057088269943749, 45.799811847477081 ], [ 9.056703232427758, 45.799315460102513 ], [ 9.056287786274215, 45.798844228940716 ], [ 9.055843571059286, 45.798400013725789 ], [ 9.055372339897488, 45.797984567572243 ], [ 9.054875952522925, 45.797599530056253 ], [ 9.05435636794979, 45.797246420744983 ], [ 9.053815636741017, 45.796926633199561 ], [ 9.053255892915651, 45.796641429475343 ], [ 9.052679345526847, 45.796391935141116 ], [ 9.05208826994375, 45.796179134837054 ], [ 9.051484998871649, 45.796003868388716 ], [ 9.050871913145858, 45.795866827492716 ], [ 9.050251432335644, 45.795768552986857 ], [ 9.049626005195293, 45.795709432715718 ], [ 9.0489981, 45.7956897 ], [ 9.048370194804708, 45.795709432715718 ], [ 9.047744767664357, 45.795768552986857 ], [ 9.047124286854142, 45.795866827492716 ], [ 9.046511201128352, 45.796003868388716 ], [ 9.04590793005625, 45.796179134837054 ], [ 9.045316854473153, 45.796391935141116 ], [ 9.04474030708435, 45.796641429475343 ], [ 9.044180563258983, 45.796926633199561 ], [ 9.043639832050211, 45.797246420744983 ], [ 9.043120247477075, 45.797599530056253 ], [ 9.042623860102513, 45.797984567572243 ], [ 9.042152628940714, 45.798400013725789 ], [ 9.041708413725786, 45.798844228940716 ], [ 9.041292967572243, 45.799315460102513 ], [ 9.040907930056251, 45.799811847477081 ], [ 9.04055482074498, 45.800331432050214 ], [ 9.040235033199561, 45.800872163258987 ], [ 9.03994982947534, 45.80143190708435 ], [ 9.039700335141118, 45.802008454473153 ], [ 9.039487534837049, 45.802599530056256 ], [ 9.039312268388715, 45.80320280112835 ], [ 9.039175227492713, 45.803815886854146 ], [ 9.039076952986855, 45.804436367664358 ], [ 9.039017832715718, 45.805061794804708 ], [ 9.0389981, 45.8056897 ], [ 9.039017832715718, 45.806317605195296 ], [ 9.039076952986855, 45.806943032335646 ], [ 9.039175227492713, 45.807563513145858 ], [ 9.039312268388715, 45.808176598871654 ], [ 9.039487534837049, 45.808779869943749 ], [ 9.039700335141118, 45.809370945526851 ], [ 9.03994982947534, 45.809947492915654 ], [ 9.040235033199561, 45.810507236741017 ], [ 9.04055482074498, 45.81104796794979 ], [ 9.040895028346222, 45.811548568233121 ], [ 9.040891052986854, 45.811573667664355 ], [ 9.040831932715717, 45.812199094804704 ], [ 9.0408122, 45.812827 ], [ 9.040831932715717, 45.813454905195293 ], [ 9.040891052986854, 45.814080332335642 ], [ 9.040989327492712, 45.814700813145855 ], [ 9.041126368388714, 45.815313898871651 ], [ 9.041301634837048, 45.815917169943745 ], [ 9.041514435141117, 45.816508245526848 ], [ 9.041763929475339, 45.817084792915651 ], [ 9.04204913319956, 45.817644536741014 ], [ 9.042368920744979, 45.818185267949787 ], [ 9.04272203005625, 45.81870485252292 ], [ 9.043107067572242, 45.819201239897488 ], [ 9.043522513725785, 45.819672471059285 ], [ 9.043966728940713, 45.820116686274211 ], [ 9.044437960102512, 45.820532132427758 ], [ 9.044934347477074, 45.820917169943748 ], [ 9.04545393205021, 45.821270279255017 ], [ 9.045994663258982, 45.821590066800439 ], [ 9.046554407084349, 45.821875270524657 ], [ 9.047130954473152, 45.822124764858884 ], [ 9.047722030056249, 45.822337565162947 ], [ 9.048325301128351, 45.822512831611284 ], [ 9.048938386854141, 45.822649872507284 ], [ 9.049558867664356, 45.822748147013144 ], [ 9.050184294804707, 45.822807267284283 ], [ 9.0508122, 45.822827 ], [ 9.051440105195292, 45.822807267284283 ], [ 9.052065532335643, 45.822748147013144 ], [ 9.052686013145857, 45.822649872507284 ], [ 9.053299098871648, 45.822512831611284 ], [ 9.053902369943749, 45.822337565162947 ], [ 9.054493445526846, 45.822124764858884 ], [ 9.054777585088877, 45.822001806690601 ], [ 9.054878831011292, 45.822235772212814 ], [ 9.054894327492713, 45.822333613145858 ], [ 9.055031368388715, 45.822946698871654 ], [ 9.055155175369393, 45.823372845294294 ], [ 9.0551543, 45.8234007 ], [ 9.055174032715717, 45.824028605195295 ], [ 9.055233152986855, 45.824654032335644 ], [ 9.055331427492712, 45.825274513145857 ], [ 9.055468468388714, 45.825887598871653 ], [ 9.055643734837048, 45.826490869943747 ], [ 9.055856535141118, 45.827081945526849 ], [ 9.056106029475339, 45.827658492915653 ], [ 9.056391233199561, 45.828218236741016 ], [ 9.056711020744979, 45.828758967949788 ], [ 9.057064130056251, 45.829278552522922 ], [ 9.057449167572242, 45.82977493989749 ], [ 9.057864613725785, 45.830246171059287 ], [ 9.058308828940714, 45.830690386274213 ], [ 9.058780060102512, 45.83110583242776 ], [ 9.059276447477075, 45.83149086994375 ], [ 9.05979603205021, 45.831843979255019 ], [ 9.060336763258983, 45.832163766800441 ], [ 9.060896507084349, 45.832448970524659 ], [ 9.061473054473153, 45.832698464858886 ], [ 9.061565957628517, 45.832731912052907 ], [ 9.061532632050211, 45.832751620744979 ], [ 9.061013047477076, 45.833104730056249 ], [ 9.060516660102513, 45.833489767572239 ], [ 9.060045428940715, 45.833905213725785 ], [ 9.059601213725786, 45.834349428940712 ], [ 9.059185767572243, 45.834820660102508 ], [ 9.058800730056252, 45.835317047477076 ], [ 9.05844762074498, 45.83583663205021 ], [ 9.058127833199562, 45.836377363258983 ], [ 9.05784262947534, 45.836937107084346 ], [ 9.057593135141119, 45.837513654473149 ], [ 9.057380334837049, 45.838104730056251 ], [ 9.057205068388715, 45.838708001128346 ], [ 9.057068027492713, 45.839321086854142 ], [ 9.056969752986856, 45.839941567664354 ], [ 9.056910632715718, 45.840566994804703 ], [ 9.0568909, 45.8411949 ], [ 9.056910632715718, 45.841822805195292 ], [ 9.056969752986856, 45.842448232335641 ], [ 9.057068027492713, 45.843068713145854 ], [ 9.057205068388715, 45.84368179887165 ], [ 9.057380334837049, 45.844285069943744 ], [ 9.057593135141119, 45.844876145526847 ], [ 9.05784262947534, 45.84545269291565 ], [ 9.058127833199562, 45.846012436741013 ], [ 9.05844762074498, 45.846553167949786 ], [ 9.058800730056252, 45.847072752522919 ], [ 9.059185767572243, 45.847569139897487 ], [ 9.059601213725786, 45.848040371059284 ], [ 9.060045428940715, 45.848484586274211 ], [ 9.060516660102513, 45.848900032427757 ], [ 9.061013047477076, 45.849285069943747 ], [ 9.061532632050211, 45.849638179255017 ], [ 9.062073363258984, 45.849957966800439 ], [ 9.06263310708435, 45.850243170524656 ], [ 9.063209654473154, 45.850492664858884 ], [ 9.063800730056251, 45.850705465162946 ], [ 9.064404001128352, 45.850880731611284 ], [ 9.065017086854143, 45.851017772507284 ], [ 9.065637567664357, 45.851116047013143 ], [ 9.066262994804708, 45.851175167284282 ], [ 9.0668909, 45.8511949 ], [ 9.067518805195293, 45.851175167284282 ], [ 9.068144232335644, 45.851116047013143 ], [ 9.068764713145859, 45.851017772507284 ], [ 9.069377798871649, 45.850880731611284 ], [ 9.069981069943751, 45.850705465162946 ], [ 9.070572145526848, 45.850492664858884 ], [ 9.070975446333152, 45.850318141015542 ], [ 9.070993832715718, 45.850903205195294 ], [ 9.071052952986856, 45.851528632335643 ], [ 9.071151227492713, 45.852149113145856 ], [ 9.071288268388715, 45.852762198871652 ], [ 9.071463534837049, 45.853365469943746 ], [ 9.071676335141118, 45.853956545526849 ], [ 9.07192582947534, 45.854533092915652 ], [ 9.072211033199562, 45.855092836741015 ], [ 9.07253082074498, 45.855633567949788 ], [ 9.072883930056252, 45.856153152522921 ], [ 9.073268967572243, 45.856649539897489 ], [ 9.073684413725786, 45.857120771059286 ], [ 9.074128628940715, 45.857564986274213 ], [ 9.074599860102513, 45.857980432427759 ], [ 9.075096247477076, 45.858365469943749 ], [ 9.075615832050211, 45.858718579255019 ], [ 9.076156563258984, 45.859038366800441 ], [ 9.07671630708435, 45.859323570524658 ], [ 9.077292854473153, 45.859573064858886 ], [ 9.077883930056251, 45.859785865162948 ], [ 9.078487201128352, 45.859961131611286 ], [ 9.079100286854143, 45.860098172507286 ], [ 9.079720767664357, 45.860196447013145 ], [ 9.080346194804708, 45.860255567284284 ], [ 9.0809741, 45.8602753 ], [ 9.081602005195293, 45.860255567284284 ], [ 9.082227432335644, 45.860196447013145 ], [ 9.082847913145859, 45.860098172507286 ], [ 9.083460998871649, 45.859961131611286 ], [ 9.084064269943751, 45.859785865162948 ], [ 9.084655345526848, 45.859573064858886 ], [ 9.085231892915651, 45.859323570524658 ], [ 9.085791636741018, 45.859038366800441 ], [ 9.08633236794979, 45.858718579255019 ], [ 9.086851952522926, 45.858365469943749 ], [ 9.087348339897488, 45.857980432427759 ], [ 9.087819571059287, 45.857564986274213 ], [ 9.088263786274215, 45.857120771059286 ], [ 9.088679232427758, 45.856649539897489 ], [ 9.08906426994375, 45.856153152522921 ], [ 9.089417379255021, 45.855633567949788 ], [ 9.08973716680044, 45.855092836741015 ], [ 9.090022370524661, 45.854533092915652 ], [ 9.090271864858883, 45.853956545526849 ], [ 9.090484665162952, 45.853365469943746 ], [ 9.090659931611286, 45.852762198871652 ], [ 9.090796972507288, 45.852149113145856 ], [ 9.090895247013146, 45.851528632335643 ], [ 9.090954367284283, 45.850903205195294 ], [ 9.0909741, 45.8502753 ], [ 9.090954367284283, 45.849647394804705 ], [ 9.090895247013146, 45.849021967664356 ], [ 9.090796972507288, 45.848401486854144 ], [ 9.090659931611286, 45.847788401128348 ], [ 9.090484665162952, 45.847185130056253 ], [ 9.090271864858883, 45.846594054473151 ], [ 9.090022370524661, 45.846017507084348 ], [ 9.08973716680044, 45.845457763258985 ], [ 9.089417379255021, 45.844917032050212 ], [ 9.08906426994375, 45.844397447477078 ], [ 9.088679232427758, 45.84390106010251 ], [ 9.088263786274215, 45.843429828940714 ], [ 9.087819571059287, 45.842985613725787 ], [ 9.087348339897488, 45.842570167572241 ], [ 9.086851952522926, 45.842185130056251 ], [ 9.08633236794979, 45.841832020744981 ], [ 9.085791636741018, 45.841512233199559 ], [ 9.085231892915651, 45.841227029475341 ], [ 9.084655345526848, 45.840977535141114 ], [ 9.084064269943751, 45.840764734837052 ], [ 9.083460998871649, 45.840589468388714 ], [ 9.082847913145859, 45.840452427492714 ], [ 9.082616402917342, 45.840415759874737 ], [ 9.082742131611285, 45.839982998871655 ], [ 9.082879172507287, 45.839369913145859 ], [ 9.082977447013144, 45.838749432335646 ], [ 9.083036567284282, 45.838124005195297 ], [ 9.0830563, 45.8374961 ], [ 9.083036567284282, 45.836868194804708 ], [ 9.082977447013144, 45.836242767664359 ], [ 9.082879172507287, 45.835622286854147 ], [ 9.082742131611285, 45.835009201128351 ], [ 9.082566865162951, 45.834405930056256 ], [ 9.082354064858881, 45.833814854473154 ], [ 9.08210457052466, 45.833238307084351 ], [ 9.081819366800438, 45.832678563258987 ], [ 9.08149957925502, 45.832137832050215 ], [ 9.081146469943748, 45.831618247477081 ], [ 9.080761432427757, 45.831121860102513 ], [ 9.080345986274214, 45.830650628940717 ], [ 9.079901771059285, 45.83020641372579 ], [ 9.079430539897487, 45.829790967572244 ], [ 9.078934152522924, 45.829405930056254 ], [ 9.078414567949789, 45.829052820744984 ], [ 9.077873836741016, 45.828733033199562 ], [ 9.07731409291565, 45.828447829475344 ], [ 9.076737545526846, 45.828198335141117 ], [ 9.076146469943749, 45.827985534837055 ], [ 9.075543198871648, 45.827810268388717 ], [ 9.074930113145857, 45.827673227492717 ], [ 9.074534305698686, 45.827610537751717 ], [ 9.07455797052466, 45.827564092915651 ], [ 9.074807464858882, 45.826987545526848 ], [ 9.075020265162951, 45.826396469943745 ], [ 9.075195531611286, 45.825793198871651 ], [ 9.075332572507287, 45.825180113145855 ], [ 9.075430847013145, 45.824559632335642 ], [ 9.075489967284282, 45.823934205195293 ], [ 9.0755097, 45.8233063 ], [ 9.075493373048126, 45.822786767967401 ], [ 9.075783067572242, 45.82316023989749 ], [ 9.076198513725785, 45.823631471059286 ], [ 9.076642728940714, 45.824075686274213 ], [ 9.077113960102512, 45.82449113242776 ], [ 9.077610347477075, 45.824876169943749 ], [ 9.07812993205021, 45.825229279255019 ], [ 9.078670663258983, 45.825549066800441 ], [ 9.079230407084349, 45.825834270524659 ], [ 9.079806954473153, 45.826083764858886 ], [ 9.08039803005625, 45.826296565162949 ], [ 9.081001301128351, 45.826471831611286 ], [ 9.081614386854142, 45.826608872507286 ], [ 9.082234867664356, 45.826707147013146 ], [ 9.082860294804707, 45.826766267284285 ], [ 9.0834882, 45.826786 ], [ 9.084116105195292, 45.826766267284285 ], [ 9.084741532335643, 45.826707147013146 ], [ 9.085362013145858, 45.826608872507286 ], [ 9.085975098871648, 45.826471831611286 ], [ 9.08657836994375, 45.826296565162949 ], [ 9.087169445526847, 45.826083764858886 ], [ 9.08774599291565, 45.825834270524659 ], [ 9.088305736741017, 45.825549066800441 ], [ 9.088846467949789, 45.825229279255019 ], [ 9.089366052522925, 45.824876169943749 ], [ 9.089862439897487, 45.82449113242776 ], [ 9.089975022970416, 45.824391877097483 ], [ 9.089990532715717, 45.824885405195296 ], [ 9.090049652986854, 45.825510832335645 ], [ 9.090147927492712, 45.826131313145858 ], [ 9.090284968388714, 45.826744398871654 ], [ 9.090460234837048, 45.827347669943748 ], [ 9.090673035141117, 45.827938745526851 ], [ 9.090781011526333, 45.828188264230924 ], [ 9.09047913005625, 45.82857744747708 ], [ 9.090126020744979, 45.829097032050214 ], [ 9.08980623319956, 45.829637763258987 ], [ 9.089521029475339, 45.83019750708435 ], [ 9.089271535141117, 45.830774054473153 ], [ 9.089058734837048, 45.831365130056255 ], [ 9.088883468388714, 45.83196840112835 ], [ 9.088746427492712, 45.832581486854146 ], [ 9.088648152986854, 45.833201967664358 ], [ 9.088589032715717, 45.833827394804707 ], [ 9.0885693, 45.8344553 ], [ 9.088589032715717, 45.835083205195296 ], [ 9.088648152986854, 45.835708632335646 ], [ 9.088746427492712, 45.836329113145858 ], [ 9.088883468388714, 45.836942198871654 ], [ 9.089058734837048, 45.837545469943748 ], [ 9.089271535141117, 45.838136545526851 ], [ 9.089521029475339, 45.838713092915654 ], [ 9.08980623319956, 45.839272836741017 ], [ 9.090126020744979, 45.83981356794979 ], [ 9.09047913005625, 45.840333152522923 ], [ 9.090864167572242, 45.840829539897491 ], [ 9.091279613725785, 45.841300771059288 ], [ 9.091723828940713, 45.841744986274215 ], [ 9.092195060102512, 45.842160432427761 ], [ 9.092691447477074, 45.842545469943751 ], [ 9.09321103205021, 45.842898579255021 ], [ 9.093751763258982, 45.843218366800443 ], [ 9.094311507084349, 45.843503570524661 ], [ 9.094888054473152, 45.843753064858888 ], [ 9.095479130056249, 45.84396586516295 ], [ 9.096082401128351, 45.844141131611288 ], [ 9.096695486854141, 45.844278172507288 ], [ 9.097315967664356, 45.844376447013147 ], [ 9.097941394804707, 45.844435567284286 ], [ 9.0985693, 45.8444553 ], [ 9.099197205195292, 45.844435567284286 ], [ 9.099822632335643, 45.844376447013147 ], [ 9.100443113145857, 45.844278172507288 ], [ 9.101056198871648, 45.844141131611288 ], [ 9.101659469943749, 45.84396586516295 ], [ 9.102250545526847, 45.843753064858888 ], [ 9.10282709291565, 45.843503570524661 ], [ 9.103386836741016, 45.843218366800443 ], [ 9.103927567949789, 45.842898579255021 ], [ 9.104447152522924, 45.842545469943751 ], [ 9.104943539897487, 45.842160432427761 ], [ 9.105414771059285, 45.841744986274215 ], [ 9.105858986274214, 45.841300771059288 ], [ 9.106274432427757, 45.840829539897491 ], [ 9.106659469943748, 45.840333152522923 ], [ 9.10701257925502, 45.83981356794979 ], [ 9.107332366800438, 45.839272836741017 ], [ 9.10761757052466, 45.838713092915654 ], [ 9.107867064858882, 45.838136545526851 ], [ 9.108079865162951, 45.837545469943748 ], [ 9.108255131611285, 45.836942198871654 ], [ 9.108392172507287, 45.836329113145858 ], [ 9.108490447013144, 45.835708632335646 ], [ 9.108549567284282, 45.835083205195296 ], [ 9.1085693, 45.8344553 ], [ 9.108549567284282, 45.833827394804707 ], [ 9.108490447013144, 45.833201967664358 ], [ 9.108392172507287, 45.832581486854146 ], [ 9.108255131611285, 45.83196840112835 ], [ 9.108079865162951, 45.831365130056255 ], [ 9.107867064858882, 45.830774054473153 ], [ 9.107759088473665, 45.830524535769079 ], [ 9.108060969943748, 45.830135352522923 ], [ 9.10841407925502, 45.82961576794979 ], [ 9.108733866800439, 45.829075036741017 ], [ 9.10901907052466, 45.828515292915654 ], [ 9.109268564858882, 45.827938745526851 ], [ 9.109481365162951, 45.827347669943748 ], [ 9.109656631611285, 45.826744398871654 ], [ 9.109793672507287, 45.826131313145858 ], [ 9.109891947013145, 45.825510832335645 ], [ 9.109951067284282, 45.824885405195296 ], [ 9.1099708, 45.8242575 ], [ 9.109951067284282, 45.823629594804707 ], [ 9.109891947013145, 45.823004167664358 ], [ 9.109793672507287, 45.822383686854145 ], [ 9.109666585595072, 45.821815132691938 ], [ 9.110223501128351, 45.821976931611289 ], [ 9.110836586854141, 45.822113972507289 ], [ 9.111457067664356, 45.822212247013148 ], [ 9.112082494804707, 45.822271367284287 ], [ 9.1127104, 45.8222911 ], [ 9.113338305195292, 45.822271367284287 ], [ 9.113963732335643, 45.822212247013148 ], [ 9.114584213145857, 45.822113972507289 ], [ 9.115197298871648, 45.821976931611289 ], [ 9.115800569943749, 45.821801665162951 ], [ 9.116391645526846, 45.821588864858889 ], [ 9.11696819291565, 45.821339370524662 ], [ 9.117527936741016, 45.821054166800444 ], [ 9.118068667949789, 45.820734379255022 ], [ 9.118588252522924, 45.820381269943752 ], [ 9.119084639897487, 45.819996232427762 ], [ 9.119555871059285, 45.819580786274216 ], [ 9.120000086274214, 45.819136571059289 ], [ 9.120415532427756, 45.818665339897493 ], [ 9.120800569943748, 45.818168952522925 ], [ 9.12115367925502, 45.817649367949791 ], [ 9.121473466800438, 45.817108636741018 ], [ 9.12175867052466, 45.816548892915655 ], [ 9.122008164858881, 45.815972345526852 ], [ 9.122220965162951, 45.815381269943749 ], [ 9.122396231611285, 45.814777998871655 ], [ 9.122533272507287, 45.814164913145859 ], [ 9.122631547013144, 45.813544432335647 ], [ 9.122690667284282, 45.812919005195297 ], [ 9.1227104, 45.8122911 ], [ 9.122690667284282, 45.811663194804709 ], [ 9.122631547013144, 45.811037767664359 ], [ 9.122533272507287, 45.810417286854147 ], [ 9.122396231611285, 45.809804201128351 ], [ 9.122220965162951, 45.809200930056257 ], [ 9.122008164858881, 45.808609854473154 ], [ 9.12175867052466, 45.808033307084351 ], [ 9.121473466800438, 45.807473563258988 ], [ 9.12115367925502, 45.806932832050215 ], [ 9.120800569943748, 45.806413247477082 ], [ 9.120510207000827, 45.806038913826669 ], [ 9.12082783005625, 45.806153265162948 ], [ 9.121431101128351, 45.806328531611285 ], [ 9.122044186854142, 45.806465572507285 ], [ 9.122664667664356, 45.806563847013145 ], [ 9.123290094804707, 45.806622967284284 ], [ 9.123918, 45.8066427 ], [ 9.124545905195292, 45.806622967284284 ], [ 9.125171332335643, 45.806563847013145 ], [ 9.125791813145858, 45.806465572507285 ], [ 9.126404898871648, 45.806328531611285 ], [ 9.12700816994375, 45.806153265162948 ], [ 9.127599245526847, 45.805940464858885 ], [ 9.12817579291565, 45.805690970524658 ], [ 9.128735536741017, 45.80540576680044 ], [ 9.129276267949789, 45.805085979255018 ], [ 9.129795852522925, 45.804732869943749 ], [ 9.130292239897488, 45.804347832427759 ], [ 9.130763471059286, 45.803932386274212 ], [ 9.131207686274214, 45.803488171059286 ], [ 9.131623132427757, 45.803016939897489 ], [ 9.132008169943749, 45.802520552522921 ], [ 9.13236127925502, 45.802000967949787 ], [ 9.132681066800439, 45.801460236741015 ], [ 9.13296627052466, 45.800900492915652 ], [ 9.133215764858882, 45.800323945526848 ], [ 9.133428565162951, 45.799732869943746 ], [ 9.133603831611286, 45.799129598871652 ], [ 9.133740872507287, 45.798516513145856 ], [ 9.133839147013145, 45.797896032335643 ], [ 9.133898267284282, 45.797270605195294 ], [ 9.133918, 45.7966427 ], [ 9.133898267284282, 45.796014794804705 ], [ 9.133839147013145, 45.795389367664356 ], [ 9.133780983146169, 45.795022135461132 ], [ 9.134315536741017, 45.794749766800443 ], [ 9.13485626794979, 45.794429979255021 ], [ 9.135375852522925, 45.794076869943751 ], [ 9.135872239897488, 45.793691832427761 ], [ 9.136343471059286, 45.793276386274215 ], [ 9.136787686274214, 45.792832171059288 ], [ 9.137203132427757, 45.792360939897492 ], [ 9.137588169943749, 45.791864552522924 ], [ 9.137941279255021, 45.79134496794979 ], [ 9.138261066800439, 45.790804236741018 ], [ 9.13854627052466, 45.790244492915654 ], [ 9.138795764858882, 45.789667945526851 ], [ 9.139008565162952, 45.789076869943749 ], [ 9.139183831611286, 45.788473598871654 ], [ 9.139320872507287, 45.787860513145858 ], [ 9.139419147013145, 45.787240032335646 ], [ 9.139478267284282, 45.786614605195297 ], [ 9.139498, 45.7859867 ], [ 9.139478267284282, 45.785358794804708 ], [ 9.139419147013145, 45.784733367664359 ], [ 9.139320872507287, 45.784112886854146 ], [ 9.139183831611286, 45.78349980112835 ], [ 9.139008565162952, 45.782896530056256 ], [ 9.138795764858882, 45.782305454473153 ], [ 9.13854627052466, 45.78172890708435 ], [ 9.138261066800439, 45.781169163258987 ], [ 9.137941279255021, 45.780628432050214 ], [ 9.137588169943749, 45.780108847477081 ], [ 9.137203132427757, 45.779612460102513 ], [ 9.136787686274214, 45.779141228940716 ], [ 9.136343471059286, 45.77869701372579 ], [ 9.135872239897488, 45.778281567572243 ], [ 9.135375852522925, 45.777896530056253 ], [ 9.13485626794979, 45.777543420744983 ], [ 9.134315536741017, 45.777223633199561 ], [ 9.13375579291565, 45.776938429475344 ], [ 9.133179245526847, 45.776688935141117 ], [ 9.13258816994375, 45.776476134837054 ], [ 9.131984898871648, 45.776300868388716 ], [ 9.131371813145858, 45.776163827492717 ], [ 9.130751332335644, 45.776065552986857 ], [ 9.130125905195293, 45.776006432715718 ], [ 9.129498, 45.7759867 ], [ 9.128870094804707, 45.776006432715718 ], [ 9.128244667664356, 45.776065552986857 ], [ 9.127624186854142, 45.776163827492717 ], [ 9.127011101128351, 45.776300868388716 ], [ 9.12640783005625, 45.776476134837054 ], [ 9.125816754473153, 45.776688935141117 ], [ 9.125240207084349, 45.776938429475344 ], [ 9.124680463258983, 45.777223633199561 ], [ 9.12413973205021, 45.777543420744983 ], [ 9.123620147477075, 45.777896530056253 ], [ 9.123123760102512, 45.778281567572243 ], [ 9.122652528940714, 45.77869701372579 ], [ 9.122208313725785, 45.779141228940716 ], [ 9.121792867572243, 45.779612460102513 ], [ 9.121407830056251, 45.780108847477081 ], [ 9.121054720744979, 45.780628432050214 ], [ 9.120734933199561, 45.781169163258987 ], [ 9.120449729475339, 45.78172890708435 ], [ 9.120200235141118, 45.782305454473153 ], [ 9.119987434837048, 45.782896530056256 ], [ 9.119812168388714, 45.78349980112835 ], [ 9.119675127492712, 45.784112886854146 ], [ 9.119576852986855, 45.784733367664359 ], [ 9.119517732715718, 45.785358794804708 ], [ 9.119498, 45.7859867 ], [ 9.119517732715718, 45.786614605195297 ], [ 9.119576852986855, 45.787240032335646 ], [ 9.119635016853831, 45.78760726453887 ], [ 9.119100463258983, 45.787879633199559 ], [ 9.11855973205021, 45.788199420744981 ], [ 9.118040147477075, 45.788552530056251 ], [ 9.117543760102512, 45.788937567572241 ], [ 9.117072528940714, 45.789353013725787 ], [ 9.116628313725785, 45.789797228940714 ], [ 9.116212867572242, 45.79026846010251 ], [ 9.115827830056251, 45.790764847477078 ], [ 9.115474720744979, 45.791284432050212 ], [ 9.115154933199561, 45.791825163258984 ], [ 9.114869729475339, 45.792384907084347 ], [ 9.114620235141118, 45.792961454473151 ], [ 9.114407434837048, 45.793552530056253 ], [ 9.114232168388714, 45.794155801128348 ], [ 9.114095127492712, 45.794768886854143 ], [ 9.113996852986855, 45.795389367664356 ], [ 9.113937732715717, 45.796014794804705 ], [ 9.113918, 45.7966427 ], [ 9.113937732715717, 45.797270605195294 ], [ 9.113996852986855, 45.797896032335643 ], [ 9.114095127492712, 45.798516513145856 ], [ 9.114232168388714, 45.799129598871652 ], [ 9.114407434837048, 45.799732869943746 ], [ 9.114620235141118, 45.800323945526848 ], [ 9.114869729475339, 45.800900492915652 ], [ 9.115154933199561, 45.801460236741015 ], [ 9.115474720744979, 45.802000967949787 ], [ 9.115827830056251, 45.802520552522921 ], [ 9.116118192999172, 45.802894886173334 ], [ 9.115800569943749, 45.802780534837055 ], [ 9.115197298871648, 45.802605268388717 ], [ 9.114584213145857, 45.802468227492717 ], [ 9.113963732335643, 45.802369952986858 ], [ 9.113338305195292, 45.802310832715719 ], [ 9.1127104, 45.8022911 ], [ 9.112082494804707, 45.802310832715719 ], [ 9.111457067664356, 45.802369952986858 ], [ 9.110836586854141, 45.802468227492717 ], [ 9.110223501128351, 45.802605268388717 ], [ 9.109620230056249, 45.802780534837055 ], [ 9.109029154473152, 45.802993335141117 ], [ 9.10872589293658, 45.803124568126705 ], [ 9.108625666800439, 45.802927863258986 ], [ 9.10830587925502, 45.802387132050214 ], [ 9.107952769943749, 45.80186754747708 ], [ 9.107567732427757, 45.801371160102512 ], [ 9.107152286274214, 45.800899928940716 ], [ 9.106708071059286, 45.800455713725789 ], [ 9.106460176028403, 45.800237164857606 ], [ 9.106469067284282, 45.800143105195296 ], [ 9.1064888, 45.7995152 ], [ 9.106469067284282, 45.798887294804707 ], [ 9.106409947013145, 45.798261867664358 ], [ 9.106311672507287, 45.797641386854146 ], [ 9.106174631611285, 45.79702830112835 ], [ 9.105999365162951, 45.796425030056255 ], [ 9.105786564858882, 45.795833954473153 ], [ 9.10553707052466, 45.79525740708435 ], [ 9.105251866800439, 45.794697663258987 ], [ 9.10493207925502, 45.794156932050214 ], [ 9.104578969943748, 45.79363734747708 ], [ 9.104193932427757, 45.793140960102512 ], [ 9.103778486274214, 45.792669728940716 ], [ 9.103334271059285, 45.792225513725789 ], [ 9.102863039897487, 45.791810067572243 ], [ 9.102366652522925, 45.791425030056253 ], [ 9.101847067949789, 45.791071920744983 ], [ 9.101306336741017, 45.790752133199561 ], [ 9.10074659291565, 45.790466929475343 ], [ 9.100170045526847, 45.790217435141116 ], [ 9.099578969943749, 45.790004634837054 ], [ 9.098975698871648, 45.789829368388716 ], [ 9.098362613145857, 45.789692327492716 ], [ 9.097742132335643, 45.789594052986857 ], [ 9.097116705195292, 45.789534932715718 ], [ 9.0964888, 45.7895152 ], [ 9.095860894804707, 45.789534932715718 ], [ 9.095410880009252, 45.789577471638331 ], [ 9.095071839897487, 45.789278567572239 ], [ 9.094575452522925, 45.788893530056249 ], [ 9.094055867949789, 45.78854042074498 ], [ 9.093515136741017, 45.788220633199558 ], [ 9.09295539291565, 45.78793542947534 ], [ 9.092378845526847, 45.787685935141113 ], [ 9.09178776994375, 45.78747313483705 ], [ 9.091184498871648, 45.787297868388713 ], [ 9.090571413145858, 45.787160827492713 ], [ 9.089950932335643, 45.787062552986853 ], [ 9.089325505195292, 45.787003432715714 ], [ 9.088777636338564, 45.786986215243267 ], [ 9.088771567284283, 45.786793094804707 ], [ 9.088712447013146, 45.786167667664358 ], [ 9.088614172507288, 45.785547186854146 ], [ 9.088477131611286, 45.78493410112835 ], [ 9.088301865162952, 45.784330830056255 ], [ 9.088089064858883, 45.783739754473153 ], [ 9.087839570524661, 45.78316320708435 ], [ 9.08755436680044, 45.782603463258987 ], [ 9.087234579255021, 45.782062732050214 ], [ 9.08688146994375, 45.78154314747708 ], [ 9.086496432427758, 45.781046760102512 ], [ 9.086080986274215, 45.780575528940716 ], [ 9.085636771059287, 45.780131313725789 ], [ 9.085165539897488, 45.779715867572243 ], [ 9.084669152522926, 45.779330830056253 ], [ 9.08414956794979, 45.778977720744983 ], [ 9.083608836741018, 45.778657933199561 ], [ 9.083049092915651, 45.778372729475343 ], [ 9.082472545526848, 45.778123235141116 ], [ 9.081881469943751, 45.777910434837054 ], [ 9.081278198871649, 45.777735168388716 ], [ 9.080665113145859, 45.777598127492716 ], [ 9.080044632335644, 45.777499852986857 ], [ 9.079419205195293, 45.777440732715718 ], [ 9.0787913, 45.777421 ], [ 9.078163394804708, 45.777440732715718 ], [ 9.077537967664357, 45.777499852986857 ], [ 9.076917486854143, 45.777598127492716 ], [ 9.076304401128352, 45.777735168388716 ], [ 9.075701130056251, 45.777910434837054 ], [ 9.075110054473154, 45.778123235141116 ], [ 9.07453350708435, 45.778372729475343 ], [ 9.073973763258984, 45.778657933199561 ], [ 9.073433032050211, 45.778977720744983 ], [ 9.072913447477076, 45.779330830056253 ], [ 9.072417060102513, 45.779715867572243 ], [ 9.071945828940715, 45.780131313725789 ], [ 9.071501613725786, 45.780575528940716 ], [ 9.071086167572243, 45.781046760102512 ], [ 9.070701130056252, 45.78154314747708 ], [ 9.07034802074498, 45.782062732050214 ], [ 9.070028233199562, 45.782603463258987 ], [ 9.069962270215475, 45.782732922904529 ], [ 9.069930836741017, 45.782714333199557 ], [ 9.069371092915651, 45.782429129475339 ], [ 9.068794545526847, 45.782179635141112 ], [ 9.06820346994375, 45.78196683483705 ], [ 9.067600198871649, 45.781791568388712 ], [ 9.066987113145858, 45.781654527492712 ], [ 9.066366632335644, 45.781556252986853 ], [ 9.065741205195293, 45.781497132715714 ], [ 9.0651133, 45.7814774 ], [ 9.064485394804707, 45.781497132715714 ], [ 9.063859967664357, 45.781556252986853 ], [ 9.063239486854142, 45.781654527492712 ], [ 9.062626401128352, 45.781791568388712 ], [ 9.06202313005625, 45.78196683483705 ], [ 9.061432054473153, 45.782179635141112 ], [ 9.06085550708435, 45.782429129475339 ], [ 9.060295763258983, 45.782714333199557 ], [ 9.05975503205021, 45.783034120744979 ], [ 9.059235447477075, 45.783387230056249 ], [ 9.058739060102512, 45.783772267572239 ], [ 9.058634531253659, 45.783864422148824 ], [ 9.058654667284282, 45.783651405195293 ], [ 9.0586744, 45.7830235 ], [ 9.058654667284282, 45.782395594804704 ], [ 9.058595547013145, 45.781770167664355 ], [ 9.058497272507287, 45.781149686854143 ], [ 9.058360231611285, 45.780536601128347 ], [ 9.058184965162951, 45.779933330056252 ], [ 9.057972164858882, 45.77934225447315 ], [ 9.05772267052466, 45.778765707084347 ], [ 9.057437466800438, 45.778205963258984 ], [ 9.05711767925502, 45.777665232050211 ], [ 9.056764569943748, 45.777145647477077 ], [ 9.056379532427757, 45.776649260102509 ], [ 9.055964086274214, 45.776178028940713 ], [ 9.055519871059285, 45.775733813725786 ], [ 9.055048639897487, 45.77531836757224 ], [ 9.054552252522925, 45.77493333005625 ], [ 9.054032667949789, 45.77458022074498 ], [ 9.053491936741016, 45.774260433199558 ], [ 9.05293219291565, 45.77397522947534 ], [ 9.052355645526847, 45.773725735141113 ], [ 9.051764569943749, 45.773512934837051 ], [ 9.051161298871648, 45.773337668388713 ], [ 9.050548213145857, 45.773200627492713 ], [ 9.049927732335643, 45.773102352986854 ], [ 9.049302305195292, 45.773043232715715 ], [ 9.0486744, 45.7730235 ], [ 9.048046494804707, 45.773043232715715 ], [ 9.047421067664356, 45.773102352986854 ], [ 9.046800586854141, 45.773200627492713 ], [ 9.046187501128351, 45.773337668388713 ], [ 9.045584230056249, 45.773512934837051 ], [ 9.045412315332289, 45.773574827946121 ], [ 9.045468747013144, 45.77321853233564 ], [ 9.045527867284282, 45.772593105195291 ], [ 9.0455476, 45.7719652 ], [ 9.045527867284282, 45.771337294804702 ], [ 9.045468747013144, 45.770711867664353 ], [ 9.045370472507287, 45.770091386854141 ], [ 9.045233431611285, 45.769478301128345 ], [ 9.045058165162951, 45.76887503005625 ], [ 9.044845364858881, 45.768283954473148 ], [ 9.04459587052466, 45.767707407084345 ] ], [ [ 9.074390079255021, 45.798091667949791 ], [ 9.07470986680044, 45.797550936741018 ], [ 9.074995070524661, 45.796991192915655 ], [ 9.075112568930866, 45.796719670119366 ], [ 9.075701130056251, 45.79693156516295 ], [ 9.076304401128352, 45.797106831611288 ], [ 9.076470893253262, 45.797144047010399 ], [ 9.076332434837049, 45.797528630056256 ], [ 9.076157168388715, 45.79813190112835 ], [ 9.07611583942991, 45.798316796261439 ], [ 9.075952394804707, 45.798321932715716 ], [ 9.075326967664356, 45.798381052986855 ], [ 9.074706486854142, 45.798479327492714 ], [ 9.074093401128351, 45.798616368388714 ], [ 9.074015430556273, 45.79863902093394 ], [ 9.07403696994375, 45.798611252522925 ], [ 9.074390079255021, 45.798091667949791 ] ] ], [ [ [ 9.009392770524661, 45.813930007084345 ], [ 9.00910756680044, 45.813370263258982 ], [ 9.008787779255021, 45.812829532050209 ], [ 9.00843466994375, 45.812309947477075 ], [ 9.008049632427758, 45.811813560102507 ], [ 9.007634186274215, 45.811342328940711 ], [ 9.007189971059287, 45.810898113725784 ], [ 9.006718739897488, 45.810482667572238 ], [ 9.006222352522926, 45.810097630056248 ], [ 9.00570276794979, 45.809744520744978 ], [ 9.005162036741018, 45.809424733199556 ], [ 9.004602292915651, 45.809139529475338 ], [ 9.004025745526848, 45.808890035141111 ], [ 9.003434669943751, 45.808677234837049 ], [ 9.002831398871649, 45.808501968388711 ], [ 9.002218313145859, 45.808364927492711 ], [ 9.001597832335644, 45.808266652986852 ], [ 9.000972405195293, 45.808207532715713 ], [ 9.0003445, 45.8081878 ], [ 8.999716594804708, 45.808207532715713 ], [ 8.999091167664357, 45.808266652986852 ], [ 8.998470686854143, 45.808364927492711 ], [ 8.997857601128352, 45.808501968388711 ], [ 8.997254330056251, 45.808677234837049 ], [ 8.996663254473154, 45.808890035141111 ], [ 8.99608670708435, 45.809139529475338 ], [ 8.995526963258984, 45.809424733199556 ], [ 8.994986232050211, 45.809744520744978 ], [ 8.994466647477076, 45.810097630056248 ], [ 8.993970260102513, 45.810482667572238 ], [ 8.993499028940715, 45.810898113725784 ], [ 8.993054813725786, 45.811342328940711 ], [ 8.992639367572243, 45.811813560102507 ], [ 8.992254330056252, 45.812309947477075 ], [ 8.99190122074498, 45.812829532050209 ], [ 8.991581433199562, 45.813370263258982 ], [ 8.99129622947534, 45.813930007084345 ], [ 8.991046735141119, 45.814506554473148 ], [ 8.990833934837049, 45.81509763005625 ], [ 8.990658668388715, 45.815700901128345 ], [ 8.990521627492713, 45.816313986854141 ], [ 8.990423352986856, 45.816934467664353 ], [ 8.990364232715718, 45.817559894804702 ], [ 8.9903445, 45.8181878 ], [ 8.990364232715718, 45.818815705195291 ], [ 8.990423352986856, 45.819441132335641 ], [ 8.990521627492713, 45.820061613145853 ], [ 8.990658668388715, 45.820674698871649 ], [ 8.990833934837049, 45.821277969943743 ], [ 8.991046735141119, 45.821869045526846 ], [ 8.99129622947534, 45.822445592915649 ], [ 8.991581433199562, 45.823005336741012 ], [ 8.99190122074498, 45.823546067949785 ], [ 8.992254330056252, 45.824065652522918 ], [ 8.992639367572243, 45.824562039897486 ], [ 8.993054813725786, 45.825033271059283 ], [ 8.993499028940715, 45.82547748627421 ], [ 8.993970260102513, 45.825892932427756 ], [ 8.994466647477076, 45.826277969943746 ], [ 8.994986232050211, 45.826631079255016 ], [ 8.995526963258984, 45.826950866800438 ], [ 8.99608670708435, 45.827236070524656 ], [ 8.996663254473154, 45.827485564858883 ], [ 8.997254330056251, 45.827698365162945 ], [ 8.997857601128352, 45.827873631611283 ], [ 8.998470686854143, 45.828010672507283 ], [ 8.999091167664357, 45.828108947013142 ], [ 8.999716594804708, 45.828168067284281 ], [ 9.0003445, 45.8281878 ], [ 9.000972405195293, 45.828168067284281 ], [ 9.001597832335644, 45.828108947013142 ], [ 9.002218313145859, 45.828010672507283 ], [ 9.002831398871649, 45.827873631611283 ], [ 9.003434669943751, 45.827698365162945 ], [ 9.004025745526848, 45.827485564858883 ], [ 9.004602292915651, 45.827236070524656 ], [ 9.005162036741018, 45.826950866800438 ], [ 9.00570276794979, 45.826631079255016 ], [ 9.006222352522926, 45.826277969943746 ], [ 9.006718739897488, 45.825892932427756 ], [ 9.007189971059287, 45.82547748627421 ], [ 9.007634186274215, 45.825033271059283 ], [ 9.008049632427758, 45.824562039897486 ], [ 9.00843466994375, 45.824065652522918 ], [ 9.008787779255021, 45.823546067949785 ], [ 9.00910756680044, 45.823005336741012 ], [ 9.009392770524661, 45.822445592915649 ], [ 9.009642264858883, 45.821869045526846 ], [ 9.009855065162952, 45.821277969943743 ], [ 9.010030331611286, 45.820674698871649 ], [ 9.010167372507288, 45.820061613145853 ], [ 9.010265647013146, 45.819441132335641 ], [ 9.010324767284283, 45.818815705195291 ], [ 9.0103445, 45.8181878 ], [ 9.010324767284283, 45.817559894804702 ], [ 9.010265647013146, 45.816934467664353 ], [ 9.010167372507288, 45.816313986854141 ], [ 9.010030331611286, 45.815700901128345 ], [ 9.009855065162952, 45.81509763005625 ], [ 9.009642264858883, 45.814506554473148 ], [ 9.009392770524661, 45.813930007084345 ] ] ], [ [ [ 9.04496467052466, 45.827612307084351 ], [ 9.044679466800439, 45.827052563258988 ], [ 9.04435967925502, 45.826511832050215 ], [ 9.044006569943749, 45.825992247477082 ], [ 9.043621532427757, 45.825495860102514 ], [ 9.043206086274214, 45.825024628940717 ], [ 9.042761871059286, 45.824580413725791 ], [ 9.042290639897487, 45.824164967572244 ], [ 9.041794252522925, 45.823779930056254 ], [ 9.041274667949789, 45.823426820744984 ], [ 9.040733936741017, 45.823107033199562 ], [ 9.04017419291565, 45.822821829475345 ], [ 9.039597645526847, 45.822572335141118 ], [ 9.03900656994375, 45.822359534837055 ], [ 9.038403298871648, 45.822184268388717 ], [ 9.037790213145858, 45.822047227492718 ], [ 9.037169732335643, 45.821948952986858 ], [ 9.036544305195292, 45.821889832715719 ], [ 9.0359164, 45.8218701 ], [ 9.035288494804707, 45.821889832715719 ], [ 9.034663067664356, 45.821948952986858 ], [ 9.034042586854142, 45.822047227492718 ], [ 9.033429501128351, 45.822184268388717 ], [ 9.03282623005625, 45.822359534837055 ], [ 9.032235154473153, 45.822572335141118 ], [ 9.031658607084349, 45.822821829475345 ], [ 9.031098863258983, 45.823107033199562 ], [ 9.03055813205021, 45.823426820744984 ], [ 9.030038547477075, 45.823779930056254 ], [ 9.029542160102512, 45.824164967572244 ], [ 9.029070928940714, 45.824580413725791 ], [ 9.028626713725785, 45.825024628940717 ], [ 9.028211267572242, 45.825495860102514 ], [ 9.027826230056251, 45.825992247477082 ], [ 9.027473120744979, 45.826511832050215 ], [ 9.027153333199561, 45.827052563258988 ], [ 9.026868129475339, 45.827612307084351 ], [ 9.026618635141118, 45.828188854473154 ], [ 9.026405834837048, 45.828779930056257 ], [ 9.026230568388714, 45.829383201128351 ], [ 9.026093527492712, 45.829996286854147 ], [ 9.025995252986855, 45.83061676766436 ], [ 9.025936132715717, 45.831242194804709 ], [ 9.0259164, 45.8318701 ], [ 9.025936132715717, 45.832498005195298 ], [ 9.025995252986855, 45.833123432335647 ], [ 9.026093527492712, 45.833743913145859 ], [ 9.026230568388714, 45.834356998871655 ], [ 9.026405834837048, 45.83496026994375 ], [ 9.026618635141118, 45.835551345526852 ], [ 9.026868129475339, 45.836127892915655 ], [ 9.027153333199561, 45.836687636741019 ], [ 9.027473120744979, 45.837228367949791 ], [ 9.027826230056251, 45.837747952522925 ], [ 9.028211267572242, 45.838244339897493 ], [ 9.028626713725785, 45.838715571059289 ], [ 9.029070928940714, 45.839159786274216 ], [ 9.029542160102512, 45.839575232427762 ], [ 9.030038547477075, 45.839960269943752 ], [ 9.03055813205021, 45.840313379255022 ], [ 9.031098863258983, 45.840633166800444 ], [ 9.031658607084349, 45.840918370524662 ], [ 9.032235154473153, 45.841167864858889 ], [ 9.03282623005625, 45.841380665162951 ], [ 9.033429501128351, 45.841555931611289 ], [ 9.034042586854142, 45.841692972507289 ], [ 9.034663067664356, 45.841791247013148 ], [ 9.035288494804707, 45.841850367284287 ], [ 9.0359164, 45.8418701 ], [ 9.036544305195292, 45.841850367284287 ], [ 9.037169732335643, 45.841791247013148 ], [ 9.037790213145858, 45.841692972507289 ], [ 9.038403298871648, 45.841555931611289 ], [ 9.03900656994375, 45.841380665162951 ], [ 9.039597645526847, 45.841167864858889 ], [ 9.04017419291565, 45.840918370524662 ], [ 9.040733936741017, 45.840633166800444 ], [ 9.041274667949789, 45.840313379255022 ], [ 9.041794252522925, 45.839960269943752 ], [ 9.042290639897487, 45.839575232427762 ], [ 9.042761871059286, 45.839159786274216 ], [ 9.043206086274214, 45.838715571059289 ], [ 9.043621532427757, 45.838244339897493 ], [ 9.044006569943749, 45.837747952522925 ], [ 9.04435967925502, 45.837228367949791 ], [ 9.044679466800439, 45.836687636741019 ], [ 9.04496467052466, 45.836127892915655 ], [ 9.045214164858882, 45.835551345526852 ], [ 9.045426965162951, 45.83496026994375 ], [ 9.045602231611285, 45.834356998871655 ], [ 9.045739272507287, 45.833743913145859 ], [ 9.045837547013145, 45.833123432335647 ], [ 9.045896667284282, 45.832498005195298 ], [ 9.0459164, 45.8318701 ], [ 9.045896667284282, 45.831242194804709 ], [ 9.045837547013145, 45.83061676766436 ], [ 9.045739272507287, 45.829996286854147 ], [ 9.045602231611285, 45.829383201128351 ], [ 9.045426965162951, 45.828779930056257 ], [ 9.045214164858882, 45.828188854473154 ], [ 9.04496467052466, 45.827612307084351 ] ] ], [ [ [ 9.075632270524661, 45.869307507084351 ], [ 9.07534706680044, 45.868747763258988 ], [ 9.075027279255021, 45.868207032050215 ], [ 9.07467416994375, 45.867687447477081 ], [ 9.074289132427758, 45.867191060102513 ], [ 9.073873686274215, 45.866719828940717 ], [ 9.073429471059287, 45.86627561372579 ], [ 9.072958239897488, 45.865860167572244 ], [ 9.072461852522926, 45.865475130056254 ], [ 9.07194226794979, 45.865122020744984 ], [ 9.071401536741018, 45.864802233199562 ], [ 9.070841792915651, 45.864517029475344 ], [ 9.070265245526848, 45.864267535141117 ], [ 9.069674169943751, 45.864054734837055 ], [ 9.069070898871649, 45.863879468388717 ], [ 9.068457813145859, 45.863742427492717 ], [ 9.067837332335644, 45.863644152986858 ], [ 9.067211905195293, 45.863585032715719 ], [ 9.066584, 45.8635653 ], [ 9.065956094804708, 45.863585032715719 ], [ 9.065330667664357, 45.863644152986858 ], [ 9.064710186854143, 45.863742427492717 ], [ 9.064097101128352, 45.863879468388717 ], [ 9.063493830056251, 45.864054734837055 ], [ 9.062902754473154, 45.864267535141117 ], [ 9.06232620708435, 45.864517029475344 ], [ 9.061766463258984, 45.864802233199562 ], [ 9.061225732050211, 45.865122020744984 ], [ 9.060706147477076, 45.865475130056254 ], [ 9.060209760102513, 45.865860167572244 ], [ 9.059738528940715, 45.86627561372579 ], [ 9.059294313725786, 45.866719828940717 ], [ 9.058878867572243, 45.867191060102513 ], [ 9.058493830056252, 45.867687447477081 ], [ 9.05814072074498, 45.868207032050215 ], [ 9.057820933199562, 45.868747763258988 ], [ 9.05753572947534, 45.869307507084351 ], [ 9.057286235141119, 45.869884054473154 ], [ 9.057073434837049, 45.870475130056256 ], [ 9.056898168388715, 45.871078401128351 ], [ 9.056761127492713, 45.871691486854147 ], [ 9.056662852986856, 45.872311967664359 ], [ 9.056603732715718, 45.872937394804708 ], [ 9.056584, 45.8735653 ], [ 9.056603732715718, 45.874193205195297 ], [ 9.056662852986856, 45.874818632335646 ], [ 9.056761127492713, 45.875439113145859 ], [ 9.056898168388715, 45.876052198871655 ], [ 9.057073434837049, 45.876655469943749 ], [ 9.057286235141119, 45.877246545526852 ], [ 9.05753572947534, 45.877823092915655 ], [ 9.057820933199562, 45.878382836741018 ], [ 9.05814072074498, 45.878923567949791 ], [ 9.058493830056252, 45.879443152522924 ], [ 9.058878867572243, 45.879939539897492 ], [ 9.059294313725786, 45.880410771059289 ], [ 9.059738528940715, 45.880854986274215 ], [ 9.060209760102513, 45.881270432427762 ], [ 9.060706147477076, 45.881655469943752 ], [ 9.061225732050211, 45.882008579255022 ], [ 9.061766463258984, 45.882328366800444 ], [ 9.06232620708435, 45.882613570524661 ], [ 9.062902754473154, 45.882863064858888 ], [ 9.063493830056251, 45.883075865162951 ], [ 9.064097101128352, 45.883251131611289 ], [ 9.064710186854143, 45.883388172507289 ], [ 9.065330667664357, 45.883486447013148 ], [ 9.065956094804708, 45.883545567284287 ], [ 9.066584, 45.8835653 ], [ 9.067211905195293, 45.883545567284287 ], [ 9.067837332335644, 45.883486447013148 ], [ 9.068457813145859, 45.883388172507289 ], [ 9.069070898871649, 45.883251131611289 ], [ 9.069674169943751, 45.883075865162951 ], [ 9.070265245526848, 45.882863064858888 ], [ 9.070841792915651, 45.882613570524661 ], [ 9.071401536741018, 45.882328366800444 ], [ 9.07194226794979, 45.882008579255022 ], [ 9.072461852522926, 45.881655469943752 ], [ 9.072958239897488, 45.881270432427762 ], [ 9.073429471059287, 45.880854986274215 ], [ 9.073873686274215, 45.880410771059289 ], [ 9.074289132427758, 45.879939539897492 ], [ 9.07467416994375, 45.879443152522924 ], [ 9.075027279255021, 45.878923567949791 ], [ 9.07534706680044, 45.878382836741018 ], [ 9.075632270524661, 45.877823092915655 ], [ 9.075881764858883, 45.877246545526852 ], [ 9.076094565162952, 45.876655469943749 ], [ 9.076269831611286, 45.876052198871655 ], [ 9.076406872507288, 45.875439113145859 ], [ 9.076505147013146, 45.874818632335646 ], [ 9.076564267284283, 45.874193205195297 ], [ 9.076584, 45.8735653 ], [ 9.076564267284283, 45.872937394804708 ], [ 9.076505147013146, 45.872311967664359 ], [ 9.076406872507288, 45.871691486854147 ], [ 9.076269831611286, 45.871078401128351 ], [ 9.076094565162952, 45.870475130056256 ], [ 9.075881764858883, 45.869884054473154 ], [ 9.075632270524661, 45.869307507084351 ] ] ], [ [ [ 9.054185270524661, 45.92321850708435 ], [ 9.053900066800439, 45.922658763258987 ], [ 9.053580279255021, 45.922118032050214 ], [ 9.053227169943749, 45.921598447477081 ], [ 9.052842132427758, 45.921102060102513 ], [ 9.052426686274215, 45.920630828940716 ], [ 9.051982471059286, 45.920186613725789 ], [ 9.051511239897488, 45.919771167572243 ], [ 9.051014852522925, 45.919386130056253 ], [ 9.05049526794979, 45.919033020744983 ], [ 9.049954536741017, 45.918713233199561 ], [ 9.049394792915651, 45.918428029475344 ], [ 9.048818245526848, 45.918178535141116 ], [ 9.04822716994375, 45.917965734837054 ], [ 9.047623898871649, 45.917790468388716 ], [ 9.047010813145858, 45.917653427492716 ], [ 9.046390332335644, 45.917555152986857 ], [ 9.045764905195293, 45.917496032715718 ], [ 9.045137, 45.9174763 ], [ 9.044509094804708, 45.917496032715718 ], [ 9.043883667664357, 45.917555152986857 ], [ 9.043263186854142, 45.917653427492716 ], [ 9.042650101128352, 45.917790468388716 ], [ 9.04204683005625, 45.917965734837054 ], [ 9.041455754473153, 45.918178535141116 ], [ 9.04087920708435, 45.918428029475344 ], [ 9.040319463258983, 45.918713233199561 ], [ 9.039778732050211, 45.919033020744983 ], [ 9.039259147477075, 45.919386130056253 ], [ 9.038762760102513, 45.919771167572243 ], [ 9.038291528940714, 45.920186613725789 ], [ 9.037847313725786, 45.920630828940716 ], [ 9.037431867572243, 45.921102060102513 ], [ 9.037046830056251, 45.921598447477081 ], [ 9.03669372074498, 45.922118032050214 ], [ 9.036373933199561, 45.922658763258987 ], [ 9.03608872947534, 45.92321850708435 ], [ 9.035839235141118, 45.923795054473153 ], [ 9.035626434837049, 45.924386130056256 ], [ 9.035451168388715, 45.92498940112835 ], [ 9.035314127492713, 45.925602486854146 ], [ 9.035215852986855, 45.926222967664359 ], [ 9.035156732715718, 45.926848394804708 ], [ 9.035137, 45.9274763 ], [ 9.035156732715718, 45.928104205195297 ], [ 9.035215852986855, 45.928729632335646 ], [ 9.035314127492713, 45.929350113145858 ], [ 9.035451168388715, 45.929963198871654 ], [ 9.035626434837049, 45.930566469943749 ], [ 9.035839235141118, 45.931157545526851 ], [ 9.03608872947534, 45.931734092915654 ], [ 9.036373933199561, 45.932293836741017 ], [ 9.03669372074498, 45.93283456794979 ], [ 9.037046830056251, 45.933354152522924 ], [ 9.037431867572243, 45.933850539897492 ], [ 9.037847313725786, 45.934321771059288 ], [ 9.038291528940714, 45.934765986274215 ], [ 9.038762760102513, 45.935181432427761 ], [ 9.039259147477075, 45.935566469943751 ], [ 9.039778732050211, 45.935919579255021 ], [ 9.040319463258983, 45.936239366800443 ], [ 9.04087920708435, 45.936524570524661 ], [ 9.041455754473153, 45.936774064858888 ], [ 9.04204683005625, 45.93698686516295 ], [ 9.042650101128352, 45.937162131611288 ], [ 9.043263186854142, 45.937299172507288 ], [ 9.043883667664357, 45.937397447013147 ], [ 9.044509094804708, 45.937456567284286 ], [ 9.045137, 45.9374763 ], [ 9.045764905195293, 45.937456567284286 ], [ 9.046390332335644, 45.937397447013147 ], [ 9.047010813145858, 45.937299172507288 ], [ 9.047623898871649, 45.937162131611288 ], [ 9.04822716994375, 45.93698686516295 ], [ 9.048818245526848, 45.936774064858888 ], [ 9.049394792915651, 45.936524570524661 ], [ 9.049954536741017, 45.936239366800443 ], [ 9.05049526794979, 45.935919579255021 ], [ 9.051014852522925, 45.935566469943751 ], [ 9.051511239897488, 45.935181432427761 ], [ 9.051982471059286, 45.934765986274215 ], [ 9.052426686274215, 45.934321771059288 ], [ 9.052842132427758, 45.933850539897492 ], [ 9.053227169943749, 45.933354152522924 ], [ 9.053580279255021, 45.93283456794979 ], [ 9.053900066800439, 45.932293836741017 ], [ 9.054185270524661, 45.931734092915654 ], [ 9.054434764858883, 45.931157545526851 ], [ 9.054647565162952, 45.930566469943749 ], [ 9.054822831611286, 45.929963198871654 ], [ 9.054959872507288, 45.929350113145858 ], [ 9.055058147013145, 45.928729632335646 ], [ 9.055117267284283, 45.928104205195297 ], [ 9.055137, 45.9274763 ], [ 9.055117267284283, 45.926848394804708 ], [ 9.055058147013145, 45.926222967664359 ], [ 9.054959872507288, 45.925602486854146 ], [ 9.054822831611286, 45.92498940112835 ], [ 9.054647565162952, 45.924386130056256 ], [ 9.054434764858883, 45.923795054473153 ], [ 9.054185270524661, 45.92321850708435 ] ] ], [ [ [ 9.083779470524661, 45.938621507084349 ], [ 9.083494266800439, 45.938061763258986 ], [ 9.083174479255021, 45.937521032050213 ], [ 9.082821369943749, 45.93700144747708 ], [ 9.082436332427758, 45.936505060102512 ], [ 9.082020886274215, 45.936033828940715 ], [ 9.081576671059286, 45.935589613725789 ], [ 9.081105439897488, 45.935174167572242 ], [ 9.080609052522925, 45.934789130056252 ], [ 9.08008946794979, 45.934436020744982 ], [ 9.079548736741017, 45.93411623319956 ], [ 9.078988992915651, 45.933831029475343 ], [ 9.078412445526848, 45.933581535141116 ], [ 9.07782136994375, 45.933368734837053 ], [ 9.077218098871649, 45.933193468388716 ], [ 9.076605013145858, 45.933056427492716 ], [ 9.075984532335644, 45.932958152986856 ], [ 9.075359105195293, 45.932899032715717 ], [ 9.0747312, 45.9328793 ], [ 9.074103294804708, 45.932899032715717 ], [ 9.073477867664357, 45.932958152986856 ], [ 9.072857386854142, 45.933056427492716 ], [ 9.072244301128352, 45.933193468388716 ], [ 9.07164103005625, 45.933368734837053 ], [ 9.071049954473153, 45.933581535141116 ], [ 9.07047340708435, 45.933831029475343 ], [ 9.069913663258983, 45.93411623319956 ], [ 9.069372932050211, 45.934436020744982 ], [ 9.068853347477075, 45.934789130056252 ], [ 9.068356960102513, 45.935174167572242 ], [ 9.067885728940714, 45.935589613725789 ], [ 9.067441513725786, 45.936033828940715 ], [ 9.067026067572243, 45.936505060102512 ], [ 9.066641030056251, 45.93700144747708 ], [ 9.06628792074498, 45.937521032050213 ], [ 9.065968133199561, 45.938061763258986 ], [ 9.06568292947534, 45.938621507084349 ], [ 9.065433435141118, 45.939198054473152 ], [ 9.065220634837049, 45.939789130056255 ], [ 9.065045368388715, 45.940392401128349 ], [ 9.064908327492713, 45.941005486854145 ], [ 9.064810052986855, 45.941625967664358 ], [ 9.064750932715718, 45.942251394804707 ], [ 9.0647312, 45.9428793 ], [ 9.064750932715718, 45.943507205195296 ], [ 9.064810052986855, 45.944132632335645 ], [ 9.064908327492713, 45.944753113145858 ], [ 9.065045368388715, 45.945366198871653 ], [ 9.065220634837049, 45.945969469943748 ], [ 9.065433435141118, 45.94656054552685 ], [ 9.06568292947534, 45.947137092915654 ], [ 9.065968133199561, 45.947696836741017 ], [ 9.06628792074498, 45.948237567949789 ], [ 9.066641030056251, 45.948757152522923 ], [ 9.067026067572243, 45.949253539897491 ], [ 9.067441513725786, 45.949724771059287 ], [ 9.067885728940714, 45.950168986274214 ], [ 9.068356960102513, 45.95058443242776 ], [ 9.068853347477075, 45.95096946994375 ], [ 9.069372932050211, 45.95132257925502 ], [ 9.069913663258983, 45.951642366800442 ], [ 9.07047340708435, 45.95192757052466 ], [ 9.071049954473153, 45.952177064858887 ], [ 9.07164103005625, 45.952389865162949 ], [ 9.072244301128352, 45.952565131611287 ], [ 9.072857386854142, 45.952702172507287 ], [ 9.073477867664357, 45.952800447013146 ], [ 9.074103294804708, 45.952859567284285 ], [ 9.0747312, 45.9528793 ], [ 9.075359105195293, 45.952859567284285 ], [ 9.075984532335644, 45.952800447013146 ], [ 9.076605013145858, 45.952702172507287 ], [ 9.077218098871649, 45.952565131611287 ], [ 9.07782136994375, 45.952389865162949 ], [ 9.078412445526848, 45.952177064858887 ], [ 9.078988992915651, 45.95192757052466 ], [ 9.079548736741017, 45.951642366800442 ], [ 9.08008946794979, 45.95132257925502 ], [ 9.080609052522925, 45.95096946994375 ], [ 9.081105439897488, 45.95058443242776 ], [ 9.081576671059286, 45.950168986274214 ], [ 9.082020886274215, 45.949724771059287 ], [ 9.082436332427758, 45.949253539897491 ], [ 9.082821369943749, 45.948757152522923 ], [ 9.083174479255021, 45.948237567949789 ], [ 9.083494266800439, 45.947696836741017 ], [ 9.083779470524661, 45.947137092915654 ], [ 9.084028964858883, 45.94656054552685 ], [ 9.084241765162952, 45.945969469943748 ], [ 9.084417031611286, 45.945366198871653 ], [ 9.084554072507288, 45.944753113145858 ], [ 9.084652347013146, 45.944132632335645 ], [ 9.084711467284283, 45.943507205195296 ], [ 9.0847312, 45.9428793 ], [ 9.084711467284283, 45.942251394804707 ], [ 9.084652347013146, 45.941625967664358 ], [ 9.084554072507288, 45.941005486854145 ], [ 9.084417031611286, 45.940392401128349 ], [ 9.084241765162952, 45.939789130056255 ], [ 9.084028964858883, 45.939198054473152 ], [ 9.083779470524661, 45.938621507084349 ] ] ], [ [ [ 9.107774070524661, 45.877983107084347 ], [ 9.107488866800439, 45.877423363258984 ], [ 9.107169079255021, 45.876882632050211 ], [ 9.106815969943749, 45.876363047477078 ], [ 9.106430932427758, 45.87586666010251 ], [ 9.106015486274215, 45.875395428940713 ], [ 9.105571271059286, 45.874951213725787 ], [ 9.105100039897488, 45.87453576757224 ], [ 9.104603652522925, 45.87415073005625 ], [ 9.104344046726066, 45.87397430213889 ], [ 9.104914832335643, 45.873920347013147 ], [ 9.105535313145857, 45.873822072507288 ], [ 9.106148398871648, 45.873685031611288 ], [ 9.106751669943749, 45.87350976516295 ], [ 9.107342745526847, 45.873296964858888 ], [ 9.10791929291565, 45.873047470524661 ], [ 9.108479036741016, 45.872762266800443 ], [ 9.109019767949789, 45.872442479255021 ], [ 9.10934321368536, 45.872222665760113 ], [ 9.109422034837049, 45.872493969943747 ], [ 9.109634835141119, 45.87308504552685 ], [ 9.10988432947534, 45.873661592915653 ], [ 9.110169533199562, 45.874221336741016 ], [ 9.11048932074498, 45.874762067949789 ], [ 9.110842430056252, 45.875281652522922 ], [ 9.111227467572244, 45.87577803989749 ], [ 9.111642913725786, 45.876249271059287 ], [ 9.112087128940715, 45.876693486274213 ], [ 9.112558360102513, 45.87710893242776 ], [ 9.113054747477076, 45.87749396994375 ], [ 9.113574332050211, 45.877847079255019 ], [ 9.114115063258984, 45.878166866800441 ], [ 9.11467480708435, 45.878452070524659 ], [ 9.115251354473154, 45.878701564858886 ], [ 9.115842430056251, 45.878914365162949 ], [ 9.116445701128352, 45.879089631611286 ], [ 9.117058786854143, 45.879226672507286 ], [ 9.117679267664357, 45.879324947013146 ], [ 9.118304694804708, 45.879384067284285 ], [ 9.1189326, 45.8794038 ], [ 9.119560505195293, 45.879384067284285 ], [ 9.119595078296795, 45.879380799163982 ], [ 9.119672367572242, 45.879480439897492 ], [ 9.120087813725785, 45.879951671059288 ], [ 9.120532028940714, 45.880395886274215 ], [ 9.121003260102512, 45.880811332427761 ], [ 9.121499647477075, 45.881196369943751 ], [ 9.12201923205021, 45.881549479255021 ], [ 9.122559963258983, 45.881869266800443 ], [ 9.123119707084349, 45.882154470524661 ], [ 9.123696254473153, 45.882403964858888 ], [ 9.12428733005625, 45.88261676516295 ], [ 9.124890601128351, 45.882792031611288 ], [ 9.125503686854142, 45.882929072507288 ], [ 9.126124167664356, 45.883027347013147 ], [ 9.126749594804707, 45.883086467284286 ], [ 9.1273775, 45.8831062 ], [ 9.128005405195292, 45.883086467284286 ], [ 9.128630832335643, 45.883027347013147 ], [ 9.129251313145858, 45.882929072507288 ], [ 9.129864398871648, 45.882792031611288 ], [ 9.13046766994375, 45.88261676516295 ], [ 9.130539295659062, 45.88259097831871 ], [ 9.130532868388714, 45.882613101128349 ], [ 9.130395827492713, 45.883226186854145 ], [ 9.130297552986855, 45.883846667664358 ], [ 9.130238432715718, 45.884472094804707 ], [ 9.1302187, 45.8851 ], [ 9.130238432715718, 45.885727905195296 ], [ 9.130297552986855, 45.886353332335645 ], [ 9.130395827492713, 45.886973813145858 ], [ 9.130532868388714, 45.887586898871653 ], [ 9.130708134837048, 45.888190169943748 ], [ 9.130920935141118, 45.88878124552685 ], [ 9.13117042947534, 45.889357792915654 ], [ 9.131455633199561, 45.889917536741017 ], [ 9.131775420744979, 45.890458267949789 ], [ 9.132128530056251, 45.890977852522923 ], [ 9.132513567572243, 45.891474239897491 ], [ 9.132929013725786, 45.891945471059287 ], [ 9.133373228940714, 45.892389686274214 ], [ 9.133844460102512, 45.89280513242776 ], [ 9.134340847477075, 45.89319016994375 ], [ 9.13486043205021, 45.89354327925502 ], [ 9.135401163258983, 45.893863066800442 ], [ 9.13596090708435, 45.89414827052466 ], [ 9.136537454473153, 45.894397764858887 ], [ 9.13712853005625, 45.894610565162949 ], [ 9.137731801128352, 45.894785831611287 ], [ 9.138344886854142, 45.894922872507287 ], [ 9.138965367664357, 45.895021147013146 ], [ 9.139590794804707, 45.895080267284285 ], [ 9.1402187, 45.8951 ], [ 9.140846605195293, 45.895080267284285 ], [ 9.141472032335644, 45.895021147013146 ], [ 9.142092513145858, 45.894922872507287 ], [ 9.142705598871649, 45.894785831611287 ], [ 9.14330886994375, 45.894610565162949 ], [ 9.143899945526847, 45.894397764858887 ], [ 9.144476492915651, 45.89414827052466 ], [ 9.145036236741017, 45.893863066800442 ], [ 9.14557696794979, 45.89354327925502 ], [ 9.146096552522925, 45.89319016994375 ], [ 9.146592939897488, 45.89280513242776 ], [ 9.147064171059286, 45.892389686274214 ], [ 9.147508386274215, 45.891945471059287 ], [ 9.147923832427757, 45.891474239897491 ], [ 9.148308869943749, 45.890977852522923 ], [ 9.148661979255021, 45.890458267949789 ], [ 9.148981766800439, 45.889917536741017 ], [ 9.149266970524661, 45.889357792915654 ], [ 9.149516464858882, 45.88878124552685 ], [ 9.149635064636941, 45.888451821970442 ], [ 9.149737528940713, 45.888554286274214 ], [ 9.150208760102512, 45.888969732427761 ], [ 9.150705147477074, 45.889354769943751 ], [ 9.15122473205021, 45.88970787925502 ], [ 9.151765463258982, 45.890027666800442 ], [ 9.152325207084349, 45.89031287052466 ], [ 9.152901754473152, 45.890562364858887 ], [ 9.153492830056249, 45.89077516516295 ], [ 9.154096101128351, 45.890950431611287 ], [ 9.154709186854141, 45.891087472507287 ], [ 9.155329667664356, 45.891185747013147 ], [ 9.155955094804707, 45.891244867284286 ], [ 9.156583, 45.8912646 ], [ 9.157210905195292, 45.891244867284286 ], [ 9.157836332335643, 45.891185747013147 ], [ 9.158456813145857, 45.891087472507287 ], [ 9.159069898871648, 45.890950431611287 ], [ 9.159673169943749, 45.89077516516295 ], [ 9.160264245526847, 45.890562364858887 ], [ 9.16084079291565, 45.89031287052466 ], [ 9.161400536741017, 45.890027666800442 ], [ 9.161941267949789, 45.88970787925502 ], [ 9.162460852522925, 45.889354769943751 ], [ 9.162957239897487, 45.888969732427761 ], [ 9.163428471059285, 45.888554286274214 ], [ 9.163872686274214, 45.888110071059288 ], [ 9.164288132427757, 45.887638839897491 ], [ 9.164673169943748, 45.887142452522923 ], [ 9.16502627925502, 45.886622867949789 ], [ 9.165108587385385, 45.886483692502026 ], [ 9.165166732427757, 45.886417739897489 ], [ 9.165551769943749, 45.885921352522921 ], [ 9.16590487925502, 45.885401767949787 ], [ 9.166224666800439, 45.884861036741015 ], [ 9.16650987052466, 45.884301292915652 ], [ 9.166759364858882, 45.883724745526848 ], [ 9.166972165162951, 45.883133669943746 ], [ 9.167147431611285, 45.882530398871651 ], [ 9.167284472507287, 45.881917313145856 ], [ 9.167382747013145, 45.881296832335643 ], [ 9.167441867284282, 45.880671405195294 ], [ 9.1674616, 45.8800435 ], [ 9.167441867284282, 45.879415594804705 ], [ 9.167382747013145, 45.878790167664356 ], [ 9.167284472507287, 45.878169686854143 ], [ 9.167147431611285, 45.877556601128347 ], [ 9.166972165162951, 45.876953330056253 ], [ 9.166759364858882, 45.87636225447315 ], [ 9.16650987052466, 45.875785707084347 ], [ 9.166224666800439, 45.875225963258984 ], [ 9.166029524658541, 45.874895995917285 ], [ 9.166370145526846, 45.874773364858889 ], [ 9.16694669291565, 45.874523870524662 ], [ 9.167506436741016, 45.874238666800444 ], [ 9.168047167949789, 45.873918879255022 ], [ 9.168566752522924, 45.873565769943752 ], [ 9.169063139897487, 45.873180732427763 ], [ 9.169534371059285, 45.872765286274216 ], [ 9.169978586274214, 45.872321071059289 ], [ 9.170394032427756, 45.871849839897493 ], [ 9.170779069943748, 45.871353452522925 ], [ 9.17113217925502, 45.870833867949791 ], [ 9.171451966800438, 45.870293136741019 ], [ 9.17173717052466, 45.869733392915656 ], [ 9.171986664858881, 45.869156845526852 ], [ 9.172199465162951, 45.86856576994375 ], [ 9.172374731611285, 45.867962498871655 ], [ 9.172511772507287, 45.86734941314586 ], [ 9.172610047013144, 45.866728932335647 ], [ 9.172669167284281, 45.866103505195298 ], [ 9.1726889, 45.8654756 ], [ 9.172669167284281, 45.864847694804709 ], [ 9.172610047013144, 45.86422226766436 ], [ 9.172511772507287, 45.863601786854147 ], [ 9.172374731611285, 45.862988701128351 ], [ 9.172199465162951, 45.862385430056257 ], [ 9.171986664858881, 45.861794354473155 ], [ 9.17173717052466, 45.861217807084351 ], [ 9.171451966800438, 45.860658063258988 ], [ 9.17113217925502, 45.860117332050216 ], [ 9.170779069943748, 45.859597747477082 ], [ 9.170394032427756, 45.859101360102514 ], [ 9.169978586274214, 45.858630128940717 ], [ 9.169534371059285, 45.858185913725791 ], [ 9.169063139897487, 45.857770467572244 ], [ 9.168566752522924, 45.857385430056254 ], [ 9.168047167949789, 45.857032320744985 ], [ 9.167506436741016, 45.856712533199563 ], [ 9.16694669291565, 45.856427329475345 ], [ 9.166370145526846, 45.856177835141118 ], [ 9.165779069943749, 45.855965034837055 ], [ 9.165175798871648, 45.855789768388718 ], [ 9.164562713145857, 45.855652727492718 ], [ 9.163942232335643, 45.855554452986858 ], [ 9.163316805195292, 45.855495332715719 ], [ 9.1626889, 45.8554756 ], [ 9.162356244069681, 45.85548605413377 ], [ 9.162290665162951, 45.855260330056254 ], [ 9.162077864858881, 45.854669254473151 ], [ 9.16182837052466, 45.854092707084348 ], [ 9.161543166800438, 45.853532963258985 ], [ 9.16122337925502, 45.852992232050212 ], [ 9.160870269943748, 45.852472647477079 ], [ 9.160485232427757, 45.851976260102511 ], [ 9.160069786274214, 45.851505028940714 ], [ 9.159625571059285, 45.851060813725788 ], [ 9.159154339897487, 45.850645367572241 ], [ 9.158657952522924, 45.850260330056251 ], [ 9.158138367949789, 45.849907220744981 ], [ 9.157597636741016, 45.849587433199559 ], [ 9.15703789291565, 45.849302229475342 ], [ 9.156461345526846, 45.849052735141115 ], [ 9.155870269943749, 45.848839934837052 ], [ 9.155266998871648, 45.848664668388714 ], [ 9.154653913145857, 45.848527627492714 ], [ 9.154033432335643, 45.848429352986855 ], [ 9.153408005195292, 45.848370232715716 ], [ 9.1527801, 45.8483505 ], [ 9.152319304194309, 45.848364981091578 ], [ 9.152269745526848, 45.848343535141112 ], [ 9.151678669943751, 45.848130734837049 ], [ 9.151075398871649, 45.847955468388712 ], [ 9.150462313145859, 45.847818427492712 ], [ 9.149841832335644, 45.847720152986852 ], [ 9.149216405195293, 45.847661032715713 ], [ 9.1485885, 45.8476413 ], [ 9.147960594804708, 45.847661032715713 ], [ 9.147335167664357, 45.847720152986852 ], [ 9.146714686854143, 45.847818427492712 ], [ 9.146101601128352, 45.847955468388712 ], [ 9.145498330056251, 45.848130734837049 ], [ 9.144907254473154, 45.848343535141112 ], [ 9.14433070708435, 45.848593029475339 ], [ 9.143770963258984, 45.848878233199557 ], [ 9.143230232050211, 45.849198020744979 ], [ 9.142710647477076, 45.849551130056248 ], [ 9.142214260102513, 45.849936167572238 ], [ 9.141743028940715, 45.850351613725785 ], [ 9.141298813725786, 45.850795828940711 ], [ 9.140883367572243, 45.851267060102508 ], [ 9.140498330056252, 45.851763447477076 ], [ 9.14014522074498, 45.852283032050209 ], [ 9.139825433199562, 45.852823763258982 ], [ 9.13954022947534, 45.853383507084345 ], [ 9.139290735141119, 45.853960054473148 ], [ 9.139077934837049, 45.854551130056251 ], [ 9.138902668388715, 45.855154401128345 ], [ 9.138765627492713, 45.855767486854141 ], [ 9.138667352986856, 45.856387967664354 ], [ 9.138608232715718, 45.857013394804703 ], [ 9.1385885, 45.8576413 ], [ 9.138608232715718, 45.858269205195292 ], [ 9.138667352986856, 45.858894632335641 ], [ 9.138765627492713, 45.859515113145854 ], [ 9.138902668388715, 45.860128198871649 ], [ 9.139077934837049, 45.860731469943744 ], [ 9.139290735141119, 45.861322545526846 ], [ 9.13954022947534, 45.86189909291565 ], [ 9.139825433199562, 45.862458836741013 ], [ 9.14014522074498, 45.862999567949785 ], [ 9.140498330056252, 45.863519152522919 ], [ 9.140883367572243, 45.864015539897487 ], [ 9.141191570006654, 45.864365126937827 ], [ 9.141185532715717, 45.864428994804705 ], [ 9.1411658, 45.8650569 ], [ 9.141185532715717, 45.865684805195293 ], [ 9.141244652986854, 45.866310232335643 ], [ 9.141342927492712, 45.866930713145855 ], [ 9.141479968388714, 45.867543798871651 ], [ 9.141655234837048, 45.868147069943745 ], [ 9.141868035141117, 45.868738145526848 ], [ 9.142117529475339, 45.869314692915651 ], [ 9.14240273319956, 45.869874436741014 ], [ 9.142722520744979, 45.870415167949787 ], [ 9.14307563005625, 45.870934752522921 ], [ 9.143460667572242, 45.871431139897489 ], [ 9.143876113725785, 45.871902371059285 ], [ 9.144320328940713, 45.872346586274212 ], [ 9.144791560102512, 45.872762032427758 ], [ 9.145287947477074, 45.873147069943748 ], [ 9.14580753205021, 45.873500179255018 ], [ 9.146348263258982, 45.87381996680044 ], [ 9.146908007084349, 45.874105170524658 ], [ 9.147484554473152, 45.874354664858885 ], [ 9.148075630056249, 45.874567465162947 ], [ 9.148678901128351, 45.874742731611285 ], [ 9.148948655859929, 45.874803028937677 ], [ 9.148936012614614, 45.874824407497975 ], [ 9.148877867572242, 45.874890360102512 ], [ 9.14849283005625, 45.87538674747708 ], [ 9.148139720744979, 45.875906332050214 ], [ 9.14781993319956, 45.876447063258986 ], [ 9.147534729475339, 45.877006807084349 ], [ 9.147285235141117, 45.877583354473153 ], [ 9.147166635363059, 45.877912778029561 ], [ 9.147064171059286, 45.877810313725789 ], [ 9.146592939897488, 45.877394867572242 ], [ 9.146096552522925, 45.877009830056252 ], [ 9.14557696794979, 45.876656720744982 ], [ 9.145036236741017, 45.876336933199561 ], [ 9.144476492915651, 45.876051729475343 ], [ 9.143899945526847, 45.875802235141116 ], [ 9.14330886994375, 45.875589434837053 ], [ 9.142705598871649, 45.875414168388716 ], [ 9.142092513145858, 45.875277127492716 ], [ 9.141472032335644, 45.875178852986856 ], [ 9.140846605195293, 45.875119732715717 ], [ 9.1402187, 45.8751 ], [ 9.139590794804707, 45.875119732715717 ], [ 9.138965367664357, 45.875178852986856 ], [ 9.138344886854142, 45.875277127492716 ], [ 9.137731801128352, 45.875414168388716 ], [ 9.13712853005625, 45.875589434837053 ], [ 9.137056904340938, 45.875615221681294 ], [ 9.137063331611285, 45.875593098871654 ], [ 9.137200372507287, 45.874980013145858 ], [ 9.137298647013145, 45.874359532335646 ], [ 9.137357767284282, 45.873734105195297 ], [ 9.1373775, 45.8731062 ], [ 9.137357767284282, 45.872478294804708 ], [ 9.137298647013145, 45.871852867664359 ], [ 9.137200372507287, 45.871232386854146 ], [ 9.137063331611285, 45.87061930112835 ], [ 9.136888065162951, 45.870016030056256 ], [ 9.136675264858882, 45.869424954473153 ], [ 9.13642577052466, 45.86884840708435 ], [ 9.136140566800439, 45.868288663258987 ], [ 9.13582077925502, 45.867747932050214 ], [ 9.135467669943749, 45.867228347477081 ], [ 9.135082632427757, 45.866731960102513 ], [ 9.134667186274214, 45.866260728940716 ], [ 9.134222971059286, 45.86581651372579 ], [ 9.133751739897487, 45.865401067572243 ], [ 9.133255352522925, 45.865016030056253 ], [ 9.132735767949789, 45.864662920744983 ], [ 9.132195036741017, 45.864343133199561 ], [ 9.131958685520862, 45.864222706237875 ], [ 9.131993832427757, 45.864182839897488 ], [ 9.132378869943748, 45.86368645252292 ], [ 9.13273197925502, 45.863166867949786 ], [ 9.133051766800438, 45.862626136741014 ], [ 9.13333697052466, 45.862066392915651 ], [ 9.133586464858881, 45.861489845526847 ], [ 9.133799265162951, 45.860898769943745 ], [ 9.133974531611285, 45.86029549887165 ], [ 9.134111572507287, 45.859682413145855 ], [ 9.134209847013144, 45.859061932335642 ], [ 9.134268967284282, 45.858436505195293 ], [ 9.1342887, 45.8578086 ], [ 9.134268967284282, 45.857180694804704 ], [ 9.134209847013144, 45.856555267664355 ], [ 9.134111572507287, 45.855934786854142 ], [ 9.133974531611285, 45.855321701128346 ], [ 9.133799265162951, 45.854718430056252 ], [ 9.133586464858881, 45.85412735447315 ], [ 9.13333697052466, 45.853550807084346 ], [ 9.133051766800438, 45.852991063258983 ], [ 9.13273197925502, 45.852450332050211 ], [ 9.132378869943748, 45.851930747477077 ], [ 9.131993832427757, 45.851434360102509 ], [ 9.131578386274214, 45.850963128940712 ], [ 9.131134171059285, 45.850518913725786 ], [ 9.130662939897487, 45.850103467572239 ], [ 9.130166552522924, 45.849718430056249 ], [ 9.129646967949789, 45.84936532074498 ], [ 9.129106236741016, 45.849045533199558 ], [ 9.12854649291565, 45.84876032947534 ], [ 9.127969945526846, 45.848510835141113 ], [ 9.127378869943749, 45.84829803483705 ], [ 9.126775598871648, 45.848122768388713 ], [ 9.126162513145857, 45.847985727492713 ], [ 9.125542032335643, 45.847887452986853 ], [ 9.124916605195292, 45.847828332715714 ], [ 9.1242887, 45.8478086 ], [ 9.123660794804707, 45.847828332715714 ], [ 9.123035367664356, 45.847887452986853 ], [ 9.122933308047626, 45.847903617642132 ], [ 9.122369213145857, 45.847777527492717 ], [ 9.121748732335643, 45.847679252986858 ], [ 9.121123305195292, 45.847620132715718 ], [ 9.1204954, 45.8476004 ], [ 9.119867494804707, 45.847620132715718 ], [ 9.119242067664356, 45.847679252986858 ], [ 9.118652881914366, 45.847772570842118 ], [ 9.118305336741017, 45.84756703319956 ], [ 9.11774559291565, 45.847281829475342 ], [ 9.117169045526847, 45.847032335141115 ], [ 9.11657796994375, 45.846819534837053 ], [ 9.115974698871648, 45.846644268388715 ], [ 9.115361613145858, 45.846507227492715 ], [ 9.114741132335643, 45.846408952986856 ], [ 9.114115705195292, 45.846349832715717 ], [ 9.1134878, 45.8463301 ], [ 9.112859894804707, 45.846349832715717 ], [ 9.112234467664356, 45.846408952986856 ], [ 9.111613986854142, 45.846507227492715 ], [ 9.111000901128351, 45.846644268388715 ], [ 9.11039763005625, 45.846819534837053 ], [ 9.109806554473153, 45.847032335141115 ], [ 9.109230007084349, 45.847281829475342 ], [ 9.108670263258983, 45.84756703319956 ], [ 9.10812953205021, 45.847886820744982 ], [ 9.107609947477075, 45.848239930056252 ], [ 9.107113560102512, 45.848624967572242 ], [ 9.106642328940714, 45.849040413725788 ], [ 9.106198113725785, 45.849484628940715 ], [ 9.105782667572242, 45.849955860102511 ], [ 9.105397630056251, 45.850452247477079 ], [ 9.105044520744979, 45.850971832050213 ], [ 9.105020358480393, 45.851012688208378 ], [ 9.10477216994375, 45.850923334837049 ], [ 9.104168898871649, 45.850748068388711 ], [ 9.103555813145858, 45.850611027492711 ], [ 9.102935332335644, 45.850512752986852 ], [ 9.102309905195293, 45.850453632715713 ], [ 9.101682, 45.8504339 ], [ 9.101054094804708, 45.850453632715713 ], [ 9.100428667664357, 45.850512752986852 ], [ 9.099808186854142, 45.850611027492711 ], [ 9.099195101128352, 45.850748068388711 ], [ 9.09859183005625, 45.850923334837049 ], [ 9.098000754473153, 45.851136135141111 ], [ 9.09742420708435, 45.851385629475338 ], [ 9.096864463258983, 45.851670833199556 ], [ 9.096323732050211, 45.851990620744978 ], [ 9.095804147477075, 45.852343730056248 ], [ 9.095307760102513, 45.852728767572238 ], [ 9.094836528940714, 45.853144213725784 ], [ 9.094392313725786, 45.853588428940711 ], [ 9.093976867572243, 45.854059660102507 ], [ 9.093591830056251, 45.854556047477075 ], [ 9.09323872074498, 45.855075632050209 ], [ 9.092918933199561, 45.855616363258981 ], [ 9.09263372947534, 45.856176107084345 ], [ 9.092384235141118, 45.856752654473148 ], [ 9.092171434837049, 45.85734373005625 ], [ 9.091996168388714, 45.857947001128345 ], [ 9.091859127492713, 45.858560086854141 ], [ 9.091760852986855, 45.859180567664353 ], [ 9.091701732715718, 45.859805994804702 ], [ 9.091682, 45.8604339 ], [ 9.091701732715718, 45.861061805195291 ], [ 9.091760852986855, 45.86168723233564 ], [ 9.091859127492713, 45.862307713145853 ], [ 9.091996168388714, 45.862920798871649 ], [ 9.092171434837049, 45.863524069943743 ], [ 9.092384235141118, 45.864115145526846 ], [ 9.09263372947534, 45.864691692915649 ], [ 9.092918933199561, 45.865251436741012 ], [ 9.09323872074498, 45.865792167949785 ], [ 9.093591830056251, 45.866311752522918 ], [ 9.093976867572243, 45.866808139897486 ], [ 9.09411462689042, 45.866964397171742 ], [ 9.094150934837048, 45.867089369943749 ], [ 9.094363735141117, 45.867680445526851 ], [ 9.094613229475339, 45.868256992915654 ], [ 9.09489843319956, 45.868816736741017 ], [ 9.095218220744979, 45.86935746794979 ], [ 9.09557133005625, 45.869877052522924 ], [ 9.095956367572242, 45.870373439897492 ], [ 9.096371813725785, 45.870844671059288 ], [ 9.096816028940713, 45.871288886274215 ], [ 9.097287260102512, 45.871704332427761 ], [ 9.097783647477074, 45.872089369943751 ], [ 9.098043253273934, 45.872265797861111 ], [ 9.097472467664357, 45.872319752986854 ], [ 9.096851986854142, 45.872418027492714 ], [ 9.096238901128352, 45.872555068388714 ], [ 9.09563563005625, 45.872730334837051 ], [ 9.095044554473153, 45.872943135141114 ], [ 9.09446800708435, 45.873192629475341 ], [ 9.093908263258983, 45.873477833199559 ], [ 9.093367532050211, 45.87379762074498 ], [ 9.092847947477075, 45.87415073005625 ], [ 9.092351560102513, 45.87453576757224 ], [ 9.091880328940714, 45.874951213725787 ], [ 9.091436113725786, 45.875395428940713 ], [ 9.091020667572243, 45.87586666010251 ], [ 9.090635630056251, 45.876363047477078 ], [ 9.09028252074498, 45.876882632050211 ], [ 9.089962733199561, 45.877423363258984 ], [ 9.08967752947534, 45.877983107084347 ], [ 9.089428035141118, 45.87855965447315 ], [ 9.089215234837049, 45.879150730056253 ], [ 9.089039968388715, 45.879754001128347 ], [ 9.088902927492713, 45.880367086854143 ], [ 9.088804652986855, 45.880987567664356 ], [ 9.088745532715718, 45.881612994804705 ], [ 9.0887258, 45.8822409 ], [ 9.088745532715718, 45.882868805195294 ], [ 9.088804652986855, 45.883494232335643 ], [ 9.088902927492713, 45.884114713145856 ], [ 9.089039968388715, 45.884727798871651 ], [ 9.089215234837049, 45.885331069943746 ], [ 9.089428035141118, 45.885922145526848 ], [ 9.08967752947534, 45.886498692915652 ], [ 9.089962733199561, 45.887058436741015 ], [ 9.09028252074498, 45.887599167949787 ], [ 9.090635630056251, 45.888118752522921 ], [ 9.091020667572243, 45.888615139897489 ], [ 9.091436113725786, 45.889086371059285 ], [ 9.091880328940714, 45.889530586274212 ], [ 9.092351560102513, 45.889946032427758 ], [ 9.092847947477075, 45.890331069943748 ], [ 9.093367532050211, 45.890684179255018 ], [ 9.093908263258983, 45.89100396680044 ], [ 9.09446800708435, 45.891289170524658 ], [ 9.095044554473153, 45.891538664858885 ], [ 9.09563563005625, 45.891751465162947 ], [ 9.096238901128352, 45.891926731611285 ], [ 9.096851986854142, 45.892063772507285 ], [ 9.097472467664357, 45.892162047013144 ], [ 9.098097894804708, 45.892221167284283 ], [ 9.0987258, 45.8922409 ], [ 9.099353705195293, 45.892221167284283 ], [ 9.099979132335644, 45.892162047013144 ], [ 9.100599613145858, 45.892063772507285 ], [ 9.101212698871649, 45.891926731611285 ], [ 9.10181596994375, 45.891751465162947 ], [ 9.102407045526848, 45.891538664858885 ], [ 9.102983592915651, 45.891289170524658 ], [ 9.103543336741017, 45.89100396680044 ], [ 9.10408406794979, 45.890684179255018 ], [ 9.104603652522925, 45.890331069943748 ], [ 9.105100039897488, 45.889946032427758 ], [ 9.105571271059286, 45.889530586274212 ], [ 9.106015486274215, 45.889086371059285 ], [ 9.106430932427758, 45.888615139897489 ], [ 9.106815969943749, 45.888118752522921 ], [ 9.107169079255021, 45.887599167949787 ], [ 9.107488866800439, 45.887058436741015 ], [ 9.107774070524661, 45.886498692915652 ], [ 9.108023564858883, 45.885922145526848 ], [ 9.108236365162952, 45.885331069943746 ], [ 9.108411631611286, 45.884727798871651 ], [ 9.108548672507288, 45.884114713145856 ], [ 9.108646947013145, 45.883494232335643 ], [ 9.108706067284283, 45.882868805195294 ], [ 9.1087258, 45.8822409 ], [ 9.108706067284283, 45.881612994804705 ], [ 9.108646947013145, 45.880987567664356 ], [ 9.108548672507288, 45.880367086854143 ], [ 9.108411631611286, 45.879754001128347 ], [ 9.108236365162952, 45.879150730056253 ], [ 9.108023564858883, 45.87855965447315 ], [ 9.107774070524661, 45.877983107084347 ] ] ], [ [ [ 9.13818917052466, 45.70936550708435 ], [ 9.137903966800438, 45.708805763258987 ], [ 9.13758417925502, 45.708265032050214 ], [ 9.137231069943748, 45.70774544747708 ], [ 9.136846032427757, 45.707249060102512 ], [ 9.136430586274214, 45.706777828940716 ], [ 9.135986371059285, 45.706333613725789 ], [ 9.135515139897487, 45.705918167572243 ], [ 9.135018752522925, 45.705533130056253 ], [ 9.134499167949789, 45.705180020744983 ], [ 9.133958436741016, 45.704860233199561 ], [ 9.13339869291565, 45.704575029475343 ], [ 9.132822145526847, 45.704325535141116 ], [ 9.132231069943749, 45.704112734837054 ], [ 9.131627798871648, 45.703937468388716 ], [ 9.131014713145857, 45.703800427492716 ], [ 9.130394232335643, 45.703702152986857 ], [ 9.129768805195292, 45.703643032715718 ], [ 9.1291409, 45.7036233 ], [ 9.128512994804707, 45.703643032715718 ], [ 9.127887567664356, 45.703702152986857 ], [ 9.127267086854141, 45.703800427492716 ], [ 9.126654001128351, 45.703937468388716 ], [ 9.126050730056249, 45.704112734837054 ], [ 9.125459654473152, 45.704325535141116 ], [ 9.124883107084349, 45.704575029475343 ], [ 9.124323363258982, 45.704860233199561 ], [ 9.12378263205021, 45.705180020744983 ], [ 9.123263047477074, 45.705533130056253 ], [ 9.122766660102512, 45.705918167572243 ], [ 9.122295428940713, 45.706333613725789 ], [ 9.121851213725785, 45.706777828940716 ], [ 9.121435767572242, 45.707249060102512 ], [ 9.12105073005625, 45.70774544747708 ], [ 9.120697620744979, 45.708265032050214 ], [ 9.120541534371569, 45.708528959693979 ], [ 9.12046646994375, 45.708501934837052 ], [ 9.119863198871649, 45.708326668388715 ], [ 9.119250113145858, 45.708189627492715 ], [ 9.118629632335644, 45.708091352986855 ], [ 9.118004205195293, 45.708032232715716 ], [ 9.1173763, 45.7080125 ], [ 9.116748394804707, 45.708032232715716 ], [ 9.116122967664356, 45.708091352986855 ], [ 9.115502486854142, 45.708189627492715 ], [ 9.114889401128352, 45.708326668388715 ], [ 9.11428613005625, 45.708501934837052 ], [ 9.113695054473153, 45.708714735141115 ], [ 9.11311850708435, 45.708964229475342 ], [ 9.112558763258983, 45.70924943319956 ], [ 9.11201803205021, 45.709569220744982 ], [ 9.111498447477075, 45.709922330056251 ], [ 9.111002060102512, 45.710307367572241 ], [ 9.110530828940714, 45.710722813725788 ], [ 9.110086613725786, 45.711167028940714 ], [ 9.109671167572243, 45.711638260102511 ], [ 9.109286130056251, 45.712134647477079 ], [ 9.109156419441447, 45.712325510850746 ], [ 9.10894827052466, 45.711844507084351 ], [ 9.108663066800439, 45.711284763258988 ], [ 9.108343279255021, 45.710744032050215 ], [ 9.107990169943749, 45.710224447477081 ], [ 9.107605132427757, 45.709728060102513 ], [ 9.107189686274214, 45.709256828940717 ], [ 9.106745471059286, 45.70881261372579 ], [ 9.106274239897488, 45.708397167572244 ], [ 9.105777852522925, 45.708012130056254 ], [ 9.10525826794979, 45.707659020744984 ], [ 9.104717536741017, 45.707339233199562 ], [ 9.10415779291565, 45.707054029475344 ], [ 9.103581245526847, 45.706804535141117 ], [ 9.10299016994375, 45.706591734837055 ], [ 9.102386898871648, 45.706416468388717 ], [ 9.101773813145858, 45.706279427492717 ], [ 9.101153332335643, 45.706181152986858 ], [ 9.100527905195293, 45.706122032715719 ], [ 9.0999, 45.7061023 ], [ 9.099272094804707, 45.706122032715719 ], [ 9.098646667664356, 45.706181152986858 ], [ 9.098026186854142, 45.706279427492717 ], [ 9.097413101128351, 45.706416468388717 ], [ 9.09680983005625, 45.706591734837055 ], [ 9.096218754473153, 45.706804535141117 ], [ 9.095642207084349, 45.707054029475344 ], [ 9.095082463258983, 45.707339233199562 ], [ 9.09454173205021, 45.707659020744984 ], [ 9.094022147477075, 45.708012130056254 ], [ 9.093525760102512, 45.708397167572244 ], [ 9.093054528940714, 45.70881261372579 ], [ 9.092610313725785, 45.709256828940717 ], [ 9.092194867572243, 45.709728060102513 ], [ 9.091809830056251, 45.710224447477081 ], [ 9.091456720744979, 45.710744032050215 ], [ 9.091136933199561, 45.711284763258988 ], [ 9.090851729475339, 45.711844507084351 ], [ 9.090602235141118, 45.712421054473154 ], [ 9.090389434837048, 45.713012130056256 ], [ 9.090214168388714, 45.713615401128351 ], [ 9.090077127492712, 45.714228486854147 ], [ 9.089978852986855, 45.714848967664359 ], [ 9.089919732715718, 45.715474394804708 ], [ 9.0899, 45.7161023 ], [ 9.089919732715718, 45.716730205195297 ], [ 9.089978852986855, 45.717355632335646 ], [ 9.090077127492712, 45.717976113145859 ], [ 9.090214168388714, 45.718589198871655 ], [ 9.090389434837048, 45.719192469943749 ], [ 9.090602235141118, 45.719783545526852 ], [ 9.090851729475339, 45.720360092915655 ], [ 9.091136933199561, 45.720919836741018 ], [ 9.091456720744979, 45.721460567949791 ], [ 9.091809830056251, 45.721980152522924 ], [ 9.092194867572243, 45.722476539897492 ], [ 9.092610313725785, 45.722947771059289 ], [ 9.093054528940714, 45.723391986274216 ], [ 9.093525760102512, 45.723807432427762 ], [ 9.094022147477075, 45.724192469943752 ], [ 9.09454173205021, 45.724545579255022 ], [ 9.095082463258983, 45.724865366800444 ], [ 9.095642207084349, 45.725150570524661 ], [ 9.096218754473153, 45.725400064858889 ], [ 9.09680983005625, 45.725612865162951 ], [ 9.097413101128351, 45.725788131611289 ], [ 9.098026186854142, 45.725925172507289 ], [ 9.098646667664356, 45.726023447013148 ], [ 9.099272094804707, 45.726082567284287 ], [ 9.0999, 45.7261023 ], [ 9.100527905195293, 45.726082567284287 ], [ 9.101153332335643, 45.726023447013148 ], [ 9.101773813145858, 45.725925172507289 ], [ 9.102386898871648, 45.725788131611289 ], [ 9.10299016994375, 45.725612865162951 ], [ 9.103581245526847, 45.725400064858889 ], [ 9.10415779291565, 45.725150570524661 ], [ 9.104717536741017, 45.724865366800444 ], [ 9.10525826794979, 45.724545579255022 ], [ 9.105777852522925, 45.724192469943752 ], [ 9.106274239897488, 45.723807432427762 ], [ 9.106745471059286, 45.723391986274216 ], [ 9.107189686274214, 45.722947771059289 ], [ 9.107605132427757, 45.722476539897492 ], [ 9.107990169943749, 45.721980152522924 ], [ 9.108119880558553, 45.721789289149257 ], [ 9.10832802947534, 45.722270292915653 ], [ 9.108613233199561, 45.722830036741016 ], [ 9.108933020744979, 45.723370767949788 ], [ 9.109286130056251, 45.723890352522922 ], [ 9.109671167572243, 45.72438673989749 ], [ 9.110086613725786, 45.724857971059286 ], [ 9.110530828940714, 45.725302186274213 ], [ 9.111002060102512, 45.725717632427759 ], [ 9.111498447477075, 45.726102669943749 ], [ 9.11201803205021, 45.726455779255019 ], [ 9.112558763258983, 45.726775566800441 ], [ 9.11311850708435, 45.727060770524659 ], [ 9.113695054473153, 45.727310264858886 ], [ 9.11428613005625, 45.727523065162949 ], [ 9.114889401128352, 45.727698331611286 ], [ 9.115502486854142, 45.727835372507286 ], [ 9.116122967664356, 45.727933647013145 ], [ 9.116748394804707, 45.727992767284285 ], [ 9.1173763, 45.7280125 ], [ 9.118004205195293, 45.727992767284285 ], [ 9.118629632335644, 45.727933647013145 ], [ 9.119250113145858, 45.727835372507286 ], [ 9.119863198871649, 45.727698331611286 ], [ 9.12046646994375, 45.727523065162949 ], [ 9.121057545526847, 45.727310264858886 ], [ 9.121634092915651, 45.727060770524659 ], [ 9.122193836741017, 45.726775566800441 ], [ 9.12273456794979, 45.726455779255019 ], [ 9.123254152522925, 45.726102669943749 ], [ 9.123750539897488, 45.725717632427759 ], [ 9.124221771059286, 45.725302186274213 ], [ 9.124665986274215, 45.724857971059286 ], [ 9.125081432427757, 45.72438673989749 ], [ 9.125466469943749, 45.723890352522922 ], [ 9.125819579255021, 45.723370767949788 ], [ 9.125975665628431, 45.723106840306023 ], [ 9.126050730056249, 45.72313386516295 ], [ 9.126654001128351, 45.723309131611288 ], [ 9.127267086854141, 45.723446172507288 ], [ 9.127887567664356, 45.723544447013147 ], [ 9.128512994804707, 45.723603567284286 ], [ 9.1291409, 45.7236233 ], [ 9.129768805195292, 45.723603567284286 ], [ 9.130394232335643, 45.723544447013147 ], [ 9.131014713145857, 45.723446172507288 ], [ 9.131627798871648, 45.723309131611288 ], [ 9.132231069943749, 45.72313386516295 ], [ 9.132822145526847, 45.722921064858888 ], [ 9.13339869291565, 45.72267157052466 ], [ 9.133958436741016, 45.722386366800443 ], [ 9.134499167949789, 45.722066579255021 ], [ 9.135018752522925, 45.721713469943751 ], [ 9.135515139897487, 45.721328432427761 ], [ 9.135986371059285, 45.720912986274215 ], [ 9.136430586274214, 45.720468771059288 ], [ 9.136846032427757, 45.719997539897491 ], [ 9.137231069943748, 45.719501152522923 ], [ 9.13758417925502, 45.71898156794979 ], [ 9.137903966800438, 45.718440836741017 ], [ 9.13818917052466, 45.717881092915654 ], [ 9.138438664858882, 45.717304545526851 ], [ 9.138651465162951, 45.716713469943748 ], [ 9.138826731611285, 45.716110198871654 ], [ 9.138963772507287, 45.715497113145858 ], [ 9.139062047013145, 45.714876632335645 ], [ 9.139121167284282, 45.714251205195296 ], [ 9.1391409, 45.7136233 ], [ 9.139121167284282, 45.712995394804707 ], [ 9.139062047013145, 45.712369967664358 ], [ 9.138963772507287, 45.711749486854146 ], [ 9.138826731611285, 45.71113640112835 ], [ 9.138651465162951, 45.710533130056255 ], [ 9.138438664858882, 45.709942054473153 ], [ 9.13818917052466, 45.70936550708435 ] ] ], [ [ [ 9.126282286274215, 45.73476592894071 ], [ 9.125838071059286, 45.734321713725784 ], [ 9.125366839897488, 45.733906267572237 ], [ 9.124870452522925, 45.733521230056247 ], [ 9.12435086794979, 45.733168120744978 ], [ 9.123810136741017, 45.732848333199556 ], [ 9.123250392915651, 45.732563129475338 ], [ 9.122673845526847, 45.732313635141111 ], [ 9.12208276994375, 45.732100834837048 ], [ 9.121479498871649, 45.731925568388711 ], [ 9.120866413145858, 45.731788527492711 ], [ 9.120245932335644, 45.731690252986851 ], [ 9.119620505195293, 45.731631132715712 ], [ 9.1189926, 45.7316114 ], [ 9.118364694804708, 45.731631132715712 ], [ 9.117739267664357, 45.731690252986851 ], [ 9.117118786854142, 45.731788527492711 ], [ 9.116505701128352, 45.731925568388711 ], [ 9.11590243005625, 45.732100834837048 ], [ 9.115311354473153, 45.732313635141111 ], [ 9.11473480708435, 45.732563129475338 ], [ 9.114175063258983, 45.732848333199556 ], [ 9.113634332050211, 45.733168120744978 ], [ 9.113114747477075, 45.733521230056247 ], [ 9.112618360102513, 45.733906267572237 ], [ 9.112147128940714, 45.734321713725784 ], [ 9.111702913725786, 45.73476592894071 ], [ 9.111287467572243, 45.735237160102507 ], [ 9.110902430056251, 45.735733547477075 ], [ 9.11054932074498, 45.736253132050209 ], [ 9.110229533199561, 45.736793863258981 ], [ 9.10994432947534, 45.737353607084344 ], [ 9.109694835141118, 45.737930154473148 ], [ 9.109482034837049, 45.73852123005625 ], [ 9.109306768388715, 45.739124501128344 ], [ 9.109169727492713, 45.73973758685414 ], [ 9.109071452986855, 45.740358067664353 ], [ 9.109012332715718, 45.740983494804702 ], [ 9.1089926, 45.7416114 ], [ 9.109012332715718, 45.742239305195291 ], [ 9.109071452986855, 45.74286473233564 ], [ 9.109169727492713, 45.743485213145853 ], [ 9.109306768388715, 45.744098298871648 ], [ 9.109482034837049, 45.744701569943743 ], [ 9.109694835141118, 45.745292645526845 ], [ 9.10994432947534, 45.745869192915649 ], [ 9.110229533199561, 45.746428936741012 ], [ 9.11054932074498, 45.746969667949784 ], [ 9.110902430056251, 45.747489252522918 ], [ 9.111287467572243, 45.747985639897486 ], [ 9.111702913725786, 45.748456871059282 ], [ 9.112147128940714, 45.748901086274209 ], [ 9.112618360102513, 45.749316532427756 ], [ 9.113114747477075, 45.749701569943745 ], [ 9.113634332050211, 45.750054679255015 ], [ 9.114175063258983, 45.750374466800437 ], [ 9.11473480708435, 45.750659670524655 ], [ 9.115311354473153, 45.750909164858882 ], [ 9.11590243005625, 45.751121965162945 ], [ 9.116505701128352, 45.751297231611282 ], [ 9.117118786854142, 45.751434272507282 ], [ 9.117739267664357, 45.751532547013142 ], [ 9.118364694804708, 45.751591667284281 ], [ 9.1189926, 45.7516114 ], [ 9.119620505195293, 45.751591667284281 ], [ 9.119970535528301, 45.75155857967605 ], [ 9.120164035141118, 45.752096045526848 ], [ 9.120413529475339, 45.752672592915651 ], [ 9.120698733199561, 45.753232336741014 ], [ 9.121018520744979, 45.753773067949787 ], [ 9.121371630056251, 45.754292652522921 ], [ 9.121756667572242, 45.754789039897489 ], [ 9.122083775664272, 45.755160071197032 ], [ 9.121603847477076, 45.755486230056249 ], [ 9.121107460102513, 45.755871267572239 ], [ 9.120636228940715, 45.756286713725785 ], [ 9.120192013725786, 45.756730928940712 ], [ 9.119776567572243, 45.757202160102509 ], [ 9.119391530056252, 45.757698547477077 ], [ 9.11903842074498, 45.75821813205021 ], [ 9.118718633199562, 45.758758863258983 ], [ 9.11843342947534, 45.759318607084346 ], [ 9.118183935141118, 45.759895154473149 ], [ 9.117971134837049, 45.760486230056252 ], [ 9.117795868388715, 45.761089501128346 ], [ 9.117658827492713, 45.761702586854142 ], [ 9.117560552986856, 45.762323067664354 ], [ 9.117501432715718, 45.762948494804704 ], [ 9.1174817, 45.7635764 ], [ 9.117501432715718, 45.764204305195292 ], [ 9.117560552986856, 45.764829732335642 ], [ 9.117658827492713, 45.765450213145854 ], [ 9.117795868388715, 45.76606329887165 ], [ 9.117971134837049, 45.766666569943744 ], [ 9.118183935141118, 45.767257645526847 ], [ 9.11843342947534, 45.76783419291565 ], [ 9.118718633199562, 45.768393936741013 ], [ 9.11903842074498, 45.768934667949786 ], [ 9.119391530056252, 45.76945425252292 ], [ 9.119776567572243, 45.769950639897488 ], [ 9.120192013725786, 45.770421871059284 ], [ 9.120636228940715, 45.770866086274211 ], [ 9.121107460102513, 45.771281532427757 ], [ 9.121603847477076, 45.771666569943747 ], [ 9.122123432050211, 45.772019679255017 ], [ 9.122664163258984, 45.772339466800439 ], [ 9.12322390708435, 45.772624670524657 ], [ 9.123800454473153, 45.772874164858884 ], [ 9.124391530056251, 45.773086965162946 ], [ 9.124994801128352, 45.773262231611284 ], [ 9.125607886854143, 45.773399272507284 ], [ 9.126228367664357, 45.773497547013143 ], [ 9.126853794804708, 45.773556667284282 ], [ 9.1274817, 45.7735764 ], [ 9.128109605195293, 45.773556667284282 ], [ 9.128735032335644, 45.773497547013143 ], [ 9.129355513145859, 45.773399272507284 ], [ 9.129968598871649, 45.773262231611284 ], [ 9.130571869943751, 45.773086965162946 ], [ 9.131162945526848, 45.772874164858884 ], [ 9.131739492915651, 45.772624670524657 ], [ 9.132299236741018, 45.772339466800439 ], [ 9.13283996794979, 45.772019679255017 ], [ 9.133359552522926, 45.771666569943747 ], [ 9.133855939897488, 45.771281532427757 ], [ 9.134327171059287, 45.770866086274211 ], [ 9.134541757765929, 45.77065149956757 ], [ 9.134558652986854, 45.770830232335641 ], [ 9.134656927492712, 45.771450713145853 ], [ 9.134793968388713, 45.772063798871649 ], [ 9.134969234837047, 45.772667069943743 ], [ 9.135182035141117, 45.773258145526846 ], [ 9.135431529475339, 45.773834692915649 ], [ 9.13571673319956, 45.774394436741012 ], [ 9.136036520744979, 45.774935167949785 ], [ 9.13638963005625, 45.775454752522919 ], [ 9.136774667572242, 45.775951139897487 ], [ 9.137190113725785, 45.776422371059283 ], [ 9.137634328940713, 45.77686658627421 ], [ 9.138105560102511, 45.777282032427756 ], [ 9.138601947477074, 45.777667069943746 ], [ 9.139121532050209, 45.778020179255016 ], [ 9.139662263258982, 45.778339966800438 ], [ 9.140222007084349, 45.778625170524656 ], [ 9.140798554473152, 45.778874664858883 ], [ 9.141389630056249, 45.779087465162945 ], [ 9.141992901128351, 45.779262731611283 ], [ 9.142605986854141, 45.779399772507283 ], [ 9.143226467664356, 45.779498047013142 ], [ 9.143851894804707, 45.779557167284281 ], [ 9.1444798, 45.7795769 ], [ 9.145107705195292, 45.779557167284281 ], [ 9.145733132335643, 45.779498047013142 ], [ 9.146353613145857, 45.779399772507283 ], [ 9.146966698871648, 45.779262731611283 ], [ 9.147569969943749, 45.779087465162945 ], [ 9.148161045526846, 45.778874664858883 ], [ 9.14873759291565, 45.778625170524656 ], [ 9.149297336741016, 45.778339966800438 ], [ 9.149838067949789, 45.778020179255016 ], [ 9.150357652522924, 45.777667069943746 ], [ 9.150854039897487, 45.777282032427756 ], [ 9.151325271059285, 45.77686658627421 ], [ 9.151769486274214, 45.776422371059283 ], [ 9.152184932427756, 45.775951139897487 ], [ 9.152569969943748, 45.775454752522919 ], [ 9.15292307925502, 45.774935167949785 ], [ 9.153242866800438, 45.774394436741012 ], [ 9.15341641536633, 45.774053828502382 ], [ 9.153578201128351, 45.774100831611285 ], [ 9.154191286854141, 45.774237872507285 ], [ 9.154811767664356, 45.774336147013145 ], [ 9.155437194804707, 45.774395267284284 ], [ 9.1560651, 45.774415 ], [ 9.156693005195292, 45.774395267284284 ], [ 9.157318432335643, 45.774336147013145 ], [ 9.157938913145857, 45.774237872507285 ], [ 9.158551998871648, 45.774100831611285 ], [ 9.159155269943749, 45.773925565162948 ], [ 9.159746345526846, 45.773712764858885 ], [ 9.16032289291565, 45.773463270524658 ], [ 9.160882636741016, 45.77317806680044 ], [ 9.161423367949789, 45.772858279255018 ], [ 9.161942952522924, 45.772505169943749 ], [ 9.162439339897487, 45.772120132427759 ], [ 9.162910571059285, 45.771704686274212 ], [ 9.163354786274214, 45.771260471059286 ], [ 9.163770232427757, 45.770789239897489 ], [ 9.164155269943748, 45.770292852522921 ], [ 9.16450837925502, 45.769773267949788 ], [ 9.164828166800438, 45.769232536741015 ], [ 9.16511337052466, 45.768672792915652 ], [ 9.165362864858881, 45.768096245526849 ], [ 9.165575665162951, 45.767505169943746 ], [ 9.165750931611285, 45.766901898871652 ], [ 9.165887972507287, 45.766288813145856 ], [ 9.165986247013144, 45.765668332335643 ], [ 9.166045367284282, 45.765042905195294 ], [ 9.1660651, 45.764415 ], [ 9.166045367284282, 45.763787094804705 ], [ 9.165986247013144, 45.763161667664356 ], [ 9.165887972507287, 45.762541186854143 ], [ 9.165750931611285, 45.761928101128348 ], [ 9.165575665162951, 45.761324830056253 ], [ 9.165362864858881, 45.760733754473151 ], [ 9.16511337052466, 45.760157207084347 ], [ 9.164828166800438, 45.759597463258984 ], [ 9.16450837925502, 45.759056732050212 ], [ 9.164155269943748, 45.758537147477078 ], [ 9.163770232427757, 45.75804076010251 ], [ 9.163354786274214, 45.757569528940714 ], [ 9.162910571059285, 45.757125313725787 ], [ 9.162439339897487, 45.756709867572241 ], [ 9.161942952522924, 45.756324830056251 ], [ 9.161423367949789, 45.755971720744981 ], [ 9.160882636741016, 45.755651933199559 ], [ 9.16032289291565, 45.755366729475341 ], [ 9.159746345526846, 45.755117235141114 ], [ 9.159155269943749, 45.754904434837051 ], [ 9.158551998871648, 45.754729168388714 ], [ 9.157938913145857, 45.754592127492714 ], [ 9.157318432335643, 45.754493852986855 ], [ 9.156693005195292, 45.754434732715715 ], [ 9.1560651, 45.754415 ], [ 9.155437194804707, 45.754434732715715 ], [ 9.154811767664356, 45.754493852986855 ], [ 9.154191286854141, 45.754592127492714 ], [ 9.153578201128351, 45.754729168388714 ], [ 9.152974930056249, 45.754904434837051 ], [ 9.152383854473152, 45.755117235141114 ], [ 9.151807307084349, 45.755366729475341 ], [ 9.151247563258982, 45.755651933199559 ], [ 9.15070683205021, 45.755971720744981 ], [ 9.150187247477074, 45.756324830056251 ], [ 9.149690860102512, 45.756709867572241 ], [ 9.149219628940713, 45.757125313725787 ], [ 9.148775413725785, 45.757569528940714 ], [ 9.148359967572242, 45.75804076010251 ], [ 9.14797493005625, 45.758537147477078 ], [ 9.147621820744979, 45.759056732050212 ], [ 9.14730203319956, 45.759597463258984 ], [ 9.147128484633669, 45.759938071497615 ], [ 9.146966698871648, 45.759891068388711 ], [ 9.146353613145857, 45.759754027492711 ], [ 9.145733132335643, 45.759655752986852 ], [ 9.145107705195292, 45.759596632715713 ], [ 9.1444798, 45.7595769 ], [ 9.143851894804707, 45.759596632715713 ], [ 9.143226467664356, 45.759655752986852 ], [ 9.142605986854141, 45.759754027492711 ], [ 9.141992901128351, 45.759891068388711 ], [ 9.141389630056249, 45.760066334837049 ], [ 9.140798554473152, 45.760279135141111 ], [ 9.140222007084349, 45.760528629475338 ], [ 9.139662263258982, 45.760813833199556 ], [ 9.139121532050209, 45.761133620744978 ], [ 9.138601947477074, 45.761486730056248 ], [ 9.138105560102511, 45.761871767572238 ], [ 9.137634328940713, 45.762287213725784 ], [ 9.137419742234071, 45.762501800432425 ], [ 9.137402847013146, 45.762323067664354 ], [ 9.137304572507288, 45.761702586854142 ], [ 9.137167531611286, 45.761089501128346 ], [ 9.136992265162952, 45.760486230056252 ], [ 9.136779464858883, 45.759895154473149 ], [ 9.136529970524661, 45.759318607084346 ], [ 9.13624476680044, 45.758758863258983 ], [ 9.135924979255021, 45.75821813205021 ], [ 9.13557186994375, 45.757698547477077 ], [ 9.135186832427758, 45.757202160102509 ], [ 9.134859724335728, 45.756831128802965 ], [ 9.135339652522925, 45.756504969943748 ], [ 9.135836039897487, 45.756119932427758 ], [ 9.136307271059286, 45.755704486274212 ], [ 9.136751486274214, 45.755260271059285 ], [ 9.137166932427757, 45.754789039897489 ], [ 9.137551969943749, 45.754292652522921 ], [ 9.13790507925502, 45.753773067949787 ], [ 9.138224866800439, 45.753232336741014 ], [ 9.13851007052466, 45.752672592915651 ], [ 9.138759564858882, 45.752096045526848 ], [ 9.138972365162951, 45.751504969943745 ], [ 9.139147631611285, 45.750901698871651 ], [ 9.139284672507287, 45.750288613145855 ], [ 9.139382947013145, 45.749668132335643 ], [ 9.139442067284282, 45.749042705195293 ], [ 9.1394618, 45.7484148 ], [ 9.139442067284282, 45.747786894804705 ], [ 9.139382947013145, 45.747161467664355 ], [ 9.139284672507287, 45.746540986854143 ], [ 9.139147631611285, 45.745927901128347 ], [ 9.138972365162951, 45.745324630056253 ], [ 9.138759564858882, 45.74473355447315 ], [ 9.13851007052466, 45.744157007084347 ], [ 9.138224866800439, 45.743597263258984 ], [ 9.13790507925502, 45.743056532050211 ], [ 9.137551969943749, 45.742536947477078 ], [ 9.137166932427757, 45.74204056010251 ], [ 9.136751486274214, 45.741569328940713 ], [ 9.136307271059286, 45.741125113725786 ], [ 9.135836039897487, 45.74070966757224 ], [ 9.135339652522925, 45.74032463005625 ], [ 9.134820067949789, 45.73997152074498 ], [ 9.134279336741017, 45.739651733199558 ], [ 9.13371959291565, 45.73936652947534 ], [ 9.133143045526847, 45.739117035141113 ], [ 9.13255196994375, 45.738904234837051 ], [ 9.131948698871648, 45.738728968388713 ], [ 9.131335613145858, 45.738591927492713 ], [ 9.130715132335643, 45.738493652986854 ], [ 9.130089705195292, 45.738434532715715 ], [ 9.1294618, 45.7384148 ], [ 9.128833894804707, 45.738434532715715 ], [ 9.128483864471699, 45.738467620323945 ], [ 9.128290364858882, 45.737930154473148 ], [ 9.128040870524661, 45.737353607084344 ], [ 9.127755666800439, 45.736793863258981 ], [ 9.127435879255021, 45.736253132050209 ], [ 9.127082769943749, 45.735733547477075 ], [ 9.126697732427758, 45.735237160102507 ], [ 9.126282286274215, 45.73476592894071 ] ] ], [ [ [ 9.154033, 45.790226 ], [ 9.153405094804707, 45.790245732715718 ], [ 9.152779667664356, 45.790304852986857 ], [ 9.152159186854142, 45.790403127492716 ], [ 9.151546101128352, 45.790540168388716 ], [ 9.15094283005625, 45.790715434837054 ], [ 9.150351754473153, 45.790928235141116 ], [ 9.14977520708435, 45.791177729475343 ], [ 9.149215463258983, 45.791462933199561 ], [ 9.14867473205021, 45.791782720744983 ], [ 9.148155147477075, 45.792135830056253 ], [ 9.147658760102512, 45.792520867572243 ], [ 9.147187528940714, 45.792936313725789 ], [ 9.146743313725786, 45.793380528940716 ], [ 9.146327867572243, 45.793851760102513 ], [ 9.145942830056251, 45.794348147477081 ], [ 9.145589720744979, 45.794867732050214 ], [ 9.145269933199561, 45.795408463258987 ], [ 9.14498472947534, 45.79596820708435 ], [ 9.144735235141118, 45.796544754473153 ], [ 9.144522434837048, 45.797135830056256 ], [ 9.144347168388714, 45.79773910112835 ], [ 9.144210127492713, 45.798352186854146 ], [ 9.144111852986855, 45.798972667664358 ], [ 9.144052732715718, 45.799598094804708 ], [ 9.144033, 45.800226 ], [ 9.144052732715718, 45.800853905195297 ], [ 9.144111852986855, 45.801479332335646 ], [ 9.144210127492713, 45.802099813145858 ], [ 9.144347168388714, 45.802712898871654 ], [ 9.144522434837048, 45.803316169943749 ], [ 9.144735235141118, 45.803907245526851 ], [ 9.14498472947534, 45.804483792915654 ], [ 9.145269933199561, 45.805043536741017 ], [ 9.145589720744979, 45.80558426794979 ], [ 9.145942830056251, 45.806103852522924 ], [ 9.146327867572243, 45.806600239897492 ], [ 9.146743313725786, 45.807071471059288 ], [ 9.147187528940714, 45.807515686274215 ], [ 9.147658760102512, 45.807931132427761 ], [ 9.148155147477075, 45.808316169943751 ], [ 9.14867473205021, 45.808669279255021 ], [ 9.149215463258983, 45.808989066800443 ], [ 9.14977520708435, 45.809274270524661 ], [ 9.150351754473153, 45.809523764858888 ], [ 9.15094283005625, 45.80973656516295 ], [ 9.151546101128352, 45.809911831611288 ], [ 9.152159186854142, 45.810048872507288 ], [ 9.152779667664356, 45.810147147013147 ], [ 9.153405094804707, 45.810206267284286 ], [ 9.154033, 45.810226 ], [ 9.154660905195293, 45.810206267284286 ], [ 9.155286332335644, 45.810147147013147 ], [ 9.155906813145858, 45.810048872507288 ], [ 9.156519898871649, 45.809911831611288 ], [ 9.15712316994375, 45.80973656516295 ], [ 9.157714245526847, 45.809523764858888 ], [ 9.158290792915651, 45.809274270524661 ], [ 9.158850536741017, 45.808989066800443 ], [ 9.15939126794979, 45.808669279255021 ], [ 9.159910852522925, 45.808316169943751 ], [ 9.160407239897488, 45.807931132427761 ], [ 9.160878471059286, 45.807515686274215 ], [ 9.161322686274215, 45.807071471059288 ], [ 9.161738132427757, 45.806600239897492 ], [ 9.162123169943749, 45.806103852522924 ], [ 9.162325931523515, 45.805805497918534 ], [ 9.162752994804707, 45.805845867284283 ], [ 9.1633809, 45.8058656 ], [ 9.164008805195293, 45.805845867284283 ], [ 9.164634232335644, 45.805786747013144 ], [ 9.165254713145858, 45.805688472507285 ], [ 9.165867798871648, 45.805551431611285 ], [ 9.16647106994375, 45.805376165162947 ], [ 9.167062145526847, 45.805163364858885 ], [ 9.16763869291565, 45.804913870524658 ], [ 9.168198436741017, 45.80462866680044 ], [ 9.16873916794979, 45.804308879255018 ], [ 9.169258752522925, 45.803955769943748 ], [ 9.169755139897488, 45.803570732427758 ], [ 9.170226371059286, 45.803155286274212 ], [ 9.170670586274214, 45.802711071059285 ], [ 9.171086032427757, 45.802239839897489 ], [ 9.171471069943749, 45.801743452522921 ], [ 9.171824179255021, 45.801223867949787 ], [ 9.172143966800439, 45.800683136741014 ], [ 9.17242917052466, 45.800123392915651 ], [ 9.172678664858882, 45.799546845526848 ], [ 9.172891465162952, 45.798955769943746 ], [ 9.173066731611286, 45.798352498871651 ], [ 9.173203772507287, 45.797739413145855 ], [ 9.173302047013145, 45.797118932335643 ], [ 9.173361167284282, 45.796493505195293 ], [ 9.1733809, 45.7958656 ], [ 9.173361167284282, 45.795237694804705 ], [ 9.173302047013145, 45.794612267664355 ], [ 9.173203772507287, 45.793991786854143 ], [ 9.173066731611286, 45.793378701128347 ], [ 9.172891465162952, 45.792775430056253 ], [ 9.172678664858882, 45.79218435447315 ], [ 9.17242917052466, 45.791607807084347 ], [ 9.172143966800439, 45.791048063258984 ], [ 9.171824179255021, 45.790507332050211 ], [ 9.171471069943749, 45.789987747477078 ], [ 9.171086032427757, 45.78949136010251 ], [ 9.170670586274214, 45.789020128940713 ], [ 9.170226371059286, 45.788575913725786 ], [ 9.169755139897488, 45.78816046757224 ], [ 9.169258752522925, 45.78777543005625 ], [ 9.16873916794979, 45.78742232074498 ], [ 9.168198436741017, 45.787102533199558 ], [ 9.16763869291565, 45.78681732947534 ], [ 9.167062145526847, 45.786567835141113 ], [ 9.16647106994375, 45.786355034837051 ], [ 9.165867798871648, 45.786179768388713 ], [ 9.165254713145858, 45.786042727492713 ], [ 9.164634232335644, 45.785944452986854 ], [ 9.164008805195293, 45.785885332715715 ], [ 9.1633809, 45.7858656 ], [ 9.162752994804707, 45.785885332715715 ], [ 9.162127567664356, 45.785944452986854 ], [ 9.161507086854142, 45.786042727492713 ], [ 9.160894001128352, 45.786179768388713 ], [ 9.16029073005625, 45.786355034837051 ], [ 9.159699654473153, 45.786567835141113 ], [ 9.15912310708435, 45.78681732947534 ], [ 9.158563363258983, 45.787102533199558 ], [ 9.15802263205021, 45.78742232074498 ], [ 9.157503047477075, 45.78777543005625 ], [ 9.157006660102512, 45.78816046757224 ], [ 9.156535428940714, 45.788575913725786 ], [ 9.156091213725785, 45.789020128940713 ], [ 9.155675767572243, 45.78949136010251 ], [ 9.155290730056251, 45.789987747477078 ], [ 9.155087968476485, 45.790286102081467 ], [ 9.154660905195293, 45.790245732715718 ], [ 9.154033, 45.790226 ] ] ], [ [ [ 9.145278829475339, 45.91009430708435 ], [ 9.145029335141118, 45.910670854473153 ], [ 9.144816534837048, 45.911261930056256 ], [ 9.144641268388714, 45.91186520112835 ], [ 9.144504227492712, 45.912478286854146 ], [ 9.144405952986855, 45.913098767664358 ], [ 9.144346832715717, 45.913724194804708 ], [ 9.1443271, 45.9143521 ], [ 9.144346832715717, 45.914980005195297 ], [ 9.144405952986855, 45.915605432335646 ], [ 9.144504227492712, 45.916225913145858 ], [ 9.144641268388714, 45.916838998871654 ], [ 9.144816534837048, 45.917442269943749 ], [ 9.145029335141118, 45.918033345526851 ], [ 9.145278829475339, 45.918609892915654 ], [ 9.145564033199561, 45.919169636741017 ], [ 9.145883820744979, 45.91971036794979 ], [ 9.146236930056251, 45.920229952522924 ], [ 9.146621967572242, 45.920726339897492 ], [ 9.147037413725785, 45.921197571059288 ], [ 9.147481628940714, 45.921641786274215 ], [ 9.147952860102512, 45.922057232427761 ], [ 9.148449247477075, 45.922442269943751 ], [ 9.14896883205021, 45.922795379255021 ], [ 9.149509563258983, 45.923115166800443 ], [ 9.150069307084349, 45.923400370524661 ], [ 9.150645854473153, 45.923649864858888 ], [ 9.15123693005625, 45.92386266516295 ], [ 9.151840201128351, 45.924037931611288 ], [ 9.152453286854142, 45.924174972507288 ], [ 9.153073767664356, 45.924273247013147 ], [ 9.153699194804707, 45.924332367284286 ], [ 9.1543271, 45.9243521 ], [ 9.154955005195292, 45.924332367284286 ], [ 9.155580432335643, 45.924273247013147 ], [ 9.156200913145858, 45.924174972507288 ], [ 9.156813998871648, 45.924037931611288 ], [ 9.15741726994375, 45.92386266516295 ], [ 9.158008345526847, 45.923649864858888 ], [ 9.15858489291565, 45.923400370524661 ], [ 9.159144636741017, 45.923115166800443 ], [ 9.159685367949789, 45.922795379255021 ], [ 9.160204952522925, 45.922442269943751 ], [ 9.160701339897487, 45.922057232427761 ], [ 9.161172571059286, 45.921641786274215 ], [ 9.161616786274214, 45.921197571059288 ], [ 9.162032232427757, 45.920726339897492 ], [ 9.162301359472727, 45.920379383401752 ], [ 9.162487698871649, 45.920337731611284 ], [ 9.163090969943751, 45.920162465162946 ], [ 9.163682045526848, 45.919949664858883 ], [ 9.164258592915651, 45.919700170524656 ], [ 9.164818336741018, 45.919414966800439 ], [ 9.16535906794979, 45.919095179255017 ], [ 9.165878652522926, 45.918742069943747 ], [ 9.166375039897488, 45.918357032427757 ], [ 9.166846271059287, 45.91794158627421 ], [ 9.167290486274215, 45.917497371059284 ], [ 9.167705932427758, 45.917026139897487 ], [ 9.16809096994375, 45.916529752522919 ], [ 9.168444079255021, 45.916010167949786 ], [ 9.16876386680044, 45.915469436741013 ], [ 9.169049070524661, 45.91490969291565 ], [ 9.169298564858883, 45.914333145526847 ], [ 9.169511365162952, 45.913742069943744 ], [ 9.169686631611286, 45.91313879887165 ], [ 9.169823672507288, 45.912525713145854 ], [ 9.169921947013146, 45.911905232335641 ], [ 9.169981067284283, 45.911279805195292 ], [ 9.1700008, 45.9106519 ], [ 9.169981067284283, 45.910023994804703 ], [ 9.169921947013146, 45.909398567664354 ], [ 9.169823672507288, 45.908778086854142 ], [ 9.169686631611286, 45.908165001128346 ], [ 9.169511365162952, 45.907561730056251 ], [ 9.169298564858883, 45.906970654473149 ], [ 9.169049070524661, 45.906394107084346 ], [ 9.16876386680044, 45.905834363258982 ], [ 9.168444079255021, 45.90529363205021 ], [ 9.16809096994375, 45.904774047477076 ], [ 9.167705932427758, 45.904277660102508 ], [ 9.167290486274215, 45.903806428940712 ], [ 9.166846271059287, 45.903362213725785 ], [ 9.166375039897488, 45.902946767572239 ], [ 9.165878652522926, 45.902561730056249 ], [ 9.16535906794979, 45.902208620744979 ], [ 9.164818336741018, 45.901888833199557 ], [ 9.164258592915651, 45.901603629475339 ], [ 9.163682045526848, 45.901354135141112 ], [ 9.163090969943751, 45.90114133483705 ], [ 9.162487698871649, 45.900966068388712 ], [ 9.161874613145859, 45.900829027492712 ], [ 9.161254132335644, 45.900730752986853 ], [ 9.160628705195293, 45.900671632715714 ], [ 9.1600008, 45.9006519 ], [ 9.159372894804708, 45.900671632715714 ], [ 9.158747467664357, 45.900730752986853 ], [ 9.158364364160724, 45.900791430620863 ], [ 9.158168298871649, 45.900734468388713 ], [ 9.157555213145859, 45.900597427492713 ], [ 9.156934732335644, 45.900499152986853 ], [ 9.156309305195293, 45.900440032715714 ], [ 9.1556814, 45.9004203 ], [ 9.155053494804708, 45.900440032715714 ], [ 9.154428067664357, 45.900499152986853 ], [ 9.153807586854143, 45.900597427492713 ], [ 9.153194501128352, 45.900734468388713 ], [ 9.152591230056251, 45.90090973483705 ], [ 9.152000154473154, 45.901122535141113 ], [ 9.15142360708435, 45.90137202947534 ], [ 9.150863863258984, 45.901657233199558 ], [ 9.150323132050211, 45.90197702074498 ], [ 9.149803547477076, 45.902330130056249 ], [ 9.149307160102513, 45.902715167572239 ], [ 9.148835928940715, 45.903130613725786 ], [ 9.148391713725786, 45.903574828940712 ], [ 9.147976267572243, 45.904046060102509 ], [ 9.147591230056252, 45.904542447477077 ], [ 9.14723812074498, 45.905062032050211 ], [ 9.146918333199562, 45.905602763258983 ], [ 9.14663312947534, 45.906162507084346 ], [ 9.146383635141119, 45.90673905447315 ], [ 9.146170834837049, 45.907330130056252 ], [ 9.145995568388715, 45.907933401128346 ], [ 9.145858527492713, 45.908546486854142 ], [ 9.145760252986856, 45.909166967664355 ], [ 9.145756224397173, 45.909209585691571 ], [ 9.145564033199561, 45.909534563258987 ], [ 9.145278829475339, 45.91009430708435 ] ] ], [ [ [ 9.112013070524661, 45.91620620708435 ], [ 9.11172786680044, 45.915646463258987 ], [ 9.111408079255021, 45.915105732050215 ], [ 9.11105496994375, 45.914586147477081 ], [ 9.110669932427758, 45.914089760102513 ], [ 9.110254486274215, 45.913618528940717 ], [ 9.109810271059287, 45.91317431372579 ], [ 9.109339039897488, 45.912758867572244 ], [ 9.108842652522926, 45.912373830056254 ], [ 9.10832306794979, 45.912020720744984 ], [ 9.107782336741018, 45.911700933199562 ], [ 9.107222592915651, 45.911415729475344 ], [ 9.106646045526848, 45.911166235141117 ], [ 9.106054969943751, 45.910953434837054 ], [ 9.105451698871649, 45.910778168388717 ], [ 9.104838613145859, 45.910641127492717 ], [ 9.104218132335644, 45.910542852986858 ], [ 9.103592705195293, 45.910483732715718 ], [ 9.1029648, 45.910464 ], [ 9.102336894804708, 45.910483732715718 ], [ 9.101711467664357, 45.910542852986858 ], [ 9.101090986854143, 45.910641127492717 ], [ 9.100477901128352, 45.910778168388717 ], [ 9.099874630056251, 45.910953434837054 ], [ 9.099283554473153, 45.911166235141117 ], [ 9.09870700708435, 45.911415729475344 ], [ 9.098147263258983, 45.911700933199562 ], [ 9.097606532050211, 45.912020720744984 ], [ 9.097086947477075, 45.912373830056254 ], [ 9.096590560102513, 45.912758867572244 ], [ 9.096119328940715, 45.91317431372579 ], [ 9.095675113725786, 45.913618528940717 ], [ 9.095259667572243, 45.914089760102513 ], [ 9.094874630056252, 45.914586147477081 ], [ 9.09452152074498, 45.915105732050215 ], [ 9.094201733199561, 45.915646463258987 ], [ 9.09391652947534, 45.91620620708435 ], [ 9.093667035141118, 45.916782754473154 ], [ 9.093454234837049, 45.917373830056256 ], [ 9.093278968388715, 45.917977101128351 ], [ 9.093141927492713, 45.918590186854146 ], [ 9.093043652986855, 45.919210667664359 ], [ 9.092984532715718, 45.919836094804708 ], [ 9.0929648, 45.920464 ], [ 9.092984532715718, 45.921091905195297 ], [ 9.093043652986855, 45.921717332335646 ], [ 9.093141927492713, 45.922337813145859 ], [ 9.093278968388715, 45.922950898871655 ], [ 9.093454234837049, 45.923554169943749 ], [ 9.093667035141118, 45.924145245526852 ], [ 9.09391652947534, 45.924721792915655 ], [ 9.094201733199561, 45.925281536741018 ], [ 9.09452152074498, 45.925822267949791 ], [ 9.094874630056252, 45.926341852522924 ], [ 9.095259667572243, 45.926838239897492 ], [ 9.095675113725786, 45.927309471059289 ], [ 9.096119328940715, 45.927753686274215 ], [ 9.096590560102513, 45.928169132427762 ], [ 9.097086947477075, 45.928554169943752 ], [ 9.097606532050211, 45.928907279255021 ], [ 9.098147263258983, 45.929227066800443 ], [ 9.09870700708435, 45.929512270524661 ], [ 9.099283554473153, 45.929761764858888 ], [ 9.099874630056251, 45.929974565162951 ], [ 9.100477901128352, 45.930149831611288 ], [ 9.101090986854143, 45.930286872507288 ], [ 9.101711467664357, 45.930385147013148 ], [ 9.102336894804708, 45.930444267284287 ], [ 9.1029648, 45.930464 ], [ 9.103592705195293, 45.930444267284287 ], [ 9.104218132335644, 45.930385147013148 ], [ 9.104838613145859, 45.930286872507288 ], [ 9.105451698871649, 45.930149831611288 ], [ 9.106054969943751, 45.929974565162951 ], [ 9.106646045526848, 45.929761764858888 ], [ 9.107222592915651, 45.929512270524661 ], [ 9.107782336741018, 45.929227066800443 ], [ 9.10832306794979, 45.928907279255021 ], [ 9.108842652522926, 45.928554169943752 ], [ 9.109339039897488, 45.928169132427762 ], [ 9.109810271059287, 45.927753686274215 ], [ 9.110254486274215, 45.927309471059289 ], [ 9.110669932427758, 45.926838239897492 ], [ 9.11105496994375, 45.926341852522924 ], [ 9.111408079255021, 45.925822267949791 ], [ 9.11172786680044, 45.925281536741018 ], [ 9.112013070524661, 45.924721792915655 ], [ 9.112262564858883, 45.924145245526852 ], [ 9.112475365162952, 45.923554169943749 ], [ 9.112650631611286, 45.922950898871655 ], [ 9.112787672507288, 45.922337813145859 ], [ 9.112885947013146, 45.921717332335646 ], [ 9.112945067284283, 45.921091905195297 ], [ 9.1129648, 45.920464 ], [ 9.112945067284283, 45.919836094804708 ], [ 9.112885947013146, 45.919210667664359 ], [ 9.112787672507288, 45.918590186854146 ], [ 9.112650631611286, 45.917977101128351 ], [ 9.112475365162952, 45.917373830056256 ], [ 9.112262564858883, 45.916782754473154 ], [ 9.112013070524661, 45.91620620708435 ] ] ], [ [ [ 9.11979447052466, 45.935850507084346 ], [ 9.119509266800438, 45.935290763258983 ], [ 9.11918947925502, 45.934750032050211 ], [ 9.118836369943748, 45.934230447477077 ], [ 9.118451332427757, 45.933734060102509 ], [ 9.118035886274214, 45.933262828940713 ], [ 9.117591671059285, 45.932818613725786 ], [ 9.117120439897487, 45.93240316757224 ], [ 9.116624052522925, 45.93201813005625 ], [ 9.116104467949789, 45.93166502074498 ], [ 9.115563736741016, 45.931345233199558 ], [ 9.11500399291565, 45.93106002947534 ], [ 9.114427445526847, 45.930810535141113 ], [ 9.113836369943749, 45.93059773483705 ], [ 9.113233098871648, 45.930422468388713 ], [ 9.112620013145857, 45.930285427492713 ], [ 9.111999532335643, 45.930187152986854 ], [ 9.111374105195292, 45.930128032715714 ], [ 9.1107462, 45.9301083 ], [ 9.110118294804707, 45.930128032715714 ], [ 9.109492867664356, 45.930187152986854 ], [ 9.108872386854141, 45.930285427492713 ], [ 9.108259301128351, 45.930422468388713 ], [ 9.107656030056249, 45.93059773483705 ], [ 9.107064954473152, 45.930810535141113 ], [ 9.106488407084349, 45.93106002947534 ], [ 9.105928663258982, 45.931345233199558 ], [ 9.10538793205021, 45.93166502074498 ], [ 9.104868347477074, 45.93201813005625 ], [ 9.104371960102512, 45.93240316757224 ], [ 9.104299032806821, 45.932467461632008 ], [ 9.104269798871648, 45.932458968388715 ], [ 9.103656713145858, 45.932321927492715 ], [ 9.103036232335644, 45.932223652986856 ], [ 9.102410805195293, 45.932164532715717 ], [ 9.1017829, 45.9321448 ], [ 9.101154994804707, 45.932164532715717 ], [ 9.100529567664356, 45.932223652986856 ], [ 9.099909086854142, 45.932321927492715 ], [ 9.099296001128351, 45.932458968388715 ], [ 9.09869273005625, 45.932634234837053 ], [ 9.098101654473153, 45.932847035141116 ], [ 9.097525107084349, 45.933096529475343 ], [ 9.096965363258983, 45.93338173319956 ], [ 9.09642463205021, 45.933701520744982 ], [ 9.095905047477075, 45.934054630056252 ], [ 9.095408660102512, 45.934439667572242 ], [ 9.094937428940714, 45.934855113725789 ], [ 9.094493213725785, 45.935299328940715 ], [ 9.094077767572243, 45.935770560102512 ], [ 9.093692730056251, 45.93626694747708 ], [ 9.093339620744979, 45.936786532050213 ], [ 9.093019833199561, 45.937327263258986 ], [ 9.09273462947534, 45.937887007084349 ], [ 9.092485135141118, 45.938463554473152 ], [ 9.092272334837048, 45.939054630056255 ], [ 9.092097068388714, 45.939657901128349 ], [ 9.091960027492712, 45.940270986854145 ], [ 9.091861752986855, 45.940891467664358 ], [ 9.091802632715718, 45.941516894804707 ], [ 9.0917829, 45.9421448 ], [ 9.091802632715718, 45.942772705195296 ], [ 9.091861752986855, 45.943398132335645 ], [ 9.091960027492712, 45.944018613145857 ], [ 9.092097068388714, 45.944631698871653 ], [ 9.092272334837048, 45.945234969943748 ], [ 9.092485135141118, 45.94582604552685 ], [ 9.09273462947534, 45.946402592915653 ], [ 9.093019833199561, 45.946962336741016 ], [ 9.093339620744979, 45.947503067949789 ], [ 9.093692730056251, 45.948022652522923 ], [ 9.094077767572243, 45.948519039897491 ], [ 9.094493213725785, 45.948990271059287 ], [ 9.094937428940714, 45.949434486274214 ], [ 9.095408660102512, 45.94984993242776 ], [ 9.095905047477075, 45.95023496994375 ], [ 9.09642463205021, 45.95058807925502 ], [ 9.096965363258983, 45.950907866800442 ], [ 9.097525107084349, 45.95119307052466 ], [ 9.098101654473153, 45.951442564858887 ], [ 9.09869273005625, 45.951655365162949 ], [ 9.099296001128351, 45.951830631611287 ], [ 9.099909086854142, 45.951967672507287 ], [ 9.100529567664356, 45.952065947013146 ], [ 9.101154994804707, 45.952125067284285 ], [ 9.1017829, 45.9521448 ], [ 9.102410805195293, 45.952125067284285 ], [ 9.103036232335644, 45.952065947013146 ], [ 9.103656713145858, 45.951967672507287 ], [ 9.104269798871648, 45.951830631611287 ], [ 9.10487306994375, 45.951655365162949 ], [ 9.105464145526847, 45.951442564858887 ], [ 9.10604069291565, 45.95119307052466 ], [ 9.106600436741017, 45.950907866800442 ], [ 9.10714116794979, 45.95058807925502 ], [ 9.107660752522925, 45.95023496994375 ], [ 9.107764484927552, 45.95015450684285 ], [ 9.107878501128351, 45.950187631611286 ], [ 9.108491586854141, 45.950324672507286 ], [ 9.109112067664356, 45.950422947013145 ], [ 9.109737494804707, 45.950482067284284 ], [ 9.1103654, 45.9505018 ], [ 9.110993305195292, 45.950482067284284 ], [ 9.111618732335643, 45.950422947013145 ], [ 9.112239213145857, 45.950324672507286 ], [ 9.112852298871648, 45.950187631611286 ], [ 9.113455569943749, 45.950012365162948 ], [ 9.114046645526846, 45.949799564858886 ], [ 9.11462319291565, 45.949550070524658 ], [ 9.115182936741016, 45.949264866800441 ], [ 9.115723667949789, 45.948945079255019 ], [ 9.116243252522924, 45.948591969943749 ], [ 9.116739639897487, 45.948206932427759 ], [ 9.117210871059285, 45.947791486274213 ], [ 9.117655086274214, 45.947347271059286 ], [ 9.117749666633992, 45.947239990699508 ], [ 9.118035886274214, 45.946953771059285 ], [ 9.118451332427757, 45.946482539897488 ], [ 9.118836369943748, 45.94598615252292 ], [ 9.11918947925502, 45.945466567949786 ], [ 9.119509266800438, 45.944925836741014 ], [ 9.11979447052466, 45.944366092915651 ], [ 9.120043964858882, 45.943789545526847 ], [ 9.120256765162951, 45.943198469943745 ], [ 9.120432031611285, 45.942595198871651 ], [ 9.120569072507287, 45.941982113145855 ], [ 9.120667347013145, 45.941361632335642 ], [ 9.120726467284282, 45.940736205195293 ], [ 9.1207462, 45.9401083 ], [ 9.120726467284282, 45.939480394804704 ], [ 9.120667347013145, 45.938854967664355 ], [ 9.120569072507287, 45.938234486854142 ], [ 9.120432031611285, 45.937621401128347 ], [ 9.120256765162951, 45.937018130056252 ], [ 9.120043964858882, 45.93642705447315 ], [ 9.11979447052466, 45.935850507084346 ] ] ], [ [ [ 9.18913187052466, 45.697214907084344 ], [ 9.188846666800439, 45.696655163258981 ], [ 9.18852687925502, 45.696114432050209 ], [ 9.188173769943749, 45.695594847477075 ], [ 9.187788732427757, 45.695098460102507 ], [ 9.187373286274214, 45.69462722894071 ], [ 9.186929071059286, 45.694183013725784 ], [ 9.186457839897487, 45.693767567572237 ], [ 9.185961452522925, 45.693382530056248 ], [ 9.185441867949789, 45.693029420744978 ], [ 9.184901136741017, 45.692709633199556 ], [ 9.18434139291565, 45.692424429475338 ], [ 9.183764845526847, 45.692174935141111 ], [ 9.18317376994375, 45.691962134837048 ], [ 9.182570498871648, 45.691786868388711 ], [ 9.181957413145858, 45.691649827492711 ], [ 9.181336932335643, 45.691551552986851 ], [ 9.180711505195292, 45.691492432715712 ], [ 9.1800836, 45.6914727 ], [ 9.179455694804707, 45.691492432715712 ], [ 9.178830267664356, 45.691551552986851 ], [ 9.178209786854142, 45.691649827492711 ], [ 9.177596701128351, 45.691786868388711 ], [ 9.17699343005625, 45.691962134837048 ], [ 9.176402354473153, 45.692174935141111 ], [ 9.175825807084349, 45.692424429475338 ], [ 9.175266063258983, 45.692709633199556 ], [ 9.17472533205021, 45.693029420744978 ], [ 9.174205747477075, 45.693382530056248 ], [ 9.173709360102512, 45.693767567572237 ], [ 9.173238128940714, 45.694183013725784 ], [ 9.172793913725785, 45.69462722894071 ], [ 9.172378467572242, 45.695098460102507 ], [ 9.171993430056251, 45.695594847477075 ], [ 9.171640320744979, 45.696114432050209 ], [ 9.171320533199561, 45.696655163258981 ], [ 9.171035329475339, 45.697214907084344 ], [ 9.170785835141118, 45.697791454473148 ], [ 9.170573034837048, 45.69838253005625 ], [ 9.170397768388714, 45.698985801128345 ], [ 9.170260727492712, 45.69959888685414 ], [ 9.170162452986855, 45.700219367664353 ], [ 9.170103332715717, 45.700844794804702 ], [ 9.1700836, 45.7014727 ], [ 9.170103332715717, 45.702100605195291 ], [ 9.170162452986855, 45.70272603233564 ], [ 9.170260727492712, 45.703346513145853 ], [ 9.170397768388714, 45.703959598871648 ], [ 9.170573034837048, 45.704562869943743 ], [ 9.170785835141118, 45.705153945526845 ], [ 9.171035329475339, 45.705730492915649 ], [ 9.171320533199561, 45.706290236741012 ], [ 9.171640320744979, 45.706830967949784 ], [ 9.171993430056251, 45.707350552522918 ], [ 9.172378467572242, 45.707846939897486 ], [ 9.172793913725785, 45.708318171059283 ], [ 9.173238128940714, 45.708762386274209 ], [ 9.173709360102512, 45.709177832427756 ], [ 9.174205747477075, 45.709562869943746 ], [ 9.17472533205021, 45.709915979255015 ], [ 9.175266063258983, 45.710235766800437 ], [ 9.175825807084349, 45.710520970524655 ], [ 9.176402354473153, 45.710770464858882 ], [ 9.17699343005625, 45.710983265162945 ], [ 9.177596701128351, 45.711158531611282 ], [ 9.178209786854142, 45.711295572507282 ], [ 9.178830267664356, 45.711393847013142 ], [ 9.179455694804707, 45.711452967284281 ], [ 9.1800836, 45.7114727 ], [ 9.180711505195292, 45.711452967284281 ], [ 9.181336932335643, 45.711393847013142 ], [ 9.181957413145858, 45.711295572507282 ], [ 9.182570498871648, 45.711158531611282 ], [ 9.18317376994375, 45.710983265162945 ], [ 9.183764845526847, 45.710770464858882 ], [ 9.18434139291565, 45.710520970524655 ], [ 9.184901136741017, 45.710235766800437 ], [ 9.185441867949789, 45.709915979255015 ], [ 9.185961452522925, 45.709562869943746 ], [ 9.186457839897487, 45.709177832427756 ], [ 9.186929071059286, 45.708762386274209 ], [ 9.187373286274214, 45.708318171059283 ], [ 9.187788732427757, 45.707846939897486 ], [ 9.188173769943749, 45.707350552522918 ], [ 9.18852687925502, 45.706830967949784 ], [ 9.188846666800439, 45.706290236741012 ], [ 9.18913187052466, 45.705730492915649 ], [ 9.189381364858882, 45.705153945526845 ], [ 9.189594165162951, 45.704562869943743 ], [ 9.189769431611285, 45.703959598871648 ], [ 9.189906472507287, 45.703346513145853 ], [ 9.190004747013145, 45.70272603233564 ], [ 9.190063867284282, 45.702100605195291 ], [ 9.1900836, 45.7014727 ], [ 9.190063867284282, 45.700844794804702 ], [ 9.190004747013145, 45.700219367664353 ], [ 9.189906472507287, 45.69959888685414 ], [ 9.189769431611285, 45.698985801128345 ], [ 9.189594165162951, 45.69838253005625 ], [ 9.189381364858882, 45.697791454473148 ], [ 9.18913187052466, 45.697214907084344 ] ] ], [ [ [ 9.20867377052466, 45.765837807084345 ], [ 9.208388566800439, 45.765278063258982 ], [ 9.20806877925502, 45.76473733205021 ], [ 9.207715669943749, 45.764217747477076 ], [ 9.207330632427757, 45.763721360102508 ], [ 9.206915186274214, 45.763250128940712 ], [ 9.206470971059286, 45.762805913725785 ], [ 9.205999739897488, 45.762390467572239 ], [ 9.205503352522925, 45.762005430056249 ], [ 9.204983767949789, 45.761652320744979 ], [ 9.204443036741017, 45.761332533199557 ], [ 9.20388329291565, 45.761047329475339 ], [ 9.203306745526847, 45.760797835141112 ], [ 9.20271566994375, 45.76058503483705 ], [ 9.202112398871648, 45.760409768388712 ], [ 9.201499313145858, 45.760272727492712 ], [ 9.200878832335643, 45.760174452986853 ], [ 9.200253405195292, 45.760115332715714 ], [ 9.1996255, 45.7600956 ], [ 9.198997594804707, 45.760115332715714 ], [ 9.198372167664356, 45.760174452986853 ], [ 9.197751686854142, 45.760272727492712 ], [ 9.197138601128351, 45.760409768388712 ], [ 9.19653533005625, 45.76058503483705 ], [ 9.195944254473153, 45.760797835141112 ], [ 9.195367707084349, 45.761047329475339 ], [ 9.194807963258983, 45.761332533199557 ], [ 9.19426723205021, 45.761652320744979 ], [ 9.193747647477075, 45.762005430056249 ], [ 9.193251260102512, 45.762390467572239 ], [ 9.192780028940714, 45.762805913725785 ], [ 9.192335813725785, 45.763250128940712 ], [ 9.191920367572243, 45.763721360102508 ], [ 9.191535330056251, 45.764217747477076 ], [ 9.191182220744979, 45.76473733205021 ], [ 9.190862433199561, 45.765278063258982 ], [ 9.190577229475339, 45.765837807084345 ], [ 9.190327735141118, 45.766414354473149 ], [ 9.190114934837048, 45.767005430056251 ], [ 9.189939668388714, 45.767608701128346 ], [ 9.189923912938667, 45.767679186960017 ], [ 9.189328805195293, 45.767622932715717 ], [ 9.1887009, 45.7676032 ], [ 9.188072994804708, 45.767622932715717 ], [ 9.187447567664357, 45.767682052986856 ], [ 9.186827086854143, 45.767780327492716 ], [ 9.186214001128352, 45.767917368388716 ], [ 9.185610730056251, 45.768092634837053 ], [ 9.185019654473153, 45.768305435141116 ], [ 9.18444310708435, 45.768554929475343 ], [ 9.183883363258984, 45.768840133199561 ], [ 9.183342632050211, 45.769159920744983 ], [ 9.182823047477076, 45.769513030056252 ], [ 9.182326660102513, 45.769898067572242 ], [ 9.181855428940715, 45.770313513725789 ], [ 9.181411213725786, 45.770757728940715 ], [ 9.180995767572243, 45.771228960102512 ], [ 9.180610730056252, 45.77172534747708 ], [ 9.18025762074498, 45.772244932050214 ], [ 9.179937833199562, 45.772785663258986 ], [ 9.17965262947534, 45.773345407084349 ], [ 9.179403135141118, 45.773921954473153 ], [ 9.179190334837049, 45.774513030056255 ], [ 9.179015068388715, 45.77511630112835 ], [ 9.178878027492713, 45.775729386854145 ], [ 9.178779752986856, 45.776349867664358 ], [ 9.178720632715718, 45.776975294804707 ], [ 9.1787009, 45.7776032 ], [ 9.178720632715718, 45.778231105195296 ], [ 9.178779752986856, 45.778856532335645 ], [ 9.178878027492713, 45.779477013145858 ], [ 9.179015068388715, 45.780090098871653 ], [ 9.179190334837049, 45.780693369943748 ], [ 9.179403135141118, 45.78128444552685 ], [ 9.17965262947534, 45.781860992915654 ], [ 9.179937833199562, 45.782420736741017 ], [ 9.18025762074498, 45.782961467949789 ], [ 9.180610730056252, 45.783481052522923 ], [ 9.180995767572243, 45.783977439897491 ], [ 9.181411213725786, 45.784448671059288 ], [ 9.181855428940715, 45.784892886274214 ], [ 9.182326660102513, 45.785308332427761 ], [ 9.182823047477076, 45.78569336994375 ], [ 9.183342632050211, 45.78604647925502 ], [ 9.183883363258984, 45.786366266800442 ], [ 9.18444310708435, 45.78665147052466 ], [ 9.185019654473153, 45.786900964858887 ], [ 9.185172566910339, 45.786956016723757 ], [ 9.184971563258983, 45.787058433199562 ], [ 9.184430832050211, 45.787378220744984 ], [ 9.183911247477075, 45.787731330056253 ], [ 9.183414860102513, 45.788116367572243 ], [ 9.182943628940714, 45.78853181372579 ], [ 9.182574307515214, 45.788901135151292 ], [ 9.182278967664356, 45.788929052986852 ], [ 9.181658486854142, 45.789027327492711 ], [ 9.181045401128351, 45.789164368388711 ], [ 9.18044213005625, 45.789339634837049 ], [ 9.179851054473152, 45.789552435141111 ], [ 9.179274507084349, 45.789801929475338 ], [ 9.178714763258983, 45.790087133199556 ], [ 9.17817403205021, 45.790406920744978 ], [ 9.177654447477074, 45.790760030056248 ], [ 9.177158060102512, 45.791145067572238 ], [ 9.176686828940714, 45.791560513725784 ], [ 9.176242613725785, 45.792004728940711 ], [ 9.175827167572242, 45.792475960102507 ], [ 9.175442130056251, 45.792972347477075 ], [ 9.175089020744979, 45.793491932050209 ], [ 9.174769233199561, 45.794032663258982 ], [ 9.174484029475339, 45.794592407084345 ], [ 9.174234535141117, 45.795168954473148 ], [ 9.174021734837048, 45.79576003005625 ], [ 9.173846468388714, 45.796363301128345 ], [ 9.173709427492712, 45.796976386854141 ], [ 9.173611152986854, 45.797596867664353 ], [ 9.173552032715717, 45.798222294804702 ], [ 9.1735323, 45.7988502 ], [ 9.173552032715717, 45.799478105195291 ], [ 9.173611152986854, 45.80010353233564 ], [ 9.173709427492712, 45.800724013145853 ], [ 9.173846468388714, 45.801337098871649 ], [ 9.174021734837048, 45.801940369943743 ], [ 9.174234535141117, 45.802531445526846 ], [ 9.174484029475339, 45.803107992915649 ], [ 9.174769233199561, 45.803667736741012 ], [ 9.175089020744979, 45.804208467949785 ], [ 9.175442130056251, 45.804728052522918 ], [ 9.175827167572242, 45.805224439897486 ], [ 9.176242613725785, 45.805695671059283 ], [ 9.176686828940714, 45.80613988627421 ], [ 9.177158060102512, 45.806555332427756 ], [ 9.177654447477074, 45.806940369943746 ], [ 9.17817403205021, 45.807293479255016 ], [ 9.178714763258983, 45.807613266800438 ], [ 9.179274507084349, 45.807898470524655 ], [ 9.179851054473152, 45.808147964858883 ], [ 9.18044213005625, 45.808360765162945 ], [ 9.181045401128351, 45.808536031611283 ], [ 9.181658486854142, 45.808673072507283 ], [ 9.181939493546455, 45.808717579594976 ], [ 9.182033468388715, 45.809137998871655 ], [ 9.182208734837049, 45.80974126994375 ], [ 9.182421535141119, 45.810332345526852 ], [ 9.18267102947534, 45.810908892915656 ], [ 9.182956233199562, 45.811468636741019 ], [ 9.18327602074498, 45.812009367949791 ], [ 9.183629130056252, 45.812528952522925 ], [ 9.184014167572244, 45.813025339897493 ], [ 9.184429613725786, 45.813496571059289 ], [ 9.184873828940715, 45.813940786274216 ], [ 9.185345060102513, 45.814356232427762 ], [ 9.185468995443541, 45.814452366532493 ], [ 9.184929901128351, 45.814572868388716 ], [ 9.184326630056249, 45.814748134837053 ], [ 9.183735554473152, 45.814960935141116 ], [ 9.183159007084349, 45.815210429475343 ], [ 9.182599263258982, 45.815495633199561 ], [ 9.18205853205021, 45.815815420744983 ], [ 9.181538947477074, 45.816168530056252 ], [ 9.181042560102512, 45.816553567572242 ], [ 9.180571328940713, 45.816969013725789 ], [ 9.180127113725785, 45.817413228940715 ], [ 9.179711667572242, 45.817884460102512 ], [ 9.17932663005625, 45.81838084747708 ], [ 9.178973520744979, 45.818900432050214 ], [ 9.17865373319956, 45.819441163258986 ], [ 9.178368529475339, 45.820000907084349 ], [ 9.178119035141117, 45.820577454473153 ], [ 9.177906234837048, 45.821168530056255 ], [ 9.177730968388714, 45.821771801128349 ], [ 9.177593927492712, 45.822384886854145 ], [ 9.177495652986854, 45.823005367664358 ], [ 9.177436532715717, 45.823630794804707 ], [ 9.1774168, 45.8242587 ], [ 9.177436532715717, 45.824886605195296 ], [ 9.177495652986854, 45.825512032335645 ], [ 9.177593927492712, 45.826132513145858 ], [ 9.177730968388714, 45.826745598871653 ], [ 9.177906234837048, 45.827348869943748 ], [ 9.178119035141117, 45.82793994552685 ], [ 9.178368529475339, 45.828516492915654 ], [ 9.17865373319956, 45.829076236741017 ], [ 9.178973520744979, 45.829616967949789 ], [ 9.17932663005625, 45.830136552522923 ], [ 9.179711667572242, 45.830632939897491 ], [ 9.180127113725785, 45.831104171059287 ], [ 9.180571328940713, 45.831548386274214 ], [ 9.181042560102512, 45.831963832427761 ], [ 9.181538947477074, 45.83234886994375 ], [ 9.18205853205021, 45.83270197925502 ], [ 9.182599263258982, 45.833021766800442 ], [ 9.183159007084349, 45.83330697052466 ], [ 9.183735554473152, 45.833556464858887 ], [ 9.184326630056249, 45.83376926516295 ], [ 9.184929901128351, 45.833944531611287 ], [ 9.185542986854141, 45.834081572507287 ], [ 9.186163467664356, 45.834179847013147 ], [ 9.186788894804707, 45.834238967284286 ], [ 9.1874168, 45.8342587 ], [ 9.188044705195292, 45.834238967284286 ], [ 9.188670132335643, 45.834179847013147 ], [ 9.189290613145857, 45.834081572507287 ], [ 9.189903698871648, 45.833944531611287 ], [ 9.190506969943749, 45.83376926516295 ], [ 9.191098045526847, 45.833556464858887 ], [ 9.19167459291565, 45.83330697052466 ], [ 9.192234336741016, 45.833021766800442 ], [ 9.192775067949789, 45.83270197925502 ], [ 9.193294652522924, 45.83234886994375 ], [ 9.193791039897487, 45.831963832427761 ], [ 9.194262271059285, 45.831548386274214 ], [ 9.194706486274214, 45.831104171059287 ], [ 9.195121932427757, 45.830632939897491 ], [ 9.195506969943748, 45.830136552522923 ], [ 9.19586007925502, 45.829616967949789 ], [ 9.196179866800438, 45.829076236741017 ], [ 9.19646507052466, 45.828516492915654 ], [ 9.196714564858882, 45.82793994552685 ], [ 9.196927365162951, 45.827348869943748 ], [ 9.197102631611285, 45.826745598871653 ], [ 9.197239672507287, 45.826132513145858 ], [ 9.197337947013144, 45.825512032335645 ], [ 9.197397067284282, 45.824886605195296 ], [ 9.1974168, 45.8242587 ], [ 9.197397067284282, 45.823630794804707 ], [ 9.197337947013144, 45.823005367664358 ], [ 9.197239672507287, 45.822384886854145 ], [ 9.197102631611285, 45.821771801128349 ], [ 9.196927365162951, 45.821168530056255 ], [ 9.196714564858882, 45.820577454473153 ], [ 9.19646507052466, 45.820000907084349 ], [ 9.196179866800438, 45.819441163258986 ], [ 9.19586007925502, 45.818900432050214 ], [ 9.195506969943748, 45.81838084747708 ], [ 9.195121932427757, 45.817884460102512 ], [ 9.194706486274214, 45.817413228940715 ], [ 9.194262271059285, 45.816969013725789 ], [ 9.193791039897487, 45.816553567572242 ], [ 9.193667104556459, 45.816457433467512 ], [ 9.194206198871649, 45.816336931611289 ], [ 9.194809469943751, 45.816161665162952 ], [ 9.195400545526848, 45.815948864858889 ], [ 9.195977092915651, 45.815699370524662 ], [ 9.196536836741018, 45.815414166800444 ], [ 9.19707756794979, 45.815094379255022 ], [ 9.197597152522926, 45.814741269943752 ], [ 9.198093539897489, 45.814356232427762 ], [ 9.198564771059287, 45.813940786274216 ], [ 9.198797436979769, 45.813708120353738 ], [ 9.199174847477074, 45.814000869943747 ], [ 9.19969443205021, 45.814353979255017 ], [ 9.200235163258982, 45.814673766800439 ], [ 9.200794907084349, 45.814958970524657 ], [ 9.201371454473152, 45.815208464858884 ], [ 9.20196253005625, 45.815421265162946 ], [ 9.202565801128351, 45.815596531611284 ], [ 9.203178886854142, 45.815733572507284 ], [ 9.203799367664356, 45.815831847013143 ], [ 9.204424794804707, 45.815890967284282 ], [ 9.2050527, 45.8159107 ], [ 9.205680605195292, 45.815890967284282 ], [ 9.20591200013299, 45.815869094022673 ], [ 9.205916632715718, 45.816016505195293 ], [ 9.205975752986856, 45.816641932335642 ], [ 9.206074027492713, 45.817262413145855 ], [ 9.206211068388715, 45.817875498871651 ], [ 9.206386334837049, 45.818478769943745 ], [ 9.206599135141118, 45.819069845526847 ], [ 9.20684862947534, 45.819646392915651 ], [ 9.207133833199562, 45.820206136741014 ], [ 9.20745362074498, 45.820746867949786 ], [ 9.207806730056252, 45.82126645252292 ], [ 9.208191767572243, 45.821762839897488 ], [ 9.208607213725786, 45.822234071059285 ], [ 9.209051428940715, 45.822678286274211 ], [ 9.209522660102513, 45.823093732427758 ], [ 9.210019047477076, 45.823478769943748 ], [ 9.210538632050211, 45.823831879255017 ], [ 9.211079363258984, 45.824151666800439 ], [ 9.21163910708435, 45.824436870524657 ], [ 9.212215654473153, 45.824686364858884 ], [ 9.212806730056251, 45.824899165162947 ], [ 9.213410001128352, 45.825074431611284 ], [ 9.214023086854143, 45.825211472507284 ], [ 9.214577631994981, 45.825299303829055 ], [ 9.21431012947534, 45.825824307084346 ], [ 9.214060635141118, 45.82640085447315 ], [ 9.213847834837049, 45.826991930056252 ], [ 9.213672568388715, 45.827595201128347 ], [ 9.213535527492713, 45.828208286854142 ], [ 9.213437252986855, 45.828828767664355 ], [ 9.213378132715718, 45.829454194804704 ], [ 9.2133584, 45.8300821 ], [ 9.213378132715718, 45.830710005195293 ], [ 9.213437252986855, 45.831335432335642 ], [ 9.213535527492713, 45.831955913145855 ], [ 9.213672568388715, 45.83256899887165 ], [ 9.213847834837049, 45.833172269943745 ], [ 9.214060635141118, 45.833763345526847 ], [ 9.21431012947534, 45.834339892915651 ], [ 9.214595333199561, 45.834899636741014 ], [ 9.21491512074498, 45.835440367949786 ], [ 9.215268230056251, 45.83595995252292 ], [ 9.215653267572243, 45.836456339897488 ], [ 9.216068713725786, 45.836927571059285 ], [ 9.216512928940714, 45.837371786274211 ], [ 9.216984160102513, 45.837787232427758 ], [ 9.217480547477075, 45.838172269943747 ], [ 9.218000132050211, 45.838525379255017 ], [ 9.218540863258983, 45.838845166800439 ], [ 9.21910060708435, 45.839130370524657 ], [ 9.219677154473153, 45.839379864858884 ], [ 9.22026823005625, 45.839592665162947 ], [ 9.220871501128352, 45.839767931611284 ], [ 9.221484586854142, 45.839904972507284 ], [ 9.222105067664357, 45.840003247013144 ], [ 9.222730494804708, 45.840062367284283 ], [ 9.2233584, 45.8400821 ], [ 9.223986305195293, 45.840062367284283 ], [ 9.224611732335644, 45.840003247013144 ], [ 9.225232213145858, 45.839904972507284 ], [ 9.225845298871649, 45.839767931611284 ], [ 9.22644856994375, 45.839592665162947 ], [ 9.227039645526848, 45.839379864858884 ], [ 9.227616192915651, 45.839130370524657 ], [ 9.228175936741017, 45.838845166800439 ], [ 9.22871666794979, 45.838525379255017 ], [ 9.229236252522925, 45.838172269943747 ], [ 9.229732639897488, 45.837787232427758 ], [ 9.230203871059286, 45.837371786274211 ], [ 9.230648086274215, 45.836927571059285 ], [ 9.231063532427758, 45.836456339897488 ], [ 9.231448569943749, 45.83595995252292 ], [ 9.231801679255021, 45.835440367949786 ], [ 9.232121466800439, 45.834899636741014 ], [ 9.232406670524661, 45.834339892915651 ], [ 9.232656164858883, 45.833763345526847 ], [ 9.232868965162952, 45.833172269943745 ], [ 9.233044231611286, 45.83256899887165 ], [ 9.233181272507288, 45.831955913145855 ], [ 9.233279547013145, 45.831335432335642 ], [ 9.233338667284283, 45.830710005195293 ], [ 9.2333584, 45.8300821 ], [ 9.233338667284283, 45.829454194804704 ], [ 9.233279547013145, 45.828828767664355 ], [ 9.233181272507288, 45.828208286854142 ], [ 9.233044231611286, 45.827595201128347 ], [ 9.232868965162952, 45.826991930056252 ], [ 9.232656164858883, 45.82640085447315 ], [ 9.232406670524661, 45.825824307084346 ], [ 9.232121466800439, 45.825264563258983 ], [ 9.231801679255021, 45.824723832050211 ], [ 9.231448569943749, 45.824204247477077 ], [ 9.231063532427758, 45.823707860102509 ], [ 9.230648086274215, 45.823236628940712 ], [ 9.230203871059286, 45.822792413725786 ], [ 9.229732639897488, 45.822376967572239 ], [ 9.229236252522925, 45.821991930056249 ], [ 9.22871666794979, 45.82163882074498 ], [ 9.228175936741017, 45.821319033199558 ], [ 9.227616192915651, 45.82103382947534 ], [ 9.227039645526848, 45.820784335141113 ], [ 9.22644856994375, 45.82057153483705 ], [ 9.225845298871649, 45.820396268388713 ], [ 9.225232213145858, 45.820259227492713 ], [ 9.22467766800502, 45.820171396170942 ], [ 9.224945170524661, 45.819646392915651 ], [ 9.225194664858883, 45.819069845526847 ], [ 9.225407465162952, 45.818478769943745 ], [ 9.225582731611286, 45.817875498871651 ], [ 9.225719772507288, 45.817262413145855 ], [ 9.225818047013146, 45.816641932335642 ], [ 9.225877167284283, 45.816016505195293 ], [ 9.2258969, 45.8153886 ], [ 9.225877167284283, 45.814760694804704 ], [ 9.225818047013146, 45.814135267664355 ], [ 9.225719772507288, 45.813514786854142 ], [ 9.225582731611286, 45.812901701128347 ], [ 9.225407465162952, 45.812298430056252 ], [ 9.225194664858883, 45.81170735447315 ], [ 9.224945170524661, 45.811130807084346 ], [ 9.22479970546968, 45.810845315839259 ], [ 9.224847272507288, 45.810632513145855 ], [ 9.224945547013146, 45.810012032335642 ], [ 9.225004667284283, 45.809386605195293 ], [ 9.2250244, 45.8087587 ], [ 9.225004667284283, 45.808130794804704 ], [ 9.224945547013146, 45.807505367664355 ], [ 9.224847272507288, 45.806884886854142 ], [ 9.224710231611287, 45.806271801128347 ], [ 9.224534965162952, 45.805668530056252 ], [ 9.224322164858883, 45.80507745447315 ], [ 9.224072670524661, 45.804500907084346 ], [ 9.22378746680044, 45.803941163258983 ], [ 9.223467679255021, 45.803400432050211 ], [ 9.22311456994375, 45.802880847477077 ], [ 9.222729532427758, 45.802384460102509 ], [ 9.222314086274215, 45.801913228940712 ], [ 9.221869871059287, 45.801469013725786 ], [ 9.221398639897489, 45.801053567572239 ], [ 9.220902252522926, 45.800668530056249 ], [ 9.22038266794979, 45.80031542074498 ], [ 9.219841936741018, 45.799995633199558 ], [ 9.219282192915651, 45.79971042947534 ], [ 9.218705645526848, 45.799460935141113 ], [ 9.218114569943751, 45.79924813483705 ], [ 9.217511298871649, 45.799072868388713 ], [ 9.216898213145859, 45.798935827492713 ], [ 9.216277732335644, 45.798837552986853 ], [ 9.215652305195293, 45.798778432715714 ], [ 9.2150244, 45.7987587 ], [ 9.214396494804708, 45.798778432715714 ], [ 9.213771067664357, 45.798837552986853 ], [ 9.213150586854143, 45.798935827492713 ], [ 9.212537501128352, 45.799072868388713 ], [ 9.212387533216514, 45.79911643809475 ], [ 9.212342386274214, 45.799065228940712 ], [ 9.211898171059286, 45.798621013725786 ], [ 9.211426939897487, 45.798205567572239 ], [ 9.210930552522925, 45.797820530056249 ], [ 9.210410967949789, 45.797467420744979 ], [ 9.209870236741017, 45.797147633199558 ], [ 9.20931049291565, 45.79686242947534 ], [ 9.208733945526847, 45.796612935141113 ], [ 9.208554043549952, 45.796548166444047 ], [ 9.208927432427757, 45.796124639897492 ], [ 9.209312469943749, 45.795628252522924 ], [ 9.20966557925502, 45.795108667949791 ], [ 9.209985366800439, 45.794567936741018 ], [ 9.21027057052466, 45.794008192915655 ], [ 9.210520064858882, 45.793431645526852 ], [ 9.210732865162951, 45.792840569943749 ], [ 9.210908131611285, 45.792237298871655 ], [ 9.211045172507287, 45.791624213145859 ], [ 9.211143447013145, 45.791003732335646 ], [ 9.211202567284282, 45.790378305195297 ], [ 9.2112223, 45.7897504 ], [ 9.211202567284282, 45.789122494804708 ], [ 9.211143447013145, 45.788497067664359 ], [ 9.211045172507287, 45.787876586854146 ], [ 9.210908131611285, 45.787263501128351 ], [ 9.210732865162951, 45.786660230056256 ], [ 9.210520064858882, 45.786069154473154 ], [ 9.21027057052466, 45.78549260708435 ], [ 9.209985366800439, 45.784932863258987 ], [ 9.20966557925502, 45.784392132050215 ], [ 9.209312469943749, 45.783872547477081 ], [ 9.208927432427757, 45.783376160102513 ], [ 9.208511986274214, 45.782904928940717 ], [ 9.208067771059286, 45.78246071372579 ], [ 9.207596539897487, 45.782045267572244 ], [ 9.207100152522925, 45.781660230056254 ], [ 9.206580567949789, 45.781307120744984 ], [ 9.206039836741017, 45.780987333199562 ], [ 9.20548009291565, 45.780702129475344 ], [ 9.204903545526847, 45.780452635141117 ], [ 9.20431246994375, 45.780239834837055 ], [ 9.203709198871648, 45.780064568388717 ], [ 9.203096113145858, 45.779927527492717 ], [ 9.202475632335643, 45.779829252986858 ], [ 9.202069998239386, 45.779790909275484 ], [ 9.202112398871648, 45.779781431611283 ], [ 9.20271566994375, 45.779606165162946 ], [ 9.203306745526847, 45.779393364858883 ], [ 9.20388329291565, 45.779143870524656 ], [ 9.204443036741017, 45.778858666800438 ], [ 9.204983767949789, 45.778538879255017 ], [ 9.205503352522925, 45.778185769943747 ], [ 9.205999739897488, 45.777800732427757 ], [ 9.206470971059286, 45.77738528627421 ], [ 9.206915186274214, 45.776941071059284 ], [ 9.207330632427757, 45.776469839897487 ], [ 9.207715669943749, 45.775973452522919 ], [ 9.20806877925502, 45.775453867949786 ], [ 9.208388566800439, 45.774913136741013 ], [ 9.20867377052466, 45.77435339291565 ], [ 9.208923264858882, 45.773776845526847 ], [ 9.209136065162951, 45.773185769943744 ], [ 9.209311331611286, 45.77258249887165 ], [ 9.209448372507287, 45.771969413145854 ], [ 9.209546647013145, 45.771348932335641 ], [ 9.209605767284282, 45.770723505195292 ], [ 9.2096255, 45.7700956 ], [ 9.209605767284282, 45.769467694804703 ], [ 9.209546647013145, 45.768842267664354 ], [ 9.209448372507287, 45.768221786854141 ], [ 9.209311331611286, 45.767608701128346 ], [ 9.209136065162951, 45.767005430056251 ], [ 9.208923264858882, 45.766414354473149 ], [ 9.20867377052466, 45.765837807084345 ] ], [ [ 9.198735401128351, 45.780064568388717 ], [ 9.198362689891852, 45.780172851012729 ], [ 9.198386731611286, 45.780090098871653 ], [ 9.198402487061333, 45.780019613039983 ], [ 9.198777801760611, 45.780055090724517 ], [ 9.198735401128351, 45.780064568388717 ] ] ], [ [ [ 9.25197407052466, 45.76714180708435 ], [ 9.251688866800439, 45.766582063258987 ], [ 9.251369079255021, 45.766041332050214 ], [ 9.251015969943749, 45.765521747477081 ], [ 9.250630932427757, 45.765025360102513 ], [ 9.250215486274215, 45.764554128940716 ], [ 9.249771271059286, 45.76410991372579 ], [ 9.249300039897488, 45.763694467572243 ], [ 9.248803652522925, 45.763309430056253 ], [ 9.24828406794979, 45.762956320744983 ], [ 9.247743336741017, 45.762636533199561 ], [ 9.247183592915651, 45.762351329475344 ], [ 9.246607045526847, 45.762101835141117 ], [ 9.24601596994375, 45.761889034837054 ], [ 9.245412698871649, 45.761713768388717 ], [ 9.244799613145858, 45.761576727492717 ], [ 9.244179132335644, 45.761478452986857 ], [ 9.243553705195293, 45.761419332715718 ], [ 9.2429258, 45.7613996 ], [ 9.242297894804707, 45.761419332715718 ], [ 9.241672467664356, 45.761478452986857 ], [ 9.241051986854142, 45.761576727492717 ], [ 9.240438901128352, 45.761713768388717 ], [ 9.23983563005625, 45.761889034837054 ], [ 9.239244554473153, 45.762101835141117 ], [ 9.23866800708435, 45.762351329475344 ], [ 9.238108263258983, 45.762636533199561 ], [ 9.23756753205021, 45.762956320744983 ], [ 9.237047947477075, 45.763309430056253 ], [ 9.236551560102512, 45.763694467572243 ], [ 9.236080328940714, 45.76410991372579 ], [ 9.235636113725786, 45.764554128940716 ], [ 9.235231514916334, 45.76501305620581 ], [ 9.23490620708435, 45.765153829475338 ], [ 9.234346463258984, 45.765439033199556 ], [ 9.233805732050211, 45.765758820744978 ], [ 9.233286147477076, 45.766111930056248 ], [ 9.232789760102513, 45.766496967572238 ], [ 9.232318528940715, 45.766912413725784 ], [ 9.231874313725786, 45.767356628940711 ], [ 9.231458867572243, 45.767827860102507 ], [ 9.231073830056252, 45.768324247477075 ], [ 9.23072072074498, 45.768843832050209 ], [ 9.230638470662171, 45.768982909344921 ], [ 9.230478267664356, 45.768998052986852 ], [ 9.229857786854142, 45.769096327492711 ], [ 9.229244701128351, 45.769233368388711 ], [ 9.22864143005625, 45.769408634837049 ], [ 9.228050354473153, 45.769621435141111 ], [ 9.227473807084349, 45.769870929475339 ], [ 9.226914063258983, 45.770156133199556 ], [ 9.22637333205021, 45.770475920744978 ], [ 9.225853747477075, 45.770829030056248 ], [ 9.225357360102512, 45.771214067572238 ], [ 9.224886128940714, 45.771629513725784 ], [ 9.224441913725785, 45.772073728940711 ], [ 9.224026467572243, 45.772544960102508 ], [ 9.223641430056251, 45.773041347477076 ], [ 9.223288320744979, 45.773560932050209 ], [ 9.222968533199561, 45.774101663258982 ], [ 9.222683329475339, 45.774661407084345 ], [ 9.222433835141118, 45.775237954473148 ], [ 9.222221034837048, 45.775829030056251 ], [ 9.222045768388714, 45.776432301128345 ], [ 9.221908727492712, 45.777045386854141 ], [ 9.221810452986855, 45.777665867664354 ], [ 9.221751332715717, 45.778291294804703 ], [ 9.2217316, 45.7789192 ], [ 9.221751332715717, 45.779547105195292 ], [ 9.221810452986855, 45.780172532335641 ], [ 9.221908727492712, 45.780793013145853 ], [ 9.222045768388714, 45.781406098871649 ], [ 9.222221034837048, 45.782009369943744 ], [ 9.222433835141118, 45.782600445526846 ], [ 9.222534977652961, 45.78283417208133 ], [ 9.222534332715718, 45.782840994804708 ], [ 9.2225146, 45.7834689 ], [ 9.222534332715718, 45.784096805195297 ], [ 9.222593452986855, 45.784722232335646 ], [ 9.222691727492712, 45.785342713145859 ], [ 9.222828768388714, 45.785955798871655 ], [ 9.223004034837048, 45.786559069943749 ], [ 9.223216835141118, 45.787150145526851 ], [ 9.22346632947534, 45.787726692915655 ], [ 9.223751533199561, 45.788286436741018 ], [ 9.224071320744979, 45.78882716794979 ], [ 9.224424430056251, 45.789346752522924 ], [ 9.224809467572243, 45.789843139897492 ], [ 9.225224913725786, 45.790314371059289 ], [ 9.225669128940714, 45.790758586274215 ], [ 9.226140360102512, 45.791174032427762 ], [ 9.226636747477075, 45.791559069943752 ], [ 9.22715633205021, 45.791912179255021 ], [ 9.227697063258983, 45.792231966800443 ], [ 9.22825680708435, 45.792517170524661 ], [ 9.228833354473153, 45.792766664858888 ], [ 9.22942443005625, 45.792979465162951 ], [ 9.230027701128352, 45.793154731611288 ], [ 9.230640786854142, 45.793291772507288 ], [ 9.230735113576706, 45.79330671239245 ], [ 9.23087442074498, 45.793542267949789 ], [ 9.231227530056252, 45.794061852522923 ], [ 9.231612567572244, 45.794558239897491 ], [ 9.232028013725786, 45.795029471059287 ], [ 9.232472228940715, 45.795473686274214 ], [ 9.232943460102513, 45.79588913242776 ], [ 9.233439847477076, 45.79627416994375 ], [ 9.233959432050211, 45.79662727925502 ], [ 9.234500163258984, 45.796947066800442 ], [ 9.23505990708435, 45.79723227052466 ], [ 9.235636454473154, 45.797481764858887 ], [ 9.236227530056251, 45.797694565162949 ], [ 9.236830801128352, 45.797869831611287 ], [ 9.237443886854143, 45.798006872507287 ], [ 9.238064367664357, 45.798105147013146 ], [ 9.238689794804708, 45.798164267284285 ], [ 9.2393177, 45.798184 ], [ 9.239945605195294, 45.798164267284285 ], [ 9.240571032335644, 45.798105147013146 ], [ 9.241191513145859, 45.798006872507287 ], [ 9.241804598871649, 45.797869831611287 ], [ 9.242407869943751, 45.797694565162949 ], [ 9.242998945526848, 45.797481764858887 ], [ 9.243575492915651, 45.79723227052466 ], [ 9.244135236741018, 45.796947066800442 ], [ 9.244675967949791, 45.79662727925502 ], [ 9.245195552522926, 45.79627416994375 ], [ 9.245691939897489, 45.79588913242776 ], [ 9.246163171059287, 45.795473686274214 ], [ 9.246607386274215, 45.795029471059287 ], [ 9.247022832427758, 45.794558239897491 ], [ 9.24740786994375, 45.794061852522923 ], [ 9.247760979255021, 45.793542267949789 ], [ 9.24808076680044, 45.793001536741016 ], [ 9.248365970524661, 45.792441792915653 ], [ 9.248615464858883, 45.79186524552685 ], [ 9.248786313744205, 45.791390694491994 ], [ 9.249261305195292, 45.791375767284286 ], [ 9.249886732335643, 45.791316647013147 ], [ 9.250507213145857, 45.791218372507288 ], [ 9.251120298871648, 45.791081331611288 ], [ 9.251723569943749, 45.79090606516295 ], [ 9.252314645526846, 45.790693264858888 ], [ 9.25289119291565, 45.790443770524661 ], [ 9.253450936741016, 45.790158566800443 ], [ 9.253991667949789, 45.789838779255021 ], [ 9.254511252522924, 45.789485669943751 ], [ 9.255007639897487, 45.789100632427761 ], [ 9.255478871059285, 45.788685186274215 ], [ 9.255923086274214, 45.788240971059288 ], [ 9.256338532427757, 45.787769739897492 ], [ 9.256723569943748, 45.787273352522924 ], [ 9.25707667925502, 45.78675376794979 ], [ 9.257396466800438, 45.786213036741017 ], [ 9.25768167052466, 45.785653292915654 ], [ 9.257931164858881, 45.785076745526851 ], [ 9.258143965162951, 45.784485669943749 ], [ 9.258319231611285, 45.783882398871654 ], [ 9.258456272507287, 45.783269313145858 ], [ 9.258554547013144, 45.782648832335646 ], [ 9.258613667284282, 45.782023405195297 ], [ 9.2586334, 45.7813955 ], [ 9.258613667284282, 45.780767594804708 ], [ 9.258554547013144, 45.780142167664359 ], [ 9.258456272507287, 45.779521686854146 ], [ 9.258319231611285, 45.77890860112835 ], [ 9.258143965162951, 45.778305330056256 ], [ 9.257931164858881, 45.777714254473153 ], [ 9.25768167052466, 45.77713770708435 ], [ 9.257396466800438, 45.776577963258987 ], [ 9.25707667925502, 45.776037232050214 ], [ 9.256723569943748, 45.775517647477081 ], [ 9.256338532427757, 45.775021260102513 ], [ 9.255923086274214, 45.774550028940716 ], [ 9.255478871059285, 45.774105813725789 ], [ 9.255007639897487, 45.773690367572243 ], [ 9.254511252522924, 45.773305330056253 ], [ 9.253991667949789, 45.772952220744983 ], [ 9.253450936741016, 45.772632433199561 ], [ 9.25289119291565, 45.772347229475344 ], [ 9.25287644761068, 45.772340848612089 ], [ 9.252906067284282, 45.772027505195297 ], [ 9.2529258, 45.7713996 ], [ 9.252906067284282, 45.770771694804708 ], [ 9.252846947013145, 45.770146267664359 ], [ 9.252748672507288, 45.769525786854146 ], [ 9.252611631611286, 45.76891270112835 ], [ 9.252436365162952, 45.768309430056256 ], [ 9.252223564858882, 45.767718354473153 ], [ 9.25197407052466, 45.76714180708435 ] ] ], [ [ [ 9.28548527052466, 45.813506007084349 ], [ 9.285200066800439, 45.812946263258986 ], [ 9.28488027925502, 45.812405532050214 ], [ 9.284527169943749, 45.81188594747708 ], [ 9.284142132427757, 45.811389560102512 ], [ 9.283726686274214, 45.810918328940716 ], [ 9.283282471059286, 45.810474113725789 ], [ 9.282811239897487, 45.810058667572243 ], [ 9.282314852522925, 45.809673630056253 ], [ 9.281795267949789, 45.809320520744983 ], [ 9.281254536741017, 45.809000733199561 ], [ 9.28069479291565, 45.808715529475343 ], [ 9.280118245526847, 45.808466035141116 ], [ 9.27952716994375, 45.808253234837053 ], [ 9.278923898871648, 45.808077968388716 ], [ 9.278310813145858, 45.807940927492716 ], [ 9.277690332335643, 45.807842652986857 ], [ 9.277064905195292, 45.807783532715717 ], [ 9.276437, 45.8077638 ], [ 9.275809094804707, 45.807783532715717 ], [ 9.275183667664356, 45.807842652986857 ], [ 9.274563186854142, 45.807940927492716 ], [ 9.273950101128351, 45.808077968388716 ], [ 9.27334683005625, 45.808253234837053 ], [ 9.272755754473152, 45.808466035141116 ], [ 9.272179207084349, 45.808715529475343 ], [ 9.271619463258983, 45.809000733199561 ], [ 9.27107873205021, 45.809320520744983 ], [ 9.270559147477075, 45.809673630056253 ], [ 9.270062760102512, 45.810058667572243 ], [ 9.269591528940714, 45.810474113725789 ], [ 9.269147313725785, 45.810918328940716 ], [ 9.268731867572242, 45.811389560102512 ], [ 9.268346830056251, 45.81188594747708 ], [ 9.267993720744979, 45.812405532050214 ], [ 9.267673933199561, 45.812946263258986 ], [ 9.267388729475339, 45.813506007084349 ], [ 9.267139235141117, 45.814082554473153 ], [ 9.266926434837048, 45.814673630056255 ], [ 9.266751168388714, 45.81527690112835 ], [ 9.266614127492712, 45.815889986854145 ], [ 9.266515852986855, 45.816510467664358 ], [ 9.266456732715717, 45.817135894804707 ], [ 9.266437, 45.8177638 ], [ 9.266456732715717, 45.818391705195296 ], [ 9.266515852986855, 45.819017132335645 ], [ 9.266614127492712, 45.819637613145858 ], [ 9.266751168388714, 45.820250698871654 ], [ 9.266926434837048, 45.820853969943748 ], [ 9.267139235141117, 45.82144504552685 ], [ 9.267388729475339, 45.822021592915654 ], [ 9.267673933199561, 45.822581336741017 ], [ 9.267993720744979, 45.823122067949789 ], [ 9.268346830056251, 45.823641652522923 ], [ 9.268731867572242, 45.824138039897491 ], [ 9.269147313725785, 45.824609271059288 ], [ 9.269591528940714, 45.825053486274214 ], [ 9.270062760102512, 45.825468932427761 ], [ 9.270559147477075, 45.825853969943751 ], [ 9.27107873205021, 45.82620707925502 ], [ 9.271619463258983, 45.826526866800442 ], [ 9.272179207084349, 45.82681207052466 ], [ 9.272755754473152, 45.827061564858887 ], [ 9.27334683005625, 45.82727436516295 ], [ 9.273950101128351, 45.827449631611287 ], [ 9.274563186854142, 45.827586672507287 ], [ 9.275183667664356, 45.827684947013147 ], [ 9.275809094804707, 45.827744067284286 ], [ 9.276437, 45.8277638 ], [ 9.277064905195292, 45.827744067284286 ], [ 9.277690332335643, 45.827684947013147 ], [ 9.278310813145858, 45.827586672507287 ], [ 9.278923898871648, 45.827449631611287 ], [ 9.27952716994375, 45.82727436516295 ], [ 9.280118245526847, 45.827061564858887 ], [ 9.28069479291565, 45.82681207052466 ], [ 9.281254536741017, 45.826526866800442 ], [ 9.281795267949789, 45.82620707925502 ], [ 9.282314852522925, 45.825853969943751 ], [ 9.282811239897487, 45.825468932427761 ], [ 9.283282471059286, 45.825053486274214 ], [ 9.283726686274214, 45.824609271059288 ], [ 9.284142132427757, 45.824138039897491 ], [ 9.284527169943749, 45.823641652522923 ], [ 9.28488027925502, 45.823122067949789 ], [ 9.285200066800439, 45.822581336741017 ], [ 9.28548527052466, 45.822021592915654 ], [ 9.285734764858882, 45.82144504552685 ], [ 9.285947565162951, 45.820853969943748 ], [ 9.286122831611285, 45.820250698871654 ], [ 9.286259872507287, 45.819637613145858 ], [ 9.286358147013145, 45.819017132335645 ], [ 9.286417267284282, 45.818391705195296 ], [ 9.286437, 45.8177638 ], [ 9.286417267284282, 45.817135894804707 ], [ 9.286358147013145, 45.816510467664358 ], [ 9.286259872507287, 45.815889986854145 ], [ 9.286122831611285, 45.81527690112835 ], [ 9.285947565162951, 45.814673630056255 ], [ 9.285734764858882, 45.814082554473153 ], [ 9.28548527052466, 45.813506007084349 ] ] ], [ [ [ 9.252339370524661, 45.863949207084346 ], [ 9.252054166800439, 45.863389463258983 ], [ 9.251734379255021, 45.86284873205021 ], [ 9.251381269943749, 45.862329147477077 ], [ 9.250996232427758, 45.861832760102509 ], [ 9.250580786274215, 45.861361528940712 ], [ 9.250136571059286, 45.860917313725786 ], [ 9.249665339897488, 45.860501867572239 ], [ 9.249168952522925, 45.860116830056249 ], [ 9.24864936794979, 45.859763720744979 ], [ 9.248108636741017, 45.859443933199557 ], [ 9.247548892915651, 45.85915872947534 ], [ 9.246972345526848, 45.858909235141113 ], [ 9.24638126994375, 45.85869643483705 ], [ 9.245777998871649, 45.858521168388712 ], [ 9.245164913145858, 45.858384127492712 ], [ 9.244544432335644, 45.858285852986853 ], [ 9.243919005195293, 45.858226732715714 ], [ 9.2432911, 45.858207 ], [ 9.242663194804708, 45.858226732715714 ], [ 9.242037767664357, 45.858285852986853 ], [ 9.241417286854142, 45.858384127492712 ], [ 9.240804201128352, 45.858521168388712 ], [ 9.24020093005625, 45.85869643483705 ], [ 9.239609854473153, 45.858909235141113 ], [ 9.23903330708435, 45.85915872947534 ], [ 9.238473563258983, 45.859443933199557 ], [ 9.237932832050211, 45.859763720744979 ], [ 9.237413247477075, 45.860116830056249 ], [ 9.236916860102513, 45.860501867572239 ], [ 9.236445628940714, 45.860917313725786 ], [ 9.236001413725786, 45.861361528940712 ], [ 9.235585967572243, 45.861832760102509 ], [ 9.235200930056251, 45.862329147477077 ], [ 9.23484782074498, 45.86284873205021 ], [ 9.234528033199561, 45.863389463258983 ], [ 9.23424282947534, 45.863949207084346 ], [ 9.233993335141118, 45.864525754473149 ], [ 9.233780534837049, 45.865116830056252 ], [ 9.233605268388715, 45.865720101128346 ], [ 9.233605172598283, 45.865720529670099 ], [ 9.23355710708435, 45.865741329475341 ], [ 9.232997363258983, 45.866026533199559 ], [ 9.23245663205021, 45.866346320744981 ], [ 9.231937047477075, 45.866699430056251 ], [ 9.231440660102512, 45.867084467572241 ], [ 9.230969428940714, 45.867499913725787 ], [ 9.230525213725786, 45.867944128940714 ], [ 9.230109767572243, 45.86841536010251 ], [ 9.229724730056251, 45.868911747477078 ], [ 9.229371620744979, 45.869431332050212 ], [ 9.229051833199561, 45.869972063258984 ], [ 9.22876662947534, 45.870531807084348 ], [ 9.228517135141118, 45.871108354473151 ], [ 9.228304334837048, 45.871699430056253 ], [ 9.228129068388714, 45.872302701128348 ], [ 9.227992027492713, 45.872915786854144 ], [ 9.227893752986855, 45.873536267664356 ], [ 9.227834632715718, 45.874161694804705 ], [ 9.2278149, 45.8747896 ], [ 9.227834632715718, 45.875417505195294 ], [ 9.227893752986855, 45.876042932335643 ], [ 9.227992027492713, 45.876663413145856 ], [ 9.228129068388714, 45.877276498871652 ], [ 9.228304334837048, 45.877879769943746 ], [ 9.228517135141118, 45.878470845526849 ], [ 9.22876662947534, 45.879047392915652 ], [ 9.229051833199561, 45.879607136741015 ], [ 9.229371620744979, 45.880147867949788 ], [ 9.229724730056251, 45.880667452522921 ], [ 9.230109767572243, 45.881163839897489 ], [ 9.230525213725786, 45.881635071059286 ], [ 9.230589966453341, 45.881699823786839 ], [ 9.230597413725786, 45.881708271059289 ], [ 9.231041628940714, 45.882152486274215 ], [ 9.231512860102512, 45.882567932427762 ], [ 9.232009247477075, 45.882952969943751 ], [ 9.23252883205021, 45.883306079255021 ], [ 9.233069563258983, 45.883625866800443 ], [ 9.23362930708435, 45.883911070524661 ], [ 9.234205854473153, 45.884160564858888 ], [ 9.23479693005625, 45.884373365162951 ], [ 9.235400201128352, 45.884548631611288 ], [ 9.236013286854142, 45.884685672507288 ], [ 9.236633767664356, 45.884783947013148 ], [ 9.237259194804707, 45.884843067284287 ], [ 9.2378871, 45.8848628 ], [ 9.238515005195293, 45.884843067284287 ], [ 9.239140432335644, 45.884783947013148 ], [ 9.239760913145858, 45.884685672507288 ], [ 9.240373998871648, 45.884548631611288 ], [ 9.24097726994375, 45.884373365162951 ], [ 9.241568345526847, 45.884160564858888 ], [ 9.24214489291565, 45.883911070524661 ], [ 9.242704636741017, 45.883625866800443 ], [ 9.24324536794979, 45.883306079255021 ], [ 9.243764952522925, 45.882952969943751 ], [ 9.244261339897488, 45.882567932427762 ], [ 9.244732571059286, 45.882152486274215 ], [ 9.245176786274214, 45.881708271059289 ], [ 9.245592232427757, 45.881237039897492 ], [ 9.245977269943749, 45.880740652522924 ], [ 9.246330379255021, 45.88022106794979 ], [ 9.246650166800439, 45.879680336741018 ], [ 9.24693537052466, 45.879120592915655 ], [ 9.247184864858882, 45.878544045526851 ], [ 9.247397665162952, 45.877952969943749 ], [ 9.247572931611286, 45.877349698871654 ], [ 9.247599841506474, 45.877229310921017 ], [ 9.248108636741017, 45.876970066800439 ], [ 9.24864936794979, 45.876650279255017 ], [ 9.249168952522925, 45.876297169943747 ], [ 9.249665339897488, 45.875912132427757 ], [ 9.250136571059286, 45.875496686274211 ], [ 9.250580786274215, 45.875052471059284 ], [ 9.250996232427758, 45.874581239897488 ], [ 9.251381269943749, 45.87408485252292 ], [ 9.251734379255021, 45.873565267949786 ], [ 9.252054166800439, 45.873024536741013 ], [ 9.252339370524661, 45.87246479291565 ], [ 9.252588864858883, 45.871888245526847 ], [ 9.252801665162952, 45.871297169943745 ], [ 9.252976931611286, 45.87069389887165 ], [ 9.253113972507288, 45.870080813145854 ], [ 9.253212247013145, 45.869460332335642 ], [ 9.253271367284283, 45.868834905195293 ], [ 9.2532911, 45.868207 ], [ 9.253271367284283, 45.867579094804704 ], [ 9.253212247013145, 45.866953667664355 ], [ 9.253113972507288, 45.866333186854142 ], [ 9.252976931611286, 45.865720101128346 ], [ 9.252801665162952, 45.865116830056252 ], [ 9.252588864858883, 45.864525754473149 ], [ 9.252339370524661, 45.863949207084346 ] ] ], [ [ [ 9.20283397052466, 45.899544607084344 ], [ 9.202548766800438, 45.898984863258981 ], [ 9.20222897925502, 45.898444132050209 ], [ 9.201875869943748, 45.897924547477075 ], [ 9.201490832427757, 45.897428160102507 ], [ 9.201075386274214, 45.89695692894071 ], [ 9.200631171059285, 45.896512713725784 ], [ 9.200159939897487, 45.896097267572237 ], [ 9.199663552522924, 45.895712230056247 ], [ 9.199143967949789, 45.895359120744978 ], [ 9.198603236741016, 45.895039333199556 ], [ 9.19804349291565, 45.894754129475338 ], [ 9.197466945526847, 45.894504635141111 ], [ 9.196875869943749, 45.894291834837048 ], [ 9.196272598871648, 45.894116568388711 ], [ 9.195659513145857, 45.893979527492711 ], [ 9.195039032335643, 45.893881252986851 ], [ 9.194413605195292, 45.893822132715712 ], [ 9.1937857, 45.8938024 ], [ 9.193157794804707, 45.893822132715712 ], [ 9.192532367664356, 45.893881252986851 ], [ 9.191911886854141, 45.893979527492711 ], [ 9.191298801128351, 45.894116568388711 ], [ 9.190695530056249, 45.894291834837048 ], [ 9.190104454473152, 45.894504635141111 ], [ 9.189527907084349, 45.894754129475338 ], [ 9.188968163258982, 45.895039333199556 ], [ 9.18842743205021, 45.895359120744978 ], [ 9.187907847477074, 45.895712230056247 ], [ 9.187411460102512, 45.896097267572237 ], [ 9.186940228940713, 45.896512713725784 ], [ 9.186496013725785, 45.89695692894071 ], [ 9.186080567572242, 45.897428160102507 ], [ 9.18569553005625, 45.897924547477075 ], [ 9.185342420744979, 45.898444132050209 ], [ 9.18502263319956, 45.898984863258981 ], [ 9.184737429475339, 45.899544607084344 ], [ 9.184487935141117, 45.900121154473148 ], [ 9.184275134837048, 45.90071223005625 ], [ 9.184099868388714, 45.901315501128344 ], [ 9.183962827492712, 45.90192858685414 ], [ 9.183864552986854, 45.902549067664353 ], [ 9.183805432715717, 45.903174494804702 ], [ 9.1837857, 45.9038024 ], [ 9.183805432715717, 45.904430305195291 ], [ 9.183864552986854, 45.90505573233564 ], [ 9.183962827492712, 45.905676213145853 ], [ 9.184099868388714, 45.906289298871648 ], [ 9.184275134837048, 45.906892569943743 ], [ 9.184487935141117, 45.907483645526845 ], [ 9.184737429475339, 45.908060192915649 ], [ 9.18502263319956, 45.908619936741012 ], [ 9.185342420744979, 45.909160667949784 ], [ 9.18569553005625, 45.909680252522918 ], [ 9.186080567572242, 45.910176639897486 ], [ 9.186496013725785, 45.910647871059282 ], [ 9.186940228940713, 45.911092086274209 ], [ 9.187411460102512, 45.911507532427756 ], [ 9.187907847477074, 45.911892569943745 ], [ 9.18842743205021, 45.912245679255015 ], [ 9.188968163258982, 45.912565466800437 ], [ 9.189527907084349, 45.912850670524655 ], [ 9.190104454473152, 45.913100164858882 ], [ 9.190695530056249, 45.913312965162945 ], [ 9.191298801128351, 45.913488231611282 ], [ 9.191911886854141, 45.913625272507282 ], [ 9.192532367664356, 45.913723547013142 ], [ 9.193157794804707, 45.913782667284281 ], [ 9.1937857, 45.9138024 ], [ 9.194413605195292, 45.913782667284281 ], [ 9.195039032335643, 45.913723547013142 ], [ 9.195659513145857, 45.913625272507282 ], [ 9.196272598871648, 45.913488231611282 ], [ 9.196875869943749, 45.913312965162945 ], [ 9.197466945526847, 45.913100164858882 ], [ 9.19804349291565, 45.912850670524655 ], [ 9.198603236741016, 45.912565466800437 ], [ 9.199143967949789, 45.912245679255015 ], [ 9.199663552522924, 45.911892569943745 ], [ 9.200159939897487, 45.911507532427756 ], [ 9.200631171059285, 45.911092086274209 ], [ 9.201075386274214, 45.910647871059282 ], [ 9.201490832427757, 45.910176639897486 ], [ 9.201875869943748, 45.909680252522918 ], [ 9.20222897925502, 45.909160667949784 ], [ 9.202548766800438, 45.908619936741012 ], [ 9.20283397052466, 45.908060192915649 ], [ 9.203083464858882, 45.907483645526845 ], [ 9.203296265162951, 45.906892569943743 ], [ 9.203471531611285, 45.906289298871648 ], [ 9.203608572507287, 45.905676213145853 ], [ 9.203706847013144, 45.90505573233564 ], [ 9.203765967284282, 45.904430305195291 ], [ 9.2037857, 45.9038024 ], [ 9.203765967284282, 45.903174494804702 ], [ 9.203706847013144, 45.902549067664353 ], [ 9.203608572507287, 45.90192858685414 ], [ 9.203471531611285, 45.901315501128344 ], [ 9.203296265162951, 45.90071223005625 ], [ 9.203083464858882, 45.900121154473148 ], [ 9.20283397052466, 45.899544607084344 ] ] ] ] } }
]
}
