{
"type": "FeatureCollection",
"name": "Como_Tourism_Area_final",
"crs": { "type": "name", "properties": { "name": "urn:ogc:def:crs:OGC:1.3:CRS84" } },
"features": [
{ "type": "Feature", "properties": { "id": "node/503858695", "@id": "node/503858695", "access": null, "addr:city": null, "addr:country": null, "addr:hamlet": null, "addr:housename": null, "addr:housenumber": null, "addr:place": null, "addr:postcode": null, "addr:province": null, "addr:street": null, "air_conditioning": null, "alt_name": null, "amenity": null, "barrier": null, "barrier:height": null, "beds": null, "bicycle": null, "blind": null, "branch": null, "brand": null, "brand:wikidata": null, "brand:wikipedia": null, "building": null, "building:levels": null, "building:levels:underground": null, "cafe": null, "capacity": null, "check_date": null, "check_date:opening_hours": null, "contact:booking": null, "contact:city": null, "contact:email": null, "contact:facebook": null, "contact:fax": null, "contact:housenumber": null, "contact:instagram": null, "contact:linkedin": null, "contact:mobile": null, "contact:phone": null, "contact:postcode": null, "contact:street": null, "contact:tripadvisor": null, "contact:website": null, "contact:whatsapp": null, "cuisine": null, "denomination": null, "description": null, "description:en": null, "description:it": null, "diet:vegan": null, "dog": null, "drinking_water": null, "ele": null, "email": null, "facebook": null, "fax": null, "fee": null, "fixme": null, "garden:style": null, "garden:type": null, "guest_house": null, "historic": null, "image": null, "inscription": null, "instagram": null, "internet_access": null, "internet_access:fee": null, "internet_access:ssid": null, "is_in": null, "kerb": null, "landuse": null, "layer": null, "leisure": "park", "level": null, "loc_name": null, "mapillary": null, "mobile": null, "museum": null, "museum_type": null, "name": "Parco di Villa Guardia", "name:de": null, "name:en": null, "name:fr": null, "name:it": null, "note": null, "number_of_apartments": null, "official_name": null, "old_name": null, "opening_hours": null, "operator": null, "operator:type": null, "outdoor_seating": null, "oven": null, "payment:cards": null, "payment:cash": null, "payment:credit_cards": null, "payment:debit_cards": null, "payment:visa": null, "phone": null, "post_office": null, "post_office:brand": null, "post_office:brand:wikidata": null, "ref:REA": null, "ref:RIComo": null, "ref:vatin": null, "religion": null, "restaurant": null, "roof:shape": null, "rooms": null, "self_service": null, "short_name": null, "smoking": null, "source": null, "sport": null, "stars": null, "start_date": null, "surface": null, "survey:date": null, "swimming_pool": null, "toilets": null, "toilets:access": null, "toilets:wheelchair": null, "tourism": null, "twitter": null, "url": null, "website": null, "website:de": null, "website:it": null, "website:menu": null, "wheelchair": null, "wheelchair:description": null, "wikidata": null, "wikimedia_commons": null, "wikipedia": null, "tipe": "Alam/Taman", "zona": "Dataran Rendah" }, "geometry": { "type": "Point", "coordinates": [ 9.0261862, 45.7740737 ] } },
{ "type": "Feature", "properties": { "id": "node/674001514", "@id": "node/674001514", "access": null, "addr:city": null, "addr:country": null, "addr:hamlet": null, "addr:housename": null, "addr:housenumber": null, "addr:place": null, "addr:postcode": null, "addr:province": null, "addr:street": null, "air_conditioning": null, "alt_name": null, "amenity": null, "barrier": null, "barrier:height": null, "beds": null, "bicycle": null, "blind": null, "branch": null, "brand": null, "brand:wikidata": null, "brand:wikipedia": null, "building": null, "building:levels": null, "building:levels:underground": null, "cafe": null, "capacity": null, "check_date": null, "check_date:opening_hours": null, "contact:booking": null, "contact:city": null, "contact:email": null, "contact:facebook": null, "contact:fax": null, "contact:housenumber": null, "contact:instagram": null, "contact:linkedin": null, "contact:mobile": null, "contact:phone": null, "contact:postcode": null, "contact:street": null, "contact:tripadvisor": null, "contact:website": null, "contact:whatsapp": null, "cuisine": null, "denomination": null, "description": null, "description:en": null, "description:it": null, "diet:vegan": null, "dog": null, "drinking_water": null, "ele": null, "email": null, "facebook": null, "fax": null, "fee": null, "fixme": null, "garden:style": null, "garden:type": null, "guest_house": null, "historic": null, "image": null, "inscription": null, "instagram": null, "internet_access": "wlan", "internet_access:fee": "no", "internet_access:ssid": null, "is_in": null, "kerb": null, "landuse": null, "layer": null, "leisure": null, "level": null, "loc_name": null, "mapillary": null, "mobile": null, "museum": null, "museum_type": null, "name": "Park Hotel", "name:de": null, "name:en": null, "name:fr": null, "name:it": null, "note": "Good Hotel Near lake Como", "number_of_apartments": null, "official_name": null, "old_name": null, "opening_hours": null, "operator": null, "operator:type": null, "outdoor_seating": null, "oven": null, "payment:cards": null, "payment:cash": null, "payment:credit_cards": null, "payment:debit_cards": null, "payment:visa": null, "phone": null, "post_office": null, "post_office:brand": null, "post_office:brand:wikidata": null, "ref:REA": null, "ref:RIComo": null, "ref:vatin": null, "religion": null, "restaurant": null, "roof:shape": null, "rooms": null, "self_service": null, "short_name": null, "smoking": null, "source": null, "sport": null, "stars": null, "start_date": null, "surface": null, "survey:date": null, "swimming_pool": "no", "toilets": null, "toilets:access": null, "toilets:wheelchair": null, "tourism": "hotel", "twitter": null, "url": null, "website": "https://www.parkhotelcomo.it/", "website:de": null, "website:it": null, "website:menu": null, "wheelchair": null, "wheelchair:description": null, "wikidata": null, "wikimedia_commons": null, "wikipedia": null, "tipe": "Hotel/Akomodasi", "zona": "Dataran Rendah" }, "geometry": { "type": "Point", "coordinates": [ 9.0720616, 45.8126665 ] } },
{ "type": "Feature", "properties": { "id": "node/771425975", "@id": "node/771425975", "access": null, "addr:city": "Schignano", "addr:country": "IT", "addr:hamlet": null, "addr:housename": null, "addr:housenumber": "8", "addr:place": null, "addr:postcode": "22020", "addr:province": null, "addr:street": "Località Marnico", "air_conditioning": null, "alt_name": null, "amenity": null, "barrier": null, "barrier:height": null, "beds": null, "bicycle": null, "blind": null, "branch": null, "brand": null, "brand:wikidata": null, "brand:wikipedia": null, "building": null, "building:levels": null, "building:levels:underground": null, "cafe": null, "capacity": null, "check_date": "2026-05-06", "check_date:opening_hours": null, "contact:booking": null, "contact:city": null, "contact:email": null, "contact:facebook": null, "contact:fax": null, "contact:housenumber": null, "contact:instagram": null, "contact:linkedin": null, "contact:mobile": null, "contact:phone": null, "contact:postcode": null, "contact:street": null, "contact:tripadvisor": null, "contact:website": null, "contact:whatsapp": null, "cuisine": null, "denomination": null, "description": null, "description:en": null, "description:it": null, "diet:vegan": null, "dog": null, "drinking_water": null, "ele": "750", "email": null, "facebook": null, "fax": null, "fee": null, "fixme": null, "garden:style": null, "garden:type": null, "guest_house": null, "historic": null, "image": null, "inscription": null, "instagram": null, "internet_access": null, "internet_access:fee": null, "internet_access:ssid": null, "is_in": null, "kerb": null, "landuse": null, "layer": null, "leisure": null, "level": null, "loc_name": null, "mapillary": null, "mobile": null, "museum": null, "museum_type": null, "name": "Agriturismo \"Al-Marnich\" - Lago di Como", "name:de": null, "name:en": null, "name:fr": null, "name:it": null, "note": "L'agriturismo \"Al-Marnich\", immerso in un contesto naturale e rurale, è situato a soli 8 Km dal lungo lago di Como (Lombardia) ed offre un ottimo servizio ristorante ed alloggi in B&B (Camere Doppie e Familiari).", "number_of_apartments": null, "official_name": null, "old_name": null, "opening_hours": null, "operator": null, "operator:type": null, "outdoor_seating": null, "oven": null, "payment:cards": null, "payment:cash": null, "payment:credit_cards": null, "payment:debit_cards": null, "payment:visa": null, "phone": "+39 031819242", "post_office": null, "post_office:brand": null, "post_office:brand:wikidata": null, "ref:REA": null, "ref:RIComo": null, "ref:vatin": null, "religion": null, "restaurant": null, "roof:shape": null, "rooms": null, "self_service": null, "short_name": null, "smoking": null, "source": "Titolare Agriturismo - www.agriturismo-como.bio (Sito Web Ufficiale Geolocalizzato)", "sport": null, "stars": null, "start_date": null, "surface": null, "survey:date": null, "swimming_pool": null, "toilets": null, "toilets:access": null, "toilets:wheelchair": null, "tourism": "hotel", "twitter": null, "url": null, "website": "https://al-marnich.it/", "website:de": null, "website:it": null, "website:menu": null, "wheelchair": null, "wheelchair:description": null, "wikidata": null, "wikimedia_commons": null, "wikipedia": null, "tipe": "Hotel/Akomodasi", "zona": "Dataran Menengah" }, "geometry": { "type": "Point", "coordinates": [ 9.1029648, 45.920464 ] } },
{ "type": "Feature", "properties": { "id": "node/853807473", "@id": "node/853807473", "access": null, "addr:city": null, "addr:country": null, "addr:hamlet": null, "addr:housename": null, "addr:housenumber": null, "addr:place": null, "addr:postcode": null, "addr:province": null, "addr:street": null, "air_conditioning": null, "alt_name": null, "amenity": null, "barrier": null, "barrier:height": null, "beds": null, "bicycle": null, "blind": null, "branch": null, "brand": null, "brand:wikidata": null, "brand:wikipedia": null, "building": null, "building:levels": null, "building:levels:underground": null, "cafe": null, "capacity": null, "check_date": null, "check_date:opening_hours": null, "contact:booking": null, "contact:city": null, "contact:email": null, "contact:facebook": null, "contact:fax": null, "contact:housenumber": null, "contact:instagram": null, "contact:linkedin": null, "contact:mobile": null, "contact:phone": null, "contact:postcode": null, "contact:street": null, "contact:tripadvisor": null, "contact:website": null, "contact:whatsapp": null, "cuisine": null, "denomination": null, "description": null, "description:en": null, "description:it": null, "diet:vegan": null, "dog": null, "drinking_water": null, "ele": null, "email": null, "facebook": null, "fax": null, "fee": null, "fixme": null, "garden:style": null, "garden:type": null, "guest_house": null, "historic": null, "image": null, "inscription": null, "instagram": null, "internet_access": null, "internet_access:fee": null, "internet_access:ssid": null, "is_in": null, "kerb": null, "landuse": null, "layer": null, "leisure": null, "level": null, "loc_name": null, "mapillary": null, "mobile": null, "museum": null, "museum_type": null, "name": "Axolute Comfort Hotel", "name:de": null, "name:en": null, "name:fr": null, "name:it": null, "note": null, "number_of_apartments": null, "official_name": null, "old_name": null, "opening_hours": null, "operator": null, "operator:type": null, "outdoor_seating": null, "oven": null, "payment:cards": null, "payment:cash": null, "payment:credit_cards": null, "payment:debit_cards": null, "payment:visa": null, "phone": null, "post_office": null, "post_office:brand": null, "post_office:brand:wikidata": null, "ref:REA": null, "ref:RIComo": null, "ref:vatin": null, "religion": null, "restaurant": null, "roof:shape": null, "rooms": null, "self_service": null, "short_name": null, "smoking": null, "source": null, "sport": null, "stars": null, "start_date": null, "surface": null, "survey:date": null, "swimming_pool": null, "toilets": null, "toilets:access": null, "toilets:wheelchair": null, "tourism": "hotel", "twitter": null, "url": null, "website": null, "website:de": null, "website:it": null, "website:menu": null, "wheelchair": null, "wheelchair:description": null, "wikidata": null, "wikimedia_commons": null, "wikipedia": null, "tipe": "Hotel/Akomodasi", "zona": "Dataran Rendah" }, "geometry": { "type": "Point", "coordinates": [ 9.1189926, 45.7416114 ] } },
{ "type": "Feature", "properties": { "id": "node/854346404", "@id": "node/854346404", "access": null, "addr:city": null, "addr:country": null, "addr:hamlet": null, "addr:housename": null, "addr:housenumber": null, "addr:place": null, "addr:postcode": null, "addr:province": null, "addr:street": null, "air_conditioning": null, "alt_name": null, "amenity": null, "barrier": null, "barrier:height": null, "beds": null, "bicycle": null, "blind": null, "branch": null, "brand": null, "brand:wikidata": null, "brand:wikipedia": null, "building": null, "building:levels": null, "building:levels:underground": null, "cafe": null, "capacity": null, "check_date": null, "check_date:opening_hours": null, "contact:booking": null, "contact:city": null, "contact:email": null, "contact:facebook": null, "contact:fax": null, "contact:housenumber": null, "contact:instagram": null, "contact:linkedin": null, "contact:mobile": null, "contact:phone": null, "contact:postcode": null, "contact:street": null, "contact:tripadvisor": null, "contact:website": null, "contact:whatsapp": null, "cuisine": null, "denomination": null, "description": null, "description:en": null, "description:it": null, "diet:vegan": null, "dog": null, "drinking_water": null, "ele": null, "email": null, "facebook": null, "fax": null, "fee": null, "fixme": null, "garden:style": null, "garden:type": null, "guest_house": null, "historic": null, "image": null, "inscription": null, "instagram": null, "internet_access": null, "internet_access:fee": null, "internet_access:ssid": null, "is_in": null, "kerb": null, "landuse": null, "layer": null, "leisure": null, "level": null, "loc_name": null, "mapillary": null, "mobile": null, "museum": null, "museum_type": null, "name": "Albergo Hotel Canturio", "name:de": null, "name:en": null, "name:fr": null, "name:it": null, "note": null, "number_of_apartments": null, "official_name": null, "old_name": null, "opening_hours": null, "operator": null, "operator:type": null, "outdoor_seating": null, "oven": null, "payment:cards": null, "payment:cash": null, "payment:credit_cards": null, "payment:debit_cards": null, "payment:visa": null, "phone": null, "post_office": null, "post_office:brand": null, "post_office:brand:wikidata": null, "ref:REA": null, "ref:RIComo": null, "ref:vatin": null, "religion": null, "restaurant": null, "roof:shape": null, "rooms": null, "self_service": null, "short_name": null, "smoking": null, "source": null, "sport": null, "stars": null, "start_date": null, "surface": null, "survey:date": null, "swimming_pool": null, "toilets": null, "toilets:access": null, "toilets:wheelchair": null, "tourism": "hotel", "twitter": null, "url": null, "website": null, "website:de": null, "website:it": null, "website:menu": null, "wheelchair": null, "wheelchair:description": null, "wikidata": null, "wikimedia_commons": null, "wikipedia": null, "tipe": "Hotel/Akomodasi", "zona": "Dataran Rendah" }, "geometry": { "type": "Point", "coordinates": [ 9.1294618, 45.7484148 ] } },
{ "type": "Feature", "properties": { "id": "node/1181245961", "@id": "node/1181245961", "access": null, "addr:city": null, "addr:country": null, "addr:hamlet": null, "addr:housename": null, "addr:housenumber": null, "addr:place": null, "addr:postcode": null, "addr:province": null, "addr:street": null, "air_conditioning": null, "alt_name": null, "amenity": null, "barrier": null, "barrier:height": null, "beds": null, "bicycle": null, "blind": null, "branch": null, "brand": null, "brand:wikidata": null, "brand:wikipedia": null, "building": null, "building:levels": null, "building:levels:underground": null, "cafe": null, "capacity": null, "check_date": null, "check_date:opening_hours": null, "contact:booking": null, "contact:city": null, "contact:email": null, "contact:facebook": null, "contact:fax": null, "contact:housenumber": null, "contact:instagram": null, "contact:linkedin": null, "contact:mobile": null, "contact:phone": null, "contact:postcode": null, "contact:street": null, "contact:tripadvisor": null, "contact:website": null, "contact:whatsapp": null, "cuisine": null, "denomination": null, "description": null, "description:en": null, "description:it": null, "diet:vegan": null, "dog": null, "drinking_water": null, "ele": null, "email": null, "facebook": null, "fax": null, "fee": null, "fixme": null, "garden:style": null, "garden:type": null, "guest_house": null, "historic": null, "image": null, "inscription": null, "instagram": null, "internet_access": null, "internet_access:fee": null, "internet_access:ssid": null, "is_in": null, "kerb": null, "landuse": null, "layer": null, "leisure": null, "level": null, "loc_name": null, "mapillary": null, "mobile": null, "museum": null, "museum_type": null, "name": "Cruise Hotel", "name:de": null, "name:en": null, "name:fr": null, "name:it": null, "note": null, "number_of_apartments": null, "official_name": null, "old_name": null, "opening_hours": null, "operator": null, "operator:type": null, "outdoor_seating": null, "oven": null, "payment:cards": null, "payment:cash": null, "payment:credit_cards": null, "payment:debit_cards": null, "payment:visa": null, "phone": null, "post_office": null, "post_office:brand": null, "post_office:brand:wikidata": null, "ref:REA": null, "ref:RIComo": null, "ref:vatin": null, "religion": null, "restaurant": null, "roof:shape": null, "rooms": null, "self_service": null, "short_name": null, "smoking": null, "source": null, "sport": null, "stars": "4", "start_date": null, "surface": null, "survey:date": null, "swimming_pool": null, "toilets": null, "toilets:access": null, "toilets:wheelchair": null, "tourism": "hotel", "twitter": null, "url": null, "website": null, "website:de": null, "website:it": null, "website:menu": null, "wheelchair": null, "wheelchair:description": null, "wikidata": null, "wikimedia_commons": null, "wikipedia": null, "tipe": "Hotel/Akomodasi", "zona": "Dataran Rendah" }, "geometry": { "type": "Point", "coordinates": [ 9.0486744, 45.7830235 ] } },
{ "type": "Feature", "properties": { "id": "node/1305753485", "@id": "node/1305753485", "access": null, "addr:city": "Como", "addr:country": null, "addr:hamlet": null, "addr:housename": null, "addr:housenumber": "9", "addr:place": null, "addr:postcode": "22100", "addr:province": null, "addr:street": "Via Castelnuovo", "air_conditioning": null, "alt_name": null, "amenity": null, "barrier": null, "barrier:height": null, "beds": null, "bicycle": null, "blind": null, "branch": null, "brand": null, "brand:wikidata": null, "brand:wikipedia": null, "building": null, "building:levels": null, "building:levels:underground": null, "cafe": null, "capacity": null, "check_date": null, "check_date:opening_hours": null, "contact:booking": null, "contact:city": null, "contact:email": null, "contact:facebook": null, "contact:fax": null, "contact:housenumber": null, "contact:instagram": null, "contact:linkedin": null, "contact:mobile": null, "contact:phone": null, "contact:postcode": null, "contact:street": null, "contact:tripadvisor": null, "contact:website": null, "contact:whatsapp": null, "cuisine": null, "denomination": null, "description": null, "description:en": null, "description:it": null, "diet:vegan": null, "dog": null, "drinking_water": null, "ele": null, "email": "info@museosetacomo.com", "facebook": null, "fax": null, "fee": null, "fixme": null, "garden:style": null, "garden:type": null, "guest_house": null, "historic": null, "image": null, "inscription": null, "instagram": null, "internet_access": null, "internet_access:fee": null, "internet_access:ssid": null, "is_in": null, "kerb": null, "landuse": null, "layer": null, "leisure": null, "level": null, "loc_name": null, "mapillary": null, "mobile": null, "museum": null, "museum_type": null, "name": "Museo della Seta", "name:de": null, "name:en": null, "name:fr": null, "name:it": null, "note": null, "number_of_apartments": null, "official_name": null, "old_name": null, "opening_hours": "Tu-Su 10:00-18:00", "operator": null, "operator:type": null, "outdoor_seating": null, "oven": null, "payment:cards": null, "payment:cash": null, "payment:credit_cards": null, "payment:debit_cards": null, "payment:visa": null, "phone": "+39 031 303180", "post_office": null, "post_office:brand": null, "post_office:brand:wikidata": null, "ref:REA": null, "ref:RIComo": null, "ref:vatin": null, "religion": null, "restaurant": null, "roof:shape": null, "rooms": null, "self_service": null, "short_name": null, "smoking": null, "source": null, "sport": null, "stars": null, "start_date": null, "surface": null, "survey:date": null, "swimming_pool": null, "toilets": null, "toilets:access": null, "toilets:wheelchair": null, "tourism": "museum", "twitter": null, "url": null, "website": "https://www.museosetacomo.com/", "website:de": null, "website:it": null, "website:menu": null, "wheelchair": null, "wheelchair:description": null, "wikidata": "Q3868248", "wikimedia_commons": null, "wikipedia": "it:Museo didattico della Seta di Como", "tipe": "Museum", "zona": "Dataran Rendah" }, "geometry": { "type": "Point", "coordinates": [ 9.0946604, 45.8028665 ] } },
{ "type": "Feature", "properties": { "id": "node/1341012812", "@id": "node/1341012812", "access": null, "addr:city": null, "addr:country": null, "addr:hamlet": null, "addr:housename": null, "addr:housenumber": null, "addr:place": null, "addr:postcode": null, "addr:province": null, "addr:street": null, "air_conditioning": null, "alt_name": null, "amenity": null, "barrier": null, "barrier:height": null, "beds": null, "bicycle": null, "blind": null, "branch": null, "brand": null, "brand:wikidata": null, "brand:wikipedia": null, "building": null, "building:levels": null, "building:levels:underground": null, "cafe": null, "capacity": null, "check_date": "2024-03-21", "check_date:opening_hours": null, "contact:booking": null, "contact:city": null, "contact:email": null, "contact:facebook": null, "contact:fax": null, "contact:housenumber": null, "contact:instagram": null, "contact:linkedin": null, "contact:mobile": null, "contact:phone": null, "contact:postcode": null, "contact:street": null, "contact:tripadvisor": null, "contact:website": null, "contact:whatsapp": null, "cuisine": null, "denomination": null, "description": null, "description:en": null, "description:it": null, "diet:vegan": null, "dog": null, "drinking_water": null, "ele": null, "email": null, "facebook": null, "fax": null, "fee": null, "fixme": null, "garden:style": null, "garden:type": null, "guest_house": null, "historic": null, "image": null, "inscription": null, "instagram": null, "internet_access": null, "internet_access:fee": null, "internet_access:ssid": null, "is_in": null, "kerb": null, "landuse": null, "layer": null, "leisure": null, "level": null, "loc_name": null, "mapillary": null, "mobile": null, "museum": null, "museum_type": null, "name": "Ristorante Albergo da Oreste", "name:de": null, "name:en": null, "name:fr": null, "name:it": null, "note": null, "number_of_apartments": null, "official_name": null, "old_name": null, "opening_hours": null, "operator": null, "operator:type": null, "outdoor_seating": null, "oven": null, "payment:cards": null, "payment:cash": null, "payment:credit_cards": null, "payment:debit_cards": null, "payment:visa": null, "phone": null, "post_office": null, "post_office:brand": null, "post_office:brand:wikidata": null, "ref:REA": null, "ref:RIComo": null, "ref:vatin": null, "religion": null, "restaurant": null, "roof:shape": null, "rooms": null, "self_service": null, "short_name": null, "smoking": null, "source": null, "sport": null, "stars": null, "start_date": null, "surface": null, "survey:date": null, "swimming_pool": null, "toilets": null, "toilets:access": null, "toilets:wheelchair": null, "tourism": "hotel", "twitter": null, "url": null, "website": null, "website:de": null, "website:it": null, "website:menu": null, "wheelchair": null, "wheelchair:description": null, "wikidata": null, "wikimedia_commons": null, "wikipedia": null, "tipe": "Hotel/Akomodasi", "zona": "Dataran Menengah" }, "geometry": { "type": "Point", "coordinates": [ 9.1017829, 45.9421448 ] } },
{ "type": "Feature", "properties": { "id": "node/1342136375", "@id": "node/1342136375", "access": null, "addr:city": null, "addr:country": null, "addr:hamlet": null, "addr:housename": null, "addr:housenumber": "20", "addr:place": null, "addr:postcode": "22020", "addr:province": null, "addr:street": "Via Plinio", "air_conditioning": null, "alt_name": null, "amenity": "restaurant", "barrier": null, "barrier:height": null, "beds": null, "bicycle": null, "blind": null, "branch": null, "brand": null, "brand:wikidata": null, "brand:wikipedia": null, "building": null, "building:levels": null, "building:levels:underground": null, "cafe": null, "capacity": null, "check_date": null, "check_date:opening_hours": null, "contact:booking": null, "contact:city": null, "contact:email": null, "contact:facebook": null, "contact:fax": null, "contact:housenumber": null, "contact:instagram": null, "contact:linkedin": null, "contact:mobile": null, "contact:phone": null, "contact:postcode": null, "contact:street": null, "contact:tripadvisor": null, "contact:website": null, "contact:whatsapp": null, "cuisine": "italian", "denomination": null, "description": null, "description:en": null, "description:it": null, "diet:vegan": null, "dog": null, "drinking_water": null, "ele": null, "email": "info@hotelvapore.it", "facebook": null, "fax": null, "fee": null, "fixme": null, "garden:style": null, "garden:type": null, "guest_house": null, "historic": null, "image": null, "inscription": null, "instagram": null, "internet_access": "wlan", "internet_access:fee": null, "internet_access:ssid": null, "is_in": null, "kerb": null, "landuse": null, "layer": null, "leisure": null, "level": null, "loc_name": null, "mapillary": null, "mobile": null, "museum": null, "museum_type": null, "name": "Albergo Ristorante Vapore", "name:de": null, "name:en": null, "name:fr": null, "name:it": null, "note": null, "number_of_apartments": null, "official_name": null, "old_name": null, "opening_hours": null, "operator": null, "operator:type": null, "outdoor_seating": null, "oven": null, "payment:cards": null, "payment:cash": null, "payment:credit_cards": null, "payment:debit_cards": null, "payment:visa": null, "phone": "+39 031 419311", "post_office": null, "post_office:brand": null, "post_office:brand:wikidata": null, "ref:REA": null, "ref:RIComo": null, "ref:vatin": null, "religion": null, "restaurant": null, "roof:shape": null, "rooms": null, "self_service": "no", "short_name": null, "smoking": null, "source": null, "sport": null, "stars": null, "start_date": null, "surface": null, "survey:date": null, "swimming_pool": null, "toilets": null, "toilets:access": null, "toilets:wheelchair": null, "tourism": "hotel", "twitter": null, "url": null, "website": "https://hotelvapore.it/", "website:de": null, "website:it": null, "website:menu": "https://hotelvapore.it/menu-ristorante/", "wheelchair": null, "wheelchair:description": null, "wikidata": null, "wikimedia_commons": null, "wikipedia": null, "tipe": "Hotel/Akomodasi", "zona": "Dataran Menengah" }, "geometry": { "type": "Point", "coordinates": [ 9.1132504, 45.8570062 ] } },
{ "type": "Feature", "properties": { "id": "node/1342136376", "@id": "node/1342136376", "access": null, "addr:city": null, "addr:country": null, "addr:hamlet": null, "addr:housename": null, "addr:housenumber": null, "addr:place": null, "addr:postcode": null, "addr:province": null, "addr:street": null, "air_conditioning": null, "alt_name": null, "amenity": null, "barrier": null, "barrier:height": null, "beds": null, "bicycle": null, "blind": null, "branch": null, "brand": null, "brand:wikidata": null, "brand:wikipedia": null, "building": null, "building:levels": null, "building:levels:underground": null, "cafe": null, "capacity": null, "check_date": null, "check_date:opening_hours": null, "contact:booking": null, "contact:city": null, "contact:email": null, "contact:facebook": null, "contact:fax": null, "contact:housenumber": null, "contact:instagram": null, "contact:linkedin": null, "contact:mobile": null, "contact:phone": null, "contact:postcode": null, "contact:street": null, "contact:tripadvisor": null, "contact:website": null, "contact:whatsapp": null, "cuisine": null, "denomination": null, "description": null, "description:en": null, "description:it": null, "diet:vegan": null, "dog": null, "drinking_water": null, "ele": null, "email": null, "facebook": null, "fax": null, "fee": null, "fixme": null, "garden:style": null, "garden:type": null, "guest_house": "bed_and_breakfast", "historic": null, "image": null, "inscription": null, "instagram": null, "internet_access": null, "internet_access:fee": null, "internet_access:ssid": null, "is_in": null, "kerb": null, "landuse": null, "layer": null, "leisure": null, "level": null, "loc_name": null, "mapillary": null, "mobile": null, "museum": null, "museum_type": null, "name": "B&B Tornoallariva & Art Decò", "name:de": null, "name:en": null, "name:fr": null, "name:it": null, "note": null, "number_of_apartments": null, "official_name": null, "old_name": null, "opening_hours": null, "operator": null, "operator:type": null, "outdoor_seating": null, "oven": null, "payment:cards": null, "payment:cash": null, "payment:credit_cards": null, "payment:debit_cards": null, "payment:visa": null, "phone": null, "post_office": null, "post_office:brand": null, "post_office:brand:wikidata": null, "ref:REA": null, "ref:RIComo": null, "ref:vatin": null, "religion": null, "restaurant": null, "roof:shape": null, "rooms": null, "self_service": null, "short_name": null, "smoking": null, "source": null, "sport": null, "stars": null, "start_date": null, "surface": null, "survey:date": null, "swimming_pool": null, "toilets": null, "toilets:access": null, "toilets:wheelchair": null, "tourism": "guest_house", "twitter": null, "url": null, "website": "http://www.tornoallariva.it", "website:de": null, "website:it": null, "website:menu": null, "wheelchair": null, "wheelchair:description": null, "wikidata": null, "wikimedia_commons": null, "wikipedia": null, "tipe": "Hotel/Akomodasi", "zona": "Dataran Menengah" }, "geometry": { "type": "Point", "coordinates": [ 9.1136096, 45.8565879 ] } },
{ "type": "Feature", "properties": { "id": "node/1342136379", "@id": "node/1342136379", "access": null, "addr:city": null, "addr:country": null, "addr:hamlet": null, "addr:housename": null, "addr:housenumber": "3", "addr:place": null, "addr:postcode": "22020", "addr:province": null, "addr:street": "Piazza Guido Casartelli", "air_conditioning": null, "alt_name": null, "amenity": null, "barrier": null, "barrier:height": null, "beds": null, "bicycle": null, "blind": null, "branch": null, "brand": null, "brand:wikidata": null, "brand:wikipedia": null, "building": null, "building:levels": null, "building:levels:underground": null, "cafe": null, "capacity": null, "check_date": null, "check_date:opening_hours": null, "contact:booking": null, "contact:city": null, "contact:email": null, "contact:facebook": null, "contact:fax": null, "contact:housenumber": null, "contact:instagram": null, "contact:linkedin": null, "contact:mobile": null, "contact:phone": null, "contact:postcode": null, "contact:street": null, "contact:tripadvisor": null, "contact:website": null, "contact:whatsapp": null, "cuisine": null, "denomination": null, "description": null, "description:en": null, "description:it": null, "diet:vegan": null, "dog": null, "drinking_water": null, "ele": null, "email": "info@hotelilbelvedere.com", "facebook": null, "fax": null, "fee": null, "fixme": null, "garden:style": null, "garden:type": null, "guest_house": null, "historic": null, "image": null, "inscription": null, "instagram": null, "internet_access": "wlan", "internet_access:fee": null, "internet_access:ssid": null, "is_in": null, "kerb": null, "landuse": null, "layer": null, "leisure": null, "level": null, "loc_name": null, "mapillary": null, "mobile": null, "museum": null, "museum_type": null, "name": "Il Belvedere Torno", "name:de": null, "name:en": null, "name:fr": null, "name:it": null, "note": null, "number_of_apartments": null, "official_name": null, "old_name": null, "opening_hours": null, "operator": null, "operator:type": null, "outdoor_seating": null, "oven": null, "payment:cards": null, "payment:cash": null, "payment:credit_cards": null, "payment:debit_cards": null, "payment:visa": null, "phone": "+39 031 419656", "post_office": null, "post_office:brand": null, "post_office:brand:wikidata": null, "ref:REA": null, "ref:RIComo": null, "ref:vatin": null, "religion": null, "restaurant": null, "roof:shape": null, "rooms": null, "self_service": "no", "short_name": null, "smoking": null, "source": null, "sport": null, "stars": null, "start_date": null, "surface": null, "survey:date": null, "swimming_pool": null, "toilets": null, "toilets:access": null, "toilets:wheelchair": null, "tourism": "hotel", "twitter": null, "url": null, "website": "https://hotelilbelvedere.com/", "website:de": null, "website:it": null, "website:menu": null, "wheelchair": null, "wheelchair:description": null, "wikidata": null, "wikimedia_commons": null, "wikipedia": null, "tipe": "Hotel/Akomodasi", "zona": "Dataran Menengah" }, "geometry": { "type": "Point", "coordinates": [ 9.1134878, 45.8563301 ] } },
{ "type": "Feature", "properties": { "id": "node/1617213379", "@id": "node/1617213379", "access": null, "addr:city": null, "addr:country": null, "addr:hamlet": null, "addr:housename": null, "addr:housenumber": null, "addr:place": null, "addr:postcode": null, "addr:province": null, "addr:street": null, "air_conditioning": null, "alt_name": null, "amenity": null, "barrier": null, "barrier:height": null, "beds": null, "bicycle": null, "blind": null, "branch": null, "brand": null, "brand:wikidata": null, "brand:wikipedia": null, "building": null, "building:levels": null, "building:levels:underground": null, "cafe": null, "capacity": null, "check_date": null, "check_date:opening_hours": null, "contact:booking": null, "contact:city": null, "contact:email": null, "contact:facebook": null, "contact:fax": null, "contact:housenumber": null, "contact:instagram": null, "contact:linkedin": null, "contact:mobile": null, "contact:phone": null, "contact:postcode": null, "contact:street": null, "contact:tripadvisor": null, "contact:website": null, "contact:whatsapp": null, "cuisine": null, "denomination": null, "description": null, "description:en": null, "description:it": null, "diet:vegan": null, "dog": null, "drinking_water": null, "ele": null, "email": null, "facebook": null, "fax": null, "fee": "no", "fixme": null, "garden:style": null, "garden:type": null, "guest_house": null, "historic": null, "image": null, "inscription": null, "instagram": null, "internet_access": null, "internet_access:fee": null, "internet_access:ssid": null, "is_in": null, "kerb": null, "landuse": null, "layer": null, "leisure": null, "level": null, "loc_name": null, "mapillary": "469138511312035", "mobile": null, "museum": "history", "museum_type": null, "name": "Piccolo Museo Storico del Bisbino", "name:de": null, "name:en": null, "name:fr": null, "name:it": null, "note": null, "number_of_apartments": null, "official_name": null, "old_name": null, "opening_hours": null, "operator": "Associazione amici del Bisbino", "operator:type": "private", "outdoor_seating": null, "oven": null, "payment:cards": null, "payment:cash": null, "payment:credit_cards": null, "payment:debit_cards": null, "payment:visa": null, "phone": null, "post_office": null, "post_office:brand": null, "post_office:brand:wikidata": null, "ref:REA": null, "ref:RIComo": null, "ref:vatin": null, "religion": null, "restaurant": null, "roof:shape": null, "rooms": null, "self_service": null, "short_name": null, "smoking": null, "source": "survey", "sport": null, "stars": null, "start_date": "2010-08-15", "surface": null, "survey:date": null, "swimming_pool": null, "toilets": null, "toilets:access": null, "toilets:wheelchair": null, "tourism": "museum", "twitter": null, "url": null, "website": null, "website:de": null, "website:it": null, "website:menu": null, "wheelchair": null, "wheelchair:description": null, "wikidata": "Q67013916", "wikimedia_commons": "File:Piccolo Museo Storico del Bisbino (ingresso).jpg", "wikipedia": null, "tipe": "Museum", "zona": "Dataran Menengah" }, "geometry": { "type": "Point", "coordinates": [ 9.066584, 45.8735653 ] } },
{ "type": "Feature", "properties": { "id": "node/1853394205", "@id": "node/1853394205", "access": null, "addr:city": "Como", "addr:country": null, "addr:hamlet": null, "addr:housename": null, "addr:housenumber": "20", "addr:place": null, "addr:postcode": "22100", "addr:province": null, "addr:street": "Via Pietro Boldoni", "air_conditioning": null, "alt_name": null, "amenity": null, "barrier": null, "barrier:height": null, "beds": null, "bicycle": null, "blind": null, "branch": null, "brand": null, "brand:wikidata": null, "brand:wikipedia": null, "building": null, "building:levels": null, "building:levels:underground": null, "cafe": null, "capacity": null, "check_date": null, "check_date:opening_hours": null, "contact:booking": null, "contact:city": null, "contact:email": "info@hoteltrere.com", "contact:facebook": "https://www.facebook.com/HotelTreReComo", "contact:fax": "+39 031 241349", "contact:housenumber": null, "contact:instagram": null, "contact:linkedin": null, "contact:mobile": null, "contact:phone": "+39 031 265374", "contact:postcode": null, "contact:street": null, "contact:tripadvisor": null, "contact:website": "http://www.hoteltrere.it", "contact:whatsapp": null, "cuisine": null, "denomination": null, "description": null, "description:en": null, "description:it": null, "diet:vegan": null, "dog": null, "drinking_water": null, "ele": null, "email": null, "facebook": null, "fax": null, "fee": null, "fixme": null, "garden:style": null, "garden:type": null, "guest_house": null, "historic": null, "image": null, "inscription": null, "instagram": null, "internet_access": "yes", "internet_access:fee": null, "internet_access:ssid": null, "is_in": null, "kerb": null, "landuse": null, "layer": null, "leisure": null, "level": null, "loc_name": null, "mapillary": null, "mobile": null, "museum": null, "museum_type": null, "name": "Hotel Tre Re", "name:de": null, "name:en": null, "name:fr": null, "name:it": null, "note": null, "number_of_apartments": null, "official_name": null, "old_name": null, "opening_hours": null, "operator": null, "operator:type": null, "outdoor_seating": null, "oven": null, "payment:cards": null, "payment:cash": null, "payment:credit_cards": null, "payment:debit_cards": null, "payment:visa": null, "phone": null, "post_office": null, "post_office:brand": null, "post_office:brand:wikidata": null, "ref:REA": null, "ref:RIComo": null, "ref:vatin": "IT00043150135", "religion": null, "restaurant": null, "roof:shape": null, "rooms": null, "self_service": null, "short_name": null, "smoking": null, "source": null, "sport": null, "stars": "3", "start_date": null, "surface": null, "survey:date": null, "swimming_pool": null, "toilets": null, "toilets:access": null, "toilets:wheelchair": null, "tourism": "hotel", "twitter": null, "url": null, "website": null, "website:de": null, "website:it": null, "website:menu": null, "wheelchair": "yes", "wheelchair:description": null, "wikidata": null, "wikimedia_commons": null, "wikipedia": null, "tipe": "Hotel/Akomodasi", "zona": "Dataran Rendah" }, "geometry": { "type": "Point", "coordinates": [ 9.0814552, 45.8111478 ] } },
{ "type": "Feature", "properties": { "id": "node/2275313217", "@id": "node/2275313217", "access": null, "addr:city": null, "addr:country": null, "addr:hamlet": null, "addr:housename": null, "addr:housenumber": "25", "addr:place": null, "addr:postcode": "22020", "addr:province": null, "addr:street": "Via Cesare Poggi", "air_conditioning": null, "alt_name": null, "amenity": "restaurant", "barrier": null, "barrier:height": null, "beds": null, "bicycle": null, "blind": null, "branch": null, "brand": null, "brand:wikidata": null, "brand:wikipedia": null, "building": null, "building:levels": null, "building:levels:underground": null, "cafe": null, "capacity": null, "check_date": null, "check_date:opening_hours": null, "contact:booking": null, "contact:city": null, "contact:email": null, "contact:facebook": null, "contact:fax": null, "contact:housenumber": null, "contact:instagram": null, "contact:linkedin": null, "contact:mobile": null, "contact:phone": null, "contact:postcode": null, "contact:street": null, "contact:tripadvisor": null, "contact:website": null, "contact:whatsapp": null, "cuisine": "italian", "denomination": null, "description": null, "description:en": null, "description:it": null, "diet:vegan": null, "dog": null, "drinking_water": null, "ele": null, "email": "info@hotelglavjc.it", "facebook": null, "fax": null, "fee": null, "fixme": null, "garden:style": null, "garden:type": null, "guest_house": null, "historic": null, "image": null, "inscription": null, "instagram": null, "internet_access": "wlan", "internet_access:fee": null, "internet_access:ssid": null, "is_in": null, "kerb": null, "landuse": null, "layer": null, "leisure": null, "level": null, "loc_name": null, "mapillary": null, "mobile": null, "museum": null, "museum_type": null, "name": "L’Hotel Ristorante ” G.L.A.V.J.C.”", "name:de": null, "name:en": null, "name:fr": null, "name:it": null, "note": null, "number_of_apartments": null, "official_name": null, "old_name": null, "opening_hours": null, "operator": null, "operator:type": null, "outdoor_seating": null, "oven": null, "payment:cards": null, "payment:cash": null, "payment:credit_cards": null, "payment:debit_cards": null, "payment:visa": null, "phone": "+39 031 419300", "post_office": null, "post_office:brand": null, "post_office:brand:wikidata": null, "ref:REA": null, "ref:RIComo": null, "ref:vatin": null, "religion": null, "restaurant": null, "roof:shape": null, "rooms": null, "self_service": "no", "short_name": null, "smoking": null, "source": null, "sport": null, "stars": null, "start_date": null, "surface": null, "survey:date": null, "swimming_pool": null, "toilets": null, "toilets:access": null, "toilets:wheelchair": null, "tourism": "hotel", "twitter": null, "url": null, "website": "https://www.hotelglavjc.it/", "website:de": null, "website:it": null, "website:menu": null, "wheelchair": null, "wheelchair:description": null, "wikidata": null, "wikimedia_commons": null, "wikipedia": null, "tipe": "Hotel/Akomodasi", "zona": "Dataran Menengah" }, "geometry": { "type": "Point", "coordinates": [ 9.1242887, 45.8578086 ] } },
{ "type": "Feature", "properties": { "id": "node/2302768479", "@id": "node/2302768479", "access": null, "addr:city": "Torno", "addr:country": "IT", "addr:hamlet": null, "addr:housename": null, "addr:housenumber": "10", "addr:place": null, "addr:postcode": "22020", "addr:province": null, "addr:street": "Via Cesare Poggi", "air_conditioning": null, "alt_name": null, "amenity": null, "barrier": null, "barrier:height": null, "beds": null, "bicycle": null, "blind": null, "branch": null, "brand": null, "brand:wikidata": null, "brand:wikipedia": null, "building": null, "building:levels": null, "building:levels:underground": null, "cafe": null, "capacity": null, "check_date": null, "check_date:opening_hours": null, "contact:booking": null, "contact:city": null, "contact:email": null, "contact:facebook": null, "contact:fax": null, "contact:housenumber": null, "contact:instagram": null, "contact:linkedin": null, "contact:mobile": null, "contact:phone": null, "contact:postcode": null, "contact:street": null, "contact:tripadvisor": null, "contact:website": null, "contact:whatsapp": null, "cuisine": null, "denomination": null, "description": null, "description:en": null, "description:it": null, "diet:vegan": null, "dog": null, "drinking_water": null, "ele": null, "email": null, "facebook": null, "fax": null, "fee": null, "fixme": null, "garden:style": null, "garden:type": null, "guest_house": null, "historic": null, "image": null, "inscription": null, "instagram": null, "internet_access": "yes", "internet_access:fee": null, "internet_access:ssid": null, "is_in": null, "kerb": null, "landuse": null, "layer": null, "leisure": null, "level": null, "loc_name": null, "mapillary": null, "mobile": null, "museum": null, "museum_type": null, "name": "Bellavista Bed & Breakfast", "name:de": null, "name:en": null, "name:fr": null, "name:it": null, "note": null, "number_of_apartments": null, "official_name": null, "old_name": null, "opening_hours": null, "operator": null, "operator:type": null, "outdoor_seating": null, "oven": null, "payment:cards": null, "payment:cash": null, "payment:credit_cards": null, "payment:debit_cards": null, "payment:visa": null, "phone": "+39 031 309884", "post_office": null, "post_office:brand": null, "post_office:brand:wikidata": null, "ref:REA": null, "ref:RIComo": null, "ref:vatin": null, "religion": null, "restaurant": null, "roof:shape": null, "rooms": null, "self_service": null, "short_name": null, "smoking": null, "source": null, "sport": null, "stars": null, "start_date": null, "surface": null, "survey:date": null, "swimming_pool": null, "toilets": null, "toilets:access": null, "toilets:wheelchair": null, "tourism": "guest_house", "twitter": null, "url": null, "website": "https://www.bed-and-breakfast.it/pagina.cfm?id=16254&IDRegione=9", "website:de": null, "website:it": null, "website:menu": null, "wheelchair": null, "wheelchair:description": null, "wikidata": null, "wikimedia_commons": null, "wikipedia": null, "tipe": "Hotel/Akomodasi", "zona": "Dataran Menengah" }, "geometry": { "type": "Point", "coordinates": [ 9.1204954, 45.8576004 ] } },
{ "type": "Feature", "properties": { "id": "node/2305422292", "@id": "node/2305422292", "access": null, "addr:city": "Faggeto Lario", "addr:country": "IT", "addr:hamlet": null, "addr:housename": null, "addr:housenumber": "2/4", "addr:place": "Molina", "addr:postcode": "22020", "addr:province": null, "addr:street": "Piazza Sant'Antonio", "air_conditioning": null, "alt_name": null, "amenity": null, "barrier": null, "barrier:height": null, "beds": null, "bicycle": null, "blind": null, "branch": null, "brand": null, "brand:wikidata": null, "brand:wikipedia": null, "building": null, "building:levels": null, "building:levels:underground": null, "cafe": null, "capacity": null, "check_date": null, "check_date:opening_hours": null, "contact:booking": null, "contact:city": null, "contact:email": null, "contact:facebook": null, "contact:fax": null, "contact:housenumber": null, "contact:instagram": null, "contact:linkedin": null, "contact:mobile": null, "contact:phone": null, "contact:postcode": null, "contact:street": null, "contact:tripadvisor": null, "contact:website": null, "contact:whatsapp": null, "cuisine": null, "denomination": null, "description": null, "description:en": null, "description:it": null, "diet:vegan": null, "dog": null, "drinking_water": null, "ele": null, "email": "info@anticamolina.com", "facebook": null, "fax": null, "fee": null, "fixme": null, "garden:style": null, "garden:type": null, "guest_house": null, "historic": null, "image": null, "inscription": null, "instagram": null, "internet_access": null, "internet_access:fee": null, "internet_access:ssid": null, "is_in": null, "kerb": null, "landuse": null, "layer": null, "leisure": null, "level": null, "loc_name": null, "mapillary": null, "mobile": null, "museum": null, "museum_type": null, "name": "Antica Molina", "name:de": null, "name:en": null, "name:fr": null, "name:it": null, "note": null, "number_of_apartments": null, "official_name": null, "old_name": null, "opening_hours": null, "operator": null, "operator:type": null, "outdoor_seating": null, "oven": null, "payment:cards": null, "payment:cash": null, "payment:credit_cards": null, "payment:debit_cards": null, "payment:visa": null, "phone": "+39 348 8264740", "post_office": null, "post_office:brand": null, "post_office:brand:wikidata": null, "ref:REA": null, "ref:RIComo": null, "ref:vatin": null, "religion": null, "restaurant": null, "roof:shape": null, "rooms": null, "self_service": null, "short_name": null, "smoking": null, "source": null, "sport": null, "stars": null, "start_date": null, "surface": null, "survey:date": null, "swimming_pool": null, "toilets": null, "toilets:access": null, "toilets:wheelchair": null, "tourism": "guest_house", "twitter": null, "url": null, "website": "https://www.anticamolina.com/", "website:de": null, "website:it": null, "website:menu": null, "wheelchair": null, "wheelchair:description": null, "wikidata": null, "wikimedia_commons": null, "wikipedia": null, "tipe": "Hotel/Akomodasi", "zona": "Dataran Menengah" }, "geometry": { "type": "Point", "coordinates": [ 9.1527801, 45.8583505 ] } },
{ "type": "Feature", "properties": { "id": "node/2326989828", "@id": "node/2326989828", "access": null, "addr:city": null, "addr:country": null, "addr:hamlet": null, "addr:housename": null, "addr:housenumber": null, "addr:place": null, "addr:postcode": null, "addr:province": null, "addr:street": null, "air_conditioning": null, "alt_name": null, "amenity": null, "barrier": null, "barrier:height": null, "beds": null, "bicycle": null, "blind": null, "branch": null, "brand": null, "brand:wikidata": null, "brand:wikipedia": null, "building": null, "building:levels": null, "building:levels:underground": null, "cafe": null, "capacity": null, "check_date": null, "check_date:opening_hours": null, "contact:booking": null, "contact:city": null, "contact:email": null, "contact:facebook": null, "contact:fax": null, "contact:housenumber": null, "contact:instagram": null, "contact:linkedin": null, "contact:mobile": null, "contact:phone": null, "contact:postcode": null, "contact:street": null, "contact:tripadvisor": null, "contact:website": null, "contact:whatsapp": null, "cuisine": null, "denomination": null, "description": null, "description:en": null, "description:it": null, "diet:vegan": null, "dog": null, "drinking_water": null, "ele": null, "email": null, "facebook": null, "fax": null, "fee": null, "fixme": null, "garden:style": null, "garden:type": null, "guest_house": null, "historic": null, "image": null, "inscription": null, "instagram": null, "internet_access": null, "internet_access:fee": null, "internet_access:ssid": null, "is_in": null, "kerb": null, "landuse": null, "layer": null, "leisure": null, "level": null, "loc_name": null, "mapillary": null, "mobile": null, "museum": null, "museum_type": null, "name": "B&B Monti di Sera", "name:de": null, "name:en": null, "name:fr": null, "name:it": null, "note": null, "number_of_apartments": null, "official_name": null, "old_name": null, "opening_hours": null, "operator": null, "operator:type": null, "outdoor_seating": null, "oven": null, "payment:cards": null, "payment:cash": null, "payment:credit_cards": null, "payment:debit_cards": null, "payment:visa": null, "phone": null, "post_office": null, "post_office:brand": null, "post_office:brand:wikidata": null, "ref:REA": null, "ref:RIComo": null, "ref:vatin": null, "religion": null, "restaurant": null, "roof:shape": null, "rooms": null, "self_service": null, "short_name": null, "smoking": null, "source": null, "sport": null, "stars": null, "start_date": null, "surface": null, "survey:date": null, "swimming_pool": null, "toilets": null, "toilets:access": null, "toilets:wheelchair": null, "tourism": "guest_house", "twitter": null, "url": null, "website": null, "website:de": null, "website:it": null, "website:menu": null, "wheelchair": null, "wheelchair:description": null, "wikidata": null, "wikimedia_commons": null, "wikipedia": null, "tipe": "Hotel/Akomodasi", "zona": "Dataran Menengah" }, "geometry": { "type": "Point", "coordinates": [ 9.2432911, 45.868207 ] } },
{ "type": "Feature", "properties": { "id": "node/2393268964", "@id": "node/2393268964", "access": null, "addr:city": "Como", "addr:country": null, "addr:hamlet": null, "addr:housename": null, "addr:housenumber": "33", "addr:place": null, "addr:postcode": "22100", "addr:province": null, "addr:street": "Via Giuseppe Garibaldi", "air_conditioning": null, "alt_name": null, "amenity": null, "barrier": null, "barrier:height": null, "beds": null, "bicycle": null, "blind": null, "branch": null, "brand": null, "brand:wikidata": null, "brand:wikipedia": null, "building": null, "building:levels": null, "building:levels:underground": null, "cafe": null, "capacity": null, "check_date": "2024-10-15", "check_date:opening_hours": null, "contact:booking": null, "contact:city": null, "contact:email": null, "contact:facebook": null, "contact:fax": null, "contact:housenumber": null, "contact:instagram": null, "contact:linkedin": null, "contact:mobile": null, "contact:phone": null, "contact:postcode": null, "contact:street": null, "contact:tripadvisor": null, "contact:website": null, "contact:whatsapp": null, "cuisine": null, "denomination": null, "description": null, "description:en": null, "description:it": null, "diet:vegan": null, "dog": null, "drinking_water": null, "ele": null, "email": null, "facebook": null, "fax": null, "fee": null, "fixme": null, "garden:style": null, "garden:type": null, "guest_house": null, "historic": null, "image": null, "inscription": null, "instagram": null, "internet_access": null, "internet_access:fee": null, "internet_access:ssid": null, "is_in": null, "kerb": null, "landuse": null, "layer": null, "leisure": null, "level": null, "loc_name": null, "mapillary": null, "mobile": null, "museum": null, "museum_type": null, "name": "Plinius", "name:de": null, "name:en": null, "name:fr": null, "name:it": null, "note": null, "number_of_apartments": null, "official_name": null, "old_name": null, "opening_hours": null, "operator": null, "operator:type": null, "outdoor_seating": null, "oven": null, "payment:cards": null, "payment:cash": null, "payment:credit_cards": null, "payment:debit_cards": null, "payment:visa": null, "phone": null, "post_office": null, "post_office:brand": null, "post_office:brand:wikidata": null, "ref:REA": null, "ref:RIComo": null, "ref:vatin": null, "religion": null, "restaurant": null, "roof:shape": null, "rooms": null, "self_service": null, "short_name": null, "smoking": null, "source": null, "sport": null, "stars": "3", "start_date": null, "surface": null, "survey:date": null, "swimming_pool": null, "toilets": null, "toilets:access": null, "toilets:wheelchair": null, "tourism": "hotel", "twitter": null, "url": null, "website": null, "website:de": null, "website:it": null, "website:menu": null, "wheelchair": "no", "wheelchair:description": null, "wikidata": null, "wikimedia_commons": null, "wikipedia": null, "tipe": "Hotel/Akomodasi", "zona": "Dataran Rendah" }, "geometry": { "type": "Point", "coordinates": [ 9.0785741, 45.8108894 ] } },
{ "type": "Feature", "properties": { "id": "node/2553637000", "@id": "node/2553637000", "access": null, "addr:city": "Nesso", "addr:country": "IT", "addr:hamlet": null, "addr:housename": null, "addr:housenumber": "10", "addr:place": null, "addr:postcode": "22020", "addr:province": null, "addr:street": "Via Roma", "air_conditioning": null, "alt_name": null, "amenity": "restaurant", "barrier": null, "barrier:height": null, "beds": null, "bicycle": null, "blind": null, "branch": null, "brand": null, "brand:wikidata": null, "brand:wikipedia": null, "building": null, "building:levels": null, "building:levels:underground": null, "cafe": "yes", "capacity": null, "check_date": null, "check_date:opening_hours": null, "contact:booking": null, "contact:city": null, "contact:email": null, "contact:facebook": null, "contact:fax": null, "contact:housenumber": null, "contact:instagram": null, "contact:linkedin": null, "contact:mobile": null, "contact:phone": null, "contact:postcode": null, "contact:street": null, "contact:tripadvisor": null, "contact:website": null, "contact:whatsapp": null, "cuisine": "pizza", "denomination": null, "description": "Bar Pizzeria Camere", "description:en": null, "description:it": null, "diet:vegan": null, "dog": null, "drinking_water": null, "ele": null, "email": "info@lacascatanesso.it", "facebook": null, "fax": null, "fee": null, "fixme": null, "garden:style": null, "garden:type": null, "guest_house": null, "historic": null, "image": null, "inscription": null, "instagram": null, "internet_access": null, "internet_access:fee": null, "internet_access:ssid": null, "is_in": null, "kerb": null, "landuse": null, "layer": null, "leisure": null, "level": null, "loc_name": null, "mapillary": null, "mobile": null, "museum": null, "museum_type": null, "name": "La Cascata", "name:de": null, "name:en": null, "name:fr": null, "name:it": null, "note": null, "number_of_apartments": null, "official_name": null, "old_name": null, "opening_hours": null, "operator": null, "operator:type": null, "outdoor_seating": null, "oven": null, "payment:cards": null, "payment:cash": null, "payment:credit_cards": null, "payment:debit_cards": null, "payment:visa": null, "phone": "+39 031 910871", "post_office": null, "post_office:brand": null, "post_office:brand:wikidata": null, "ref:REA": null, "ref:RIComo": null, "ref:vatin": null, "religion": null, "restaurant": null, "roof:shape": null, "rooms": null, "self_service": null, "short_name": null, "smoking": null, "source": null, "sport": null, "stars": null, "start_date": null, "surface": null, "survey:date": null, "swimming_pool": null, "toilets": null, "toilets:access": null, "toilets:wheelchair": null, "tourism": "guest_house", "twitter": null, "url": null, "website": "http://www.lacascatanesso.it", "website:de": null, "website:it": null, "website:menu": null, "wheelchair": null, "wheelchair:description": null, "wikidata": null, "wikimedia_commons": null, "wikipedia": null, "tipe": "Hotel/Akomodasi", "zona": "Dataran Menengah" }, "geometry": { "type": "Point", "coordinates": [ 9.1556814, 45.9104203 ] } },
{ "type": "Feature", "properties": { "id": "node/2812311660", "@id": "node/2812311660", "access": null, "addr:city": null, "addr:country": null, "addr:hamlet": null, "addr:housename": null, "addr:housenumber": null, "addr:place": null, "addr:postcode": null, "addr:province": null, "addr:street": null, "air_conditioning": null, "alt_name": null, "amenity": null, "barrier": null, "barrier:height": null, "beds": null, "bicycle": null, "blind": null, "branch": null, "brand": null, "brand:wikidata": null, "brand:wikipedia": null, "building": null, "building:levels": null, "building:levels:underground": null, "cafe": null, "capacity": null, "check_date": null, "check_date:opening_hours": null, "contact:booking": null, "contact:city": null, "contact:email": null, "contact:facebook": null, "contact:fax": null, "contact:housenumber": null, "contact:instagram": null, "contact:linkedin": null, "contact:mobile": null, "contact:phone": null, "contact:postcode": null, "contact:street": null, "contact:tripadvisor": null, "contact:website": null, "contact:whatsapp": null, "cuisine": null, "denomination": null, "description": null, "description:en": null, "description:it": null, "diet:vegan": null, "dog": null, "drinking_water": null, "ele": null, "email": null, "facebook": null, "fax": null, "fee": null, "fixme": null, "garden:style": null, "garden:type": null, "guest_house": null, "historic": null, "image": null, "inscription": null, "instagram": null, "internet_access": null, "internet_access:fee": null, "internet_access:ssid": null, "is_in": null, "kerb": null, "landuse": null, "layer": null, "leisure": null, "level": null, "loc_name": null, "mapillary": null, "mobile": null, "museum": null, "museum_type": null, "name": "Hotel Ristorante Fioroni", "name:de": null, "name:en": null, "name:fr": null, "name:it": null, "note": null, "number_of_apartments": null, "official_name": null, "old_name": null, "opening_hours": null, "operator": null, "operator:type": null, "outdoor_seating": null, "oven": null, "payment:cards": null, "payment:cash": null, "payment:credit_cards": null, "payment:debit_cards": null, "payment:visa": null, "phone": null, "post_office": null, "post_office:brand": null, "post_office:brand:wikidata": null, "ref:REA": null, "ref:RIComo": null, "ref:vatin": null, "religion": null, "restaurant": null, "roof:shape": null, "rooms": null, "self_service": null, "short_name": null, "smoking": null, "source": null, "sport": null, "stars": null, "start_date": null, "surface": null, "survey:date": null, "swimming_pool": null, "toilets": null, "toilets:access": null, "toilets:wheelchair": null, "tourism": "hotel", "twitter": null, "url": null, "website": null, "website:de": null, "website:it": null, "website:menu": null, "wheelchair": null, "wheelchair:description": null, "wikidata": null, "wikimedia_commons": null, "wikipedia": null, "tipe": "Hotel/Akomodasi", "zona": "Dataran Menengah" }, "geometry": { "type": "Point", "coordinates": [ 9.1273775, 45.8731062 ] } },
{ "type": "Feature", "properties": { "id": "node/2821890033", "@id": "node/2821890033", "access": null, "addr:city": null, "addr:country": null, "addr:hamlet": null, "addr:housename": null, "addr:housenumber": null, "addr:place": null, "addr:postcode": null, "addr:province": null, "addr:street": null, "air_conditioning": null, "alt_name": null, "amenity": "restaurant", "barrier": null, "barrier:height": null, "beds": null, "bicycle": null, "blind": null, "branch": null, "brand": null, "brand:wikidata": null, "brand:wikipedia": null, "building": null, "building:levels": null, "building:levels:underground": null, "cafe": null, "capacity": null, "check_date": null, "check_date:opening_hours": null, "contact:booking": null, "contact:city": null, "contact:email": null, "contact:facebook": null, "contact:fax": null, "contact:housenumber": null, "contact:instagram": null, "contact:linkedin": null, "contact:mobile": null, "contact:phone": null, "contact:postcode": null, "contact:street": null, "contact:tripadvisor": null, "contact:website": null, "contact:whatsapp": null, "cuisine": "italian", "denomination": null, "description": null, "description:en": null, "description:it": null, "diet:vegan": null, "dog": null, "drinking_water": null, "ele": null, "email": "hm@hotelmarinoni.it", "facebook": null, "fax": "+39 02 96779801", "fee": null, "fixme": null, "garden:style": null, "garden:type": null, "guest_house": null, "historic": null, "image": null, "inscription": null, "instagram": null, "internet_access": "wlan", "internet_access:fee": "no", "internet_access:ssid": null, "is_in": null, "kerb": null, "landuse": null, "layer": null, "leisure": null, "level": null, "loc_name": null, "mapillary": null, "mobile": null, "museum": null, "museum_type": null, "name": "Albergo Ristorante Marinoni", "name:de": null, "name:en": null, "name:fr": null, "name:it": null, "note": null, "number_of_apartments": null, "official_name": null, "old_name": null, "opening_hours": null, "operator": "Marinoni srl", "operator:type": null, "outdoor_seating": null, "oven": null, "payment:cards": null, "payment:cash": null, "payment:credit_cards": null, "payment:debit_cards": null, "payment:visa": null, "phone": "+39 02 96779801", "post_office": null, "post_office:brand": null, "post_office:brand:wikidata": null, "ref:REA": null, "ref:RIComo": null, "ref:vatin": null, "religion": null, "restaurant": null, "roof:shape": null, "rooms": "24", "self_service": null, "short_name": null, "smoking": null, "source": null, "sport": null, "stars": "3", "start_date": null, "surface": null, "survey:date": null, "swimming_pool": null, "toilets": null, "toilets:access": null, "toilets:wheelchair": null, "tourism": "hotel", "twitter": null, "url": null, "website": "https://www.hotelmarinoni.it/", "website:de": null, "website:it": null, "website:menu": null, "wheelchair": "yes", "wheelchair:description": null, "wikidata": null, "wikimedia_commons": null, "wikipedia": null, "tipe": "Hotel/Akomodasi", "zona": "Dataran Rendah" }, "geometry": { "type": "Point", "coordinates": [ 9.0363956, 45.6978164 ] } },
{ "type": "Feature", "properties": { "id": "node/2917627312", "@id": "node/2917627312", "access": null, "addr:city": "Como", "addr:country": "IT", "addr:hamlet": null, "addr:housename": null, "addr:housenumber": "1", "addr:place": null, "addr:postcode": "22100", "addr:province": null, "addr:street": "Piazza Medaglie d'Oro", "air_conditioning": null, "alt_name": null, "amenity": null, "barrier": null, "barrier:height": null, "beds": null, "bicycle": null, "blind": null, "branch": null, "brand": null, "brand:wikidata": null, "brand:wikipedia": null, "building": null, "building:levels": null, "building:levels:underground": null, "cafe": null, "capacity": null, "check_date": null, "check_date:opening_hours": null, "contact:booking": null, "contact:city": null, "contact:email": null, "contact:facebook": null, "contact:fax": null, "contact:housenumber": null, "contact:instagram": null, "contact:linkedin": null, "contact:mobile": null, "contact:phone": null, "contact:postcode": null, "contact:street": null, "contact:tripadvisor": null, "contact:website": null, "contact:whatsapp": null, "cuisine": null, "denomination": null, "description": null, "description:en": null, "description:it": null, "diet:vegan": null, "dog": null, "drinking_water": null, "ele": null, "email": "musei.civici@comune.como.it", "facebook": null, "fax": null, "fee": null, "fixme": null, "garden:style": null, "garden:type": null, "guest_house": null, "historic": null, "image": null, "inscription": null, "instagram": null, "internet_access": null, "internet_access:fee": null, "internet_access:ssid": null, "is_in": null, "kerb": null, "landuse": null, "layer": null, "leisure": null, "level": null, "loc_name": null, "mapillary": null, "mobile": null, "museum": null, "museum_type": null, "name": "Museo archeologico Paolo Giovio", "name:de": null, "name:en": null, "name:fr": null, "name:it": null, "note": null, "number_of_apartments": null, "official_name": null, "old_name": null, "opening_hours": "Tu-Su 10:00-18:00; Mo off; Jan 01,06,Nov 01,Dec 25-26 off", "operator": null, "operator:type": null, "outdoor_seating": null, "oven": null, "payment:cards": null, "payment:cash": null, "payment:credit_cards": null, "payment:debit_cards": null, "payment:visa": null, "phone": "+39 031 252550", "post_office": null, "post_office:brand": null, "post_office:brand:wikidata": null, "ref:REA": null, "ref:RIComo": null, "ref:vatin": null, "religion": null, "restaurant": null, "roof:shape": null, "rooms": null, "self_service": null, "short_name": null, "smoking": null, "source": null, "sport": null, "stars": null, "start_date": null, "surface": null, "survey:date": null, "swimming_pool": null, "toilets": null, "toilets:access": null, "toilets:wheelchair": null, "tourism": "museum", "twitter": null, "url": null, "website": "https://www.visitcomo.eu/it/scoprire/musei/museo-archeologico/index.html", "website:de": null, "website:it": null, "website:menu": null, "wheelchair": null, "wheelchair:description": null, "wikidata": "Q3867664", "wikimedia_commons": null, "wikipedia": "it:Museo archeologico Paolo Giovio", "tipe": "Museum", "zona": "Dataran Rendah" }, "geometry": { "type": "Point", "coordinates": [ 9.0862056, 45.8087019 ] } },
{ "type": "Feature", "properties": { "id": "node/2917627801", "@id": "node/2917627801", "access": null, "addr:city": "Como", "addr:country": null, "addr:hamlet": null, "addr:housename": null, "addr:housenumber": "1", "addr:place": null, "addr:postcode": "22100", "addr:province": null, "addr:street": "Piazza Medaglie d'Oro", "air_conditioning": null, "alt_name": null, "amenity": null, "barrier": null, "barrier:height": null, "beds": null, "bicycle": null, "blind": null, "branch": null, "brand": null, "brand:wikidata": null, "brand:wikipedia": null, "building": null, "building:levels": null, "building:levels:underground": null, "cafe": null, "capacity": null, "check_date": null, "check_date:opening_hours": null, "contact:booking": null, "contact:city": null, "contact:email": null, "contact:facebook": null, "contact:fax": null, "contact:housenumber": null, "contact:instagram": null, "contact:linkedin": null, "contact:mobile": null, "contact:phone": null, "contact:postcode": null, "contact:street": null, "contact:tripadvisor": null, "contact:website": null, "contact:whatsapp": null, "cuisine": null, "denomination": null, "description": null, "description:en": null, "description:it": null, "diet:vegan": null, "dog": null, "drinking_water": null, "ele": null, "email": "musei.civici@comune.como.it", "facebook": null, "fax": null, "fee": null, "fixme": null, "garden:style": null, "garden:type": null, "guest_house": null, "historic": null, "image": null, "inscription": null, "instagram": null, "internet_access": null, "internet_access:fee": null, "internet_access:ssid": null, "is_in": null, "kerb": null, "landuse": null, "layer": null, "leisure": null, "level": null, "loc_name": null, "mapillary": null, "mobile": null, "museum": null, "museum_type": null, "name": "Museo storico Giuseppe Garibaldi", "name:de": null, "name:en": null, "name:fr": null, "name:it": null, "note": null, "number_of_apartments": null, "official_name": null, "old_name": null, "opening_hours": "Tu-Su 10:00-18:00; Mo off; Jan 01,06,Nov 01,Dec 25-26 off", "operator": null, "operator:type": null, "outdoor_seating": null, "oven": null, "payment:cards": null, "payment:cash": null, "payment:credit_cards": null, "payment:debit_cards": null, "payment:visa": null, "phone": "+39 031 252550", "post_office": null, "post_office:brand": null, "post_office:brand:wikidata": null, "ref:REA": null, "ref:RIComo": null, "ref:vatin": null, "religion": null, "restaurant": null, "roof:shape": null, "rooms": null, "self_service": null, "short_name": null, "smoking": null, "source": null, "sport": null, "stars": null, "start_date": null, "surface": null, "survey:date": null, "swimming_pool": null, "toilets": null, "toilets:access": null, "toilets:wheelchair": null, "tourism": "museum", "twitter": null, "url": null, "website": "https://www.visitcomo.eu/it/scoprire/musei/museo-storico/index.html", "website:de": null, "website:it": null, "website:menu": null, "wheelchair": null, "wheelchair:description": null, "wikidata": "Q3868468", "wikimedia_commons": "Category:Museo storico Giuseppe Garibaldi", "wikipedia": "it:Museo storico Giuseppe Garibaldi", "tipe": "Museum", "zona": "Dataran Rendah" }, "geometry": { "type": "Point", "coordinates": [ 9.0861858, 45.8084272 ] } },
{ "type": "Feature", "properties": { "id": "node/2918424564", "@id": "node/2918424564", "access": null, "addr:city": "Como", "addr:country": null, "addr:hamlet": null, "addr:housename": null, "addr:housenumber": "16", "addr:place": null, "addr:postcode": "22100", "addr:province": null, "addr:street": "Piazza Alessandro Volta", "air_conditioning": null, "alt_name": null, "amenity": null, "barrier": null, "barrier:height": null, "beds": null, "bicycle": null, "blind": null, "branch": null, "brand": null, "brand:wikidata": null, "brand:wikipedia": null, "building": null, "building:levels": null, "building:levels:underground": null, "cafe": null, "capacity": null, "check_date": null, "check_date:opening_hours": null, "contact:booking": null, "contact:city": null, "contact:email": "info@albergofirenze.it", "contact:facebook": null, "contact:fax": "+39 031 5472256", "contact:housenumber": null, "contact:instagram": null, "contact:linkedin": null, "contact:mobile": null, "contact:phone": "+39 031 300333", "contact:postcode": null, "contact:street": null, "contact:tripadvisor": null, "contact:website": "http://www.hotelfirenzecomo.com", "contact:whatsapp": null, "cuisine": null, "denomination": null, "description": null, "description:en": null, "description:it": null, "diet:vegan": null, "dog": null, "drinking_water": null, "ele": null, "email": null, "facebook": null, "fax": null, "fee": null, "fixme": null, "garden:style": null, "garden:type": null, "guest_house": null, "historic": null, "image": null, "inscription": null, "instagram": null, "internet_access": "wlan", "internet_access:fee": null, "internet_access:ssid": null, "is_in": null, "kerb": null, "landuse": null, "layer": null, "leisure": null, "level": null, "loc_name": null, "mapillary": null, "mobile": null, "museum": null, "museum_type": null, "name": "Albergo Firenze", "name:de": null, "name:en": null, "name:fr": null, "name:it": null, "note": null, "number_of_apartments": null, "official_name": null, "old_name": null, "opening_hours": null, "operator": null, "operator:type": null, "outdoor_seating": null, "oven": null, "payment:cards": null, "payment:cash": null, "payment:credit_cards": null, "payment:debit_cards": null, "payment:visa": null, "phone": null, "post_office": null, "post_office:brand": null, "post_office:brand:wikidata": null, "ref:REA": null, "ref:RIComo": null, "ref:vatin": "IT03835740139", "religion": null, "restaurant": null, "roof:shape": null, "rooms": "44", "self_service": null, "short_name": null, "smoking": null, "source": null, "sport": null, "stars": "3", "start_date": null, "surface": null, "survey:date": null, "swimming_pool": null, "toilets": null, "toilets:access": null, "toilets:wheelchair": null, "tourism": "hotel", "twitter": null, "url": null, "website": null, "website:de": null, "website:it": null, "website:menu": null, "wheelchair": null, "wheelchair:description": null, "wikidata": null, "wikimedia_commons": null, "wikipedia": null, "tipe": "Hotel/Akomodasi", "zona": "Dataran Rendah" }, "geometry": { "type": "Point", "coordinates": [ 9.0797977, 45.8115262 ] } },
{ "type": "Feature", "properties": { "id": "node/2957860134", "@id": "node/2957860134", "access": null, "addr:city": "Merone", "addr:country": null, "addr:hamlet": null, "addr:housename": null, "addr:housenumber": "12a", "addr:place": null, "addr:postcode": "22046", "addr:province": null, "addr:street": "Via Roma", "air_conditioning": null, "alt_name": null, "amenity": null, "barrier": null, "barrier:height": null, "beds": null, "bicycle": null, "blind": null, "branch": null, "brand": null, "brand:wikidata": null, "brand:wikipedia": null, "building": null, "building:levels": null, "building:levels:underground": null, "cafe": null, "capacity": null, "check_date": null, "check_date:opening_hours": null, "contact:booking": null, "contact:city": null, "contact:email": null, "contact:facebook": null, "contact:fax": null, "contact:housenumber": null, "contact:instagram": null, "contact:linkedin": null, "contact:mobile": null, "contact:phone": null, "contact:postcode": null, "contact:street": null, "contact:tripadvisor": null, "contact:website": null, "contact:whatsapp": null, "cuisine": null, "denomination": null, "description": null, "description:en": null, "description:it": null, "diet:vegan": null, "dog": null, "drinking_water": null, "ele": null, "email": null, "facebook": null, "fax": null, "fee": null, "fixme": null, "garden:style": null, "garden:type": null, "guest_house": null, "historic": null, "image": null, "inscription": null, "instagram": null, "internet_access": null, "internet_access:fee": null, "internet_access:ssid": null, "is_in": null, "kerb": null, "landuse": null, "layer": null, "leisure": null, "level": null, "loc_name": null, "mapillary": null, "mobile": null, "museum": null, "museum_type": null, "name": "Hotel Pontenuovo", "name:de": null, "name:en": null, "name:fr": null, "name:it": null, "note": null, "number_of_apartments": null, "official_name": null, "old_name": null, "opening_hours": null, "operator": null, "operator:type": null, "outdoor_seating": null, "oven": null, "payment:cards": null, "payment:cash": null, "payment:credit_cards": null, "payment:debit_cards": null, "payment:visa": null, "phone": "+39031650827", "post_office": null, "post_office:brand": null, "post_office:brand:wikidata": null, "ref:REA": null, "ref:RIComo": null, "ref:vatin": null, "religion": null, "restaurant": null, "roof:shape": null, "rooms": null, "self_service": null, "short_name": null, "smoking": null, "source": null, "sport": null, "stars": "2", "start_date": null, "surface": null, "survey:date": null, "swimming_pool": null, "toilets": null, "toilets:access": null, "toilets:wheelchair": null, "tourism": "hotel", "twitter": null, "url": null, "website": null, "website:de": null, "website:it": null, "website:menu": null, "wheelchair": null, "wheelchair:description": null, "wikidata": null, "wikimedia_commons": null, "wikipedia": null, "tipe": "Hotel/Akomodasi", "zona": "Dataran Rendah" }, "geometry": { "type": "Point", "coordinates": [ 9.2393177, 45.788184 ] } },
{ "type": "Feature", "properties": { "id": "node/3022679153", "@id": "node/3022679153", "access": null, "addr:city": null, "addr:country": null, "addr:hamlet": null, "addr:housename": null, "addr:housenumber": null, "addr:place": null, "addr:postcode": null, "addr:province": null, "addr:street": null, "air_conditioning": null, "alt_name": null, "amenity": null, "barrier": null, "barrier:height": null, "beds": null, "bicycle": null, "blind": null, "branch": null, "brand": null, "brand:wikidata": null, "brand:wikipedia": null, "building": null, "building:levels": null, "building:levels:underground": null, "cafe": null, "capacity": null, "check_date": null, "check_date:opening_hours": null, "contact:booking": null, "contact:city": null, "contact:email": null, "contact:facebook": null, "contact:fax": null, "contact:housenumber": null, "contact:instagram": null, "contact:linkedin": null, "contact:mobile": null, "contact:phone": null, "contact:postcode": null, "contact:street": null, "contact:tripadvisor": null, "contact:website": null, "contact:whatsapp": null, "cuisine": null, "denomination": null, "description": null, "description:en": null, "description:it": null, "diet:vegan": null, "dog": null, "drinking_water": null, "ele": null, "email": null, "facebook": null, "fax": null, "fee": null, "fixme": null, "garden:style": null, "garden:type": null, "guest_house": null, "historic": null, "image": null, "inscription": null, "instagram": null, "internet_access": null, "internet_access:fee": null, "internet_access:ssid": null, "is_in": null, "kerb": null, "landuse": null, "layer": null, "leisure": null, "level": null, "loc_name": null, "mapillary": null, "mobile": null, "museum": null, "museum_type": null, "name": "Agriturismo Monti di Là", "name:de": null, "name:en": null, "name:fr": null, "name:it": null, "note": null, "number_of_apartments": null, "official_name": null, "old_name": null, "opening_hours": null, "operator": null, "operator:type": null, "outdoor_seating": null, "oven": null, "payment:cards": null, "payment:cash": null, "payment:credit_cards": null, "payment:debit_cards": null, "payment:visa": null, "phone": null, "post_office": null, "post_office:brand": null, "post_office:brand:wikidata": null, "ref:REA": null, "ref:RIComo": null, "ref:vatin": null, "religion": null, "restaurant": null, "roof:shape": null, "rooms": null, "self_service": null, "short_name": null, "smoking": null, "source": null, "sport": null, "stars": null, "start_date": null, "surface": null, "survey:date": null, "swimming_pool": null, "toilets": null, "toilets:access": null, "toilets:wheelchair": null, "tourism": "guest_house", "twitter": null, "url": null, "website": null, "website:de": null, "website:it": null, "website:menu": null, "wheelchair": null, "wheelchair:description": null, "wikidata": null, "wikimedia_commons": null, "wikipedia": null, "tipe": "Hotel/Akomodasi", "zona": "Dataran Menengah" }, "geometry": { "type": "Point", "coordinates": [ 9.1937857, 45.9038024 ] } },
{ "type": "Feature", "properties": { "id": "node/3344151132", "@id": "node/3344151132", "access": null, "addr:city": "Como", "addr:country": null, "addr:hamlet": null, "addr:housename": null, "addr:housenumber": "8", "addr:place": null, "addr:postcode": "22100", "addr:province": null, "addr:street": "Via per Bronno", "air_conditioning": null, "alt_name": null, "amenity": null, "barrier": null, "barrier:height": null, "beds": null, "bicycle": null, "blind": null, "branch": null, "brand": null, "brand:wikidata": null, "brand:wikipedia": null, "building": null, "building:levels": null, "building:levels:underground": null, "cafe": null, "capacity": null, "check_date": null, "check_date:opening_hours": null, "contact:booking": null, "contact:city": null, "contact:email": null, "contact:facebook": null, "contact:fax": null, "contact:housenumber": null, "contact:instagram": null, "contact:linkedin": null, "contact:mobile": null, "contact:phone": null, "contact:postcode": null, "contact:street": null, "contact:tripadvisor": null, "contact:website": null, "contact:whatsapp": null, "cuisine": null, "denomination": null, "description": null, "description:en": null, "description:it": null, "diet:vegan": null, "dog": null, "drinking_water": null, "ele": null, "email": null, "facebook": null, "fax": null, "fee": null, "fixme": null, "garden:style": null, "garden:type": null, "guest_house": null, "historic": null, "image": null, "inscription": null, "instagram": null, "internet_access": null, "internet_access:fee": null, "internet_access:ssid": null, "is_in": null, "kerb": null, "landuse": null, "layer": null, "leisure": null, "level": null, "loc_name": null, "mapillary": null, "mobile": null, "museum": null, "museum_type": null, "name": "B&B Margherita", "name:de": null, "name:en": null, "name:fr": null, "name:it": null, "note": null, "number_of_apartments": null, "official_name": null, "old_name": null, "opening_hours": null, "operator": null, "operator:type": null, "outdoor_seating": null, "oven": null, "payment:cards": null, "payment:cash": null, "payment:credit_cards": null, "payment:debit_cards": null, "payment:visa": null, "phone": "+39 377 1183034", "post_office": null, "post_office:brand": null, "post_office:brand:wikidata": null, "ref:REA": null, "ref:RIComo": null, "ref:vatin": null, "religion": null, "restaurant": null, "roof:shape": null, "rooms": null, "self_service": null, "short_name": null, "smoking": null, "source": null, "sport": null, "stars": null, "start_date": null, "surface": null, "survey:date": null, "swimming_pool": null, "toilets": null, "toilets:access": null, "toilets:wheelchair": null, "tourism": "guest_house", "twitter": null, "url": null, "website": "http://ospitipercasa.com/beb-margherita-como/", "website:de": null, "website:it": null, "website:menu": null, "wheelchair": null, "wheelchair:description": null, "wikidata": null, "wikimedia_commons": null, "wikipedia": null, "tipe": "Hotel/Akomodasi", "zona": "Dataran Rendah" }, "geometry": { "type": "Point", "coordinates": [ 9.0508122, 45.812827 ] } },
{ "type": "Feature", "properties": { "id": "node/3564416815", "@id": "node/3564416815", "access": null, "addr:city": null, "addr:country": null, "addr:hamlet": null, "addr:housename": null, "addr:housenumber": null, "addr:place": null, "addr:postcode": null, "addr:province": null, "addr:street": null, "air_conditioning": null, "alt_name": null, "amenity": null, "barrier": null, "barrier:height": null, "beds": null, "bicycle": null, "blind": null, "branch": null, "brand": null, "brand:wikidata": null, "brand:wikipedia": null, "building": null, "building:levels": null, "building:levels:underground": null, "cafe": null, "capacity": null, "check_date": null, "check_date:opening_hours": null, "contact:booking": null, "contact:city": null, "contact:email": null, "contact:facebook": null, "contact:fax": null, "contact:housenumber": null, "contact:instagram": null, "contact:linkedin": null, "contact:mobile": null, "contact:phone": null, "contact:postcode": null, "contact:street": null, "contact:tripadvisor": null, "contact:website": null, "contact:whatsapp": null, "cuisine": null, "denomination": null, "description": null, "description:en": null, "description:it": null, "diet:vegan": null, "dog": null, "drinking_water": null, "ele": null, "email": null, "facebook": null, "fax": null, "fee": null, "fixme": null, "garden:style": null, "garden:type": null, "guest_house": null, "historic": null, "image": null, "inscription": null, "instagram": null, "internet_access": null, "internet_access:fee": null, "internet_access:ssid": null, "is_in": null, "kerb": null, "landuse": null, "layer": null, "leisure": null, "level": null, "loc_name": null, "mapillary": null, "mobile": null, "museum": null, "museum_type": null, "name": "Hotel la Griglia", "name:de": null, "name:en": null, "name:fr": null, "name:it": null, "note": null, "number_of_apartments": null, "official_name": null, "old_name": null, "opening_hours": null, "operator": null, "operator:type": null, "outdoor_seating": null, "oven": null, "payment:cards": null, "payment:cash": null, "payment:credit_cards": null, "payment:debit_cards": null, "payment:visa": null, "phone": null, "post_office": null, "post_office:brand": null, "post_office:brand:wikidata": null, "ref:REA": null, "ref:RIComo": null, "ref:vatin": null, "religion": null, "restaurant": null, "roof:shape": null, "rooms": null, "self_service": null, "short_name": null, "smoking": null, "source": null, "sport": null, "stars": null, "start_date": null, "surface": null, "survey:date": null, "swimming_pool": null, "toilets": null, "toilets:access": null, "toilets:wheelchair": null, "tourism": "hotel", "twitter": null, "url": null, "website": null, "website:de": null, "website:it": null, "website:menu": null, "wheelchair": null, "wheelchair:description": null, "wikidata": null, "wikimedia_commons": null, "wikipedia": null, "tipe": "Hotel/Akomodasi", "zona": "Dataran Menengah" }, "geometry": { "type": "Point", "coordinates": [ 9.1107462, 45.9401083 ] } },
{ "type": "Feature", "properties": { "id": "node/3564416816", "@id": "node/3564416816", "access": null, "addr:city": null, "addr:country": null, "addr:hamlet": null, "addr:housename": null, "addr:housenumber": null, "addr:place": null, "addr:postcode": null, "addr:province": null, "addr:street": null, "air_conditioning": null, "alt_name": null, "amenity": null, "barrier": null, "barrier:height": null, "beds": null, "bicycle": null, "blind": null, "branch": null, "brand": null, "brand:wikidata": null, "brand:wikipedia": null, "building": null, "building:levels": null, "building:levels:underground": null, "cafe": null, "capacity": null, "check_date": null, "check_date:opening_hours": null, "contact:booking": null, "contact:city": null, "contact:email": null, "contact:facebook": null, "contact:fax": null, "contact:housenumber": null, "contact:instagram": null, "contact:linkedin": null, "contact:mobile": null, "contact:phone": null, "contact:postcode": null, "contact:street": null, "contact:tripadvisor": null, "contact:website": null, "contact:whatsapp": null, "cuisine": null, "denomination": null, "description": null, "description:en": null, "description:it": null, "diet:vegan": null, "dog": null, "drinking_water": null, "ele": null, "email": null, "facebook": null, "fax": null, "fee": null, "fixme": null, "garden:style": null, "garden:type": null, "guest_house": null, "historic": null, "image": null, "inscription": null, "instagram": null, "internet_access": null, "internet_access:fee": null, "internet_access:ssid": null, "is_in": null, "kerb": null, "landuse": null, "layer": null, "leisure": null, "level": null, "loc_name": null, "mapillary": null, "mobile": null, "museum": null, "museum_type": null, "name": "Locanda Sant'Anna", "name:de": null, "name:en": null, "name:fr": null, "name:it": null, "note": null, "number_of_apartments": null, "official_name": null, "old_name": null, "opening_hours": null, "operator": null, "operator:type": null, "outdoor_seating": null, "oven": null, "payment:cards": null, "payment:cash": null, "payment:credit_cards": null, "payment:debit_cards": null, "payment:visa": null, "phone": null, "post_office": null, "post_office:brand": null, "post_office:brand:wikidata": null, "ref:REA": null, "ref:RIComo": null, "ref:vatin": null, "religion": null, "restaurant": null, "roof:shape": null, "rooms": null, "self_service": null, "short_name": null, "smoking": null, "source": null, "sport": null, "stars": null, "start_date": null, "surface": null, "survey:date": null, "swimming_pool": null, "toilets": null, "toilets:access": null, "toilets:wheelchair": null, "tourism": "hotel", "twitter": null, "url": null, "website": null, "website:de": null, "website:it": null, "website:menu": null, "wheelchair": null, "wheelchair:description": null, "wikidata": null, "wikimedia_commons": null, "wikipedia": null, "tipe": "Hotel/Akomodasi", "zona": "Dataran Menengah" }, "geometry": { "type": "Point", "coordinates": [ 9.1103654, 45.9405018 ] } },
{ "type": "Feature", "properties": { "id": "node/3656865676", "@id": "node/3656865676", "access": null, "addr:city": "Como", "addr:country": null, "addr:hamlet": null, "addr:housename": null, "addr:housenumber": "15", "addr:place": null, "addr:postcode": "22100", "addr:province": null, "addr:street": "Via Achille Grandi", "air_conditioning": null, "alt_name": null, "amenity": null, "barrier": null, "barrier:height": null, "beds": null, "bicycle": null, "blind": null, "branch": null, "brand": null, "brand:wikidata": null, "brand:wikipedia": null, "building": null, "building:levels": null, "building:levels:underground": null, "cafe": null, "capacity": null, "check_date": null, "check_date:opening_hours": null, "contact:booking": null, "contact:city": null, "contact:email": null, "contact:facebook": null, "contact:fax": null, "contact:housenumber": null, "contact:instagram": null, "contact:linkedin": null, "contact:mobile": null, "contact:phone": null, "contact:postcode": null, "contact:street": null, "contact:tripadvisor": null, "contact:website": null, "contact:whatsapp": null, "cuisine": null, "denomination": null, "description": null, "description:en": null, "description:it": null, "diet:vegan": null, "dog": null, "drinking_water": null, "ele": null, "email": null, "facebook": null, "fax": null, "fee": null, "fixme": null, "garden:style": null, "garden:type": null, "guest_house": null, "historic": null, "image": null, "inscription": null, "instagram": null, "internet_access": null, "internet_access:fee": null, "internet_access:ssid": null, "is_in": null, "kerb": null, "landuse": null, "layer": null, "leisure": null, "level": null, "loc_name": null, "mapillary": null, "mobile": null, "museum": null, "museum_type": null, "name": "B&B Rosa Blu", "name:de": null, "name:en": null, "name:fr": null, "name:it": null, "note": null, "number_of_apartments": null, "official_name": null, "old_name": null, "opening_hours": null, "operator": null, "operator:type": null, "outdoor_seating": null, "oven": null, "payment:cards": null, "payment:cash": null, "payment:credit_cards": null, "payment:debit_cards": null, "payment:visa": null, "phone": "+39 3491326306", "post_office": null, "post_office:brand": null, "post_office:brand:wikidata": null, "ref:REA": null, "ref:RIComo": null, "ref:vatin": null, "religion": null, "restaurant": null, "roof:shape": null, "rooms": null, "self_service": null, "short_name": null, "smoking": "no", "source": null, "sport": null, "stars": null, "start_date": null, "surface": null, "survey:date": null, "swimming_pool": null, "toilets": null, "toilets:access": null, "toilets:wheelchair": null, "tourism": "guest_house", "twitter": null, "url": null, "website": "https://www.booking.com/hotel/it/rosa-blu-como.html", "website:de": null, "website:it": null, "website:menu": null, "wheelchair": null, "wheelchair:description": null, "wikidata": null, "wikimedia_commons": null, "wikipedia": null, "tipe": "Hotel/Akomodasi", "zona": "Dataran Rendah" }, "geometry": { "type": "Point", "coordinates": [ 9.085843, 45.8006188 ] } },
{ "type": "Feature", "properties": { "id": "node/3659278612", "@id": "node/3659278612", "access": null, "addr:city": "Como", "addr:country": "IT", "addr:hamlet": null, "addr:housename": null, "addr:housenumber": "12", "addr:place": null, "addr:postcode": "22100", "addr:province": null, "addr:street": "Piazza Giuseppe Mazzini", "air_conditioning": null, "alt_name": null, "amenity": null, "barrier": null, "barrier:height": null, "beds": null, "bicycle": null, "blind": null, "branch": null, "brand": null, "brand:wikidata": null, "brand:wikipedia": null, "building": null, "building:levels": null, "building:levels:underground": null, "cafe": null, "capacity": null, "check_date": "2024-10-15", "check_date:opening_hours": null, "contact:booking": null, "contact:city": null, "contact:email": "info@albergodelduca.it", "contact:facebook": null, "contact:fax": "+39 031 243969", "contact:housenumber": null, "contact:instagram": null, "contact:linkedin": null, "contact:mobile": null, "contact:phone": null, "contact:postcode": null, "contact:street": null, "contact:tripadvisor": null, "contact:website": "http://www.albergodelduca.it/", "contact:whatsapp": null, "cuisine": null, "denomination": null, "description": null, "description:en": null, "description:it": null, "diet:vegan": null, "dog": null, "drinking_water": null, "ele": null, "email": "info@albergodelduca.it", "facebook": null, "fax": null, "fee": null, "fixme": null, "garden:style": null, "garden:type": null, "guest_house": null, "historic": null, "image": null, "inscription": null, "instagram": null, "internet_access": null, "internet_access:fee": null, "internet_access:ssid": null, "is_in": null, "kerb": null, "landuse": null, "layer": null, "leisure": null, "level": null, "loc_name": null, "mapillary": null, "mobile": null, "museum": null, "museum_type": null, "name": "Albergo del Duca", "name:de": null, "name:en": null, "name:fr": null, "name:it": null, "note": null, "number_of_apartments": null, "official_name": null, "old_name": null, "opening_hours": null, "operator": null, "operator:type": null, "outdoor_seating": null, "oven": null, "payment:cards": null, "payment:cash": null, "payment:credit_cards": null, "payment:debit_cards": null, "payment:visa": null, "phone": "+39 031 264859", "post_office": null, "post_office:brand": null, "post_office:brand:wikidata": null, "ref:REA": null, "ref:RIComo": null, "ref:vatin": null, "religion": null, "restaurant": null, "roof:shape": null, "rooms": null, "self_service": null, "short_name": null, "smoking": null, "source": null, "sport": null, "stars": "3", "start_date": null, "surface": null, "survey:date": null, "swimming_pool": null, "toilets": null, "toilets:access": null, "toilets:wheelchair": null, "tourism": "hotel", "twitter": null, "url": null, "website": "http://www.albergodelduca.it/", "website:de": null, "website:it": null, "website:menu": null, "wheelchair": "limited", "wheelchair:description": null, "wikidata": null, "wikimedia_commons": null, "wikipedia": null, "tipe": "Hotel/Akomodasi", "zona": "Dataran Rendah" }, "geometry": { "type": "Point", "coordinates": [ 9.0804288, 45.8107456 ] } },
{ "type": "Feature", "properties": { "id": "node/3659278614", "@id": "node/3659278614", "access": null, "addr:city": null, "addr:country": null, "addr:hamlet": null, "addr:housename": null, "addr:housenumber": null, "addr:place": null, "addr:postcode": null, "addr:province": null, "addr:street": null, "air_conditioning": null, "alt_name": null, "amenity": null, "barrier": null, "barrier:height": null, "beds": null, "bicycle": null, "blind": null, "branch": null, "brand": null, "brand:wikidata": null, "brand:wikipedia": null, "building": null, "building:levels": null, "building:levels:underground": null, "cafe": null, "capacity": null, "check_date": null, "check_date:opening_hours": null, "contact:booking": null, "contact:city": null, "contact:email": null, "contact:facebook": null, "contact:fax": null, "contact:housenumber": null, "contact:instagram": null, "contact:linkedin": null, "contact:mobile": null, "contact:phone": null, "contact:postcode": null, "contact:street": null, "contact:tripadvisor": null, "contact:website": null, "contact:whatsapp": null, "cuisine": null, "denomination": null, "description": null, "description:en": null, "description:it": null, "diet:vegan": null, "dog": null, "drinking_water": null, "ele": null, "email": null, "facebook": null, "fax": null, "fee": null, "fixme": null, "garden:style": null, "garden:type": null, "guest_house": null, "historic": null, "image": null, "inscription": null, "instagram": null, "internet_access": null, "internet_access:fee": null, "internet_access:ssid": null, "is_in": null, "kerb": null, "landuse": null, "layer": null, "leisure": null, "level": null, "loc_name": null, "mapillary": null, "mobile": null, "museum": null, "museum_type": null, "name": "Bed&Breakfast Storico Regina", "name:de": null, "name:en": null, "name:fr": null, "name:it": null, "note": null, "number_of_apartments": null, "official_name": null, "old_name": null, "opening_hours": null, "operator": null, "operator:type": null, "outdoor_seating": null, "oven": null, "payment:cards": null, "payment:cash": null, "payment:credit_cards": null, "payment:debit_cards": null, "payment:visa": null, "phone": null, "post_office": null, "post_office:brand": null, "post_office:brand:wikidata": null, "ref:REA": null, "ref:RIComo": null, "ref:vatin": null, "religion": null, "restaurant": null, "roof:shape": null, "rooms": null, "self_service": null, "short_name": null, "smoking": null, "source": null, "sport": null, "stars": "4", "start_date": null, "surface": null, "survey:date": null, "swimming_pool": null, "toilets": null, "toilets:access": null, "toilets:wheelchair": null, "tourism": "guest_house", "twitter": null, "url": null, "website": null, "website:de": null, "website:it": null, "website:menu": null, "wheelchair": null, "wheelchair:description": null, "wikidata": null, "wikimedia_commons": null, "wikipedia": null, "tipe": "Hotel/Akomodasi", "zona": "Dataran Rendah" }, "geometry": { "type": "Point", "coordinates": [ 9.084325, 45.8075774 ] } },
{ "type": "Feature", "properties": { "id": "node/3659285535", "@id": "node/3659285535", "access": null, "addr:city": null, "addr:country": null, "addr:hamlet": null, "addr:housename": null, "addr:housenumber": null, "addr:place": null, "addr:postcode": null, "addr:province": null, "addr:street": null, "air_conditioning": null, "alt_name": null, "amenity": null, "barrier": null, "barrier:height": null, "beds": null, "bicycle": null, "blind": null, "branch": null, "brand": null, "brand:wikidata": null, "brand:wikipedia": null, "building": null, "building:levels": null, "building:levels:underground": null, "cafe": null, "capacity": null, "check_date": null, "check_date:opening_hours": null, "contact:booking": null, "contact:city": null, "contact:email": null, "contact:facebook": null, "contact:fax": null, "contact:housenumber": null, "contact:instagram": null, "contact:linkedin": null, "contact:mobile": null, "contact:phone": null, "contact:postcode": null, "contact:street": null, "contact:tripadvisor": null, "contact:website": null, "contact:whatsapp": null, "cuisine": null, "denomination": null, "description": null, "description:en": null, "description:it": null, "diet:vegan": null, "dog": null, "drinking_water": null, "ele": null, "email": "info@residencediaz.it", "facebook": null, "fax": null, "fee": null, "fixme": null, "garden:style": null, "garden:type": null, "guest_house": null, "historic": null, "image": null, "inscription": null, "instagram": null, "internet_access": null, "internet_access:fee": null, "internet_access:ssid": null, "is_in": null, "kerb": null, "landuse": null, "layer": null, "leisure": null, "level": null, "loc_name": null, "mapillary": null, "mobile": null, "museum": null, "museum_type": null, "name": "La Residenza Diaz", "name:de": null, "name:en": null, "name:fr": null, "name:it": null, "note": null, "number_of_apartments": null, "official_name": null, "old_name": null, "opening_hours": null, "operator": null, "operator:type": null, "outdoor_seating": null, "oven": null, "payment:cards": null, "payment:cash": null, "payment:credit_cards": null, "payment:debit_cards": null, "payment:visa": null, "phone": "+39 031 261770", "post_office": null, "post_office:brand": null, "post_office:brand:wikidata": null, "ref:REA": null, "ref:RIComo": null, "ref:vatin": null, "religion": null, "restaurant": null, "roof:shape": null, "rooms": null, "self_service": null, "short_name": null, "smoking": null, "source": null, "sport": null, "stars": null, "start_date": null, "surface": null, "survey:date": null, "swimming_pool": null, "toilets": null, "toilets:access": null, "toilets:wheelchair": null, "tourism": "guest_house", "twitter": null, "url": null, "website": "https://www.residencediaz.it/", "website:de": null, "website:it": null, "website:menu": null, "wheelchair": "no", "wheelchair:description": null, "wikidata": null, "wikimedia_commons": null, "wikipedia": null, "tipe": "Hotel/Akomodasi", "zona": "Dataran Rendah" }, "geometry": { "type": "Point", "coordinates": [ 9.0835546, 45.807119 ] } },
{ "type": "Feature", "properties": { "id": "node/3664743641", "@id": "node/3664743641", "access": null, "addr:city": "Como", "addr:country": null, "addr:hamlet": null, "addr:housename": null, "addr:housenumber": "15", "addr:place": null, "addr:postcode": "22100", "addr:province": null, "addr:street": "Viale Papa Innocenzo undicesimo", "air_conditioning": null, "alt_name": null, "amenity": null, "barrier": null, "barrier:height": null, "beds": null, "bicycle": null, "blind": null, "branch": null, "brand": "Best Western", "brand:wikidata": "Q830334", "brand:wikipedia": null, "building": null, "building:levels": null, "building:levels:underground": null, "cafe": null, "capacity": null, "check_date": null, "check_date:opening_hours": null, "contact:booking": null, "contact:city": null, "contact:email": null, "contact:facebook": null, "contact:fax": null, "contact:housenumber": null, "contact:instagram": null, "contact:linkedin": null, "contact:mobile": null, "contact:phone": null, "contact:postcode": null, "contact:street": null, "contact:tripadvisor": null, "contact:website": null, "contact:whatsapp": null, "cuisine": null, "denomination": null, "description": null, "description:en": null, "description:it": null, "diet:vegan": null, "dog": null, "drinking_water": null, "ele": null, "email": "continental.co@bestwestern.it", "facebook": null, "fax": "+39 031 273343", "fee": null, "fixme": null, "garden:style": null, "garden:type": null, "guest_house": null, "historic": null, "image": null, "inscription": null, "instagram": null, "internet_access": "wlan", "internet_access:fee": null, "internet_access:ssid": null, "is_in": null, "kerb": null, "landuse": null, "layer": null, "leisure": null, "level": null, "loc_name": null, "mapillary": null, "mobile": null, "museum": null, "museum_type": null, "name": "B&B Hotels", "name:de": null, "name:en": null, "name:fr": null, "name:it": null, "note": null, "number_of_apartments": null, "official_name": null, "old_name": null, "opening_hours": null, "operator": "Best Western", "operator:type": null, "outdoor_seating": null, "oven": null, "payment:cards": null, "payment:cash": null, "payment:credit_cards": null, "payment:debit_cards": null, "payment:visa": null, "phone": "+39 031 260485", "post_office": null, "post_office:brand": null, "post_office:brand:wikidata": null, "ref:REA": null, "ref:RIComo": null, "ref:vatin": null, "religion": null, "restaurant": null, "roof:shape": null, "rooms": null, "self_service": null, "short_name": null, "smoking": null, "source": null, "sport": null, "stars": null, "start_date": null, "surface": null, "survey:date": null, "swimming_pool": null, "toilets": null, "toilets:access": null, "toilets:wheelchair": null, "tourism": "hotel", "twitter": null, "url": null, "website": "https://www.hotel-bb.com/", "website:de": null, "website:it": null, "website:menu": null, "wheelchair": "yes", "wheelchair:description": null, "wikidata": null, "wikimedia_commons": null, "wikipedia": null, "tipe": "Hotel/Akomodasi", "zona": "Dataran Rendah" }, "geometry": { "type": "Point", "coordinates": [ 9.076527, 45.808367 ] } },
{ "type": "Feature", "properties": { "id": "node/3758978832", "@id": "node/3758978832", "access": null, "addr:city": "Como", "addr:country": "IT", "addr:hamlet": null, "addr:housename": null, "addr:housenumber": "32", "addr:place": null, "addr:postcode": "22100", "addr:province": null, "addr:street": "Via Alessandro Volta", "air_conditioning": null, "alt_name": null, "amenity": null, "barrier": null, "barrier:height": null, "beds": null, "bicycle": null, "blind": null, "branch": null, "brand": null, "brand:wikidata": null, "brand:wikipedia": null, "building": null, "building:levels": null, "building:levels:underground": null, "cafe": null, "capacity": null, "check_date": null, "check_date:opening_hours": null, "contact:booking": null, "contact:city": null, "contact:email": null, "contact:facebook": null, "contact:fax": null, "contact:housenumber": null, "contact:instagram": null, "contact:linkedin": null, "contact:mobile": null, "contact:phone": null, "contact:postcode": null, "contact:street": null, "contact:tripadvisor": null, "contact:website": null, "contact:whatsapp": null, "cuisine": null, "denomination": null, "description": null, "description:en": null, "description:it": null, "diet:vegan": null, "dog": null, "drinking_water": null, "ele": null, "email": "BBVolta@yahoo.it", "facebook": null, "fax": null, "fee": null, "fixme": null, "garden:style": null, "garden:type": null, "guest_house": null, "historic": null, "image": null, "inscription": null, "instagram": null, "internet_access": null, "internet_access:fee": null, "internet_access:ssid": null, "is_in": null, "kerb": null, "landuse": null, "layer": null, "leisure": null, "level": "2", "loc_name": null, "mapillary": null, "mobile": null, "museum": null, "museum_type": null, "name": "B&B Volta", "name:de": null, "name:en": null, "name:fr": null, "name:it": null, "note": null, "number_of_apartments": null, "official_name": null, "old_name": null, "opening_hours": null, "operator": null, "operator:type": null, "outdoor_seating": null, "oven": null, "payment:cards": null, "payment:cash": null, "payment:credit_cards": null, "payment:debit_cards": null, "payment:visa": null, "phone": "+39 393 356686325", "post_office": null, "post_office:brand": null, "post_office:brand:wikidata": null, "ref:REA": null, "ref:RIComo": null, "ref:vatin": null, "religion": null, "restaurant": null, "roof:shape": null, "rooms": null, "self_service": null, "short_name": null, "smoking": null, "source": "survey", "sport": null, "stars": null, "start_date": null, "surface": null, "survey:date": null, "swimming_pool": null, "toilets": null, "toilets:access": null, "toilets:wheelchair": null, "tourism": "guest_house", "twitter": null, "url": null, "website": "https://www.bbvolta.com/", "website:de": null, "website:it": null, "website:menu": null, "wheelchair": null, "wheelchair:description": null, "wikidata": null, "wikimedia_commons": null, "wikipedia": null, "tipe": "Hotel/Akomodasi", "zona": "Dataran Rendah" }, "geometry": { "type": "Point", "coordinates": [ 9.0799977, 45.8095499 ] } },
{ "type": "Feature", "properties": { "id": "node/3851583857", "@id": "node/3851583857", "access": null, "addr:city": null, "addr:country": null, "addr:hamlet": null, "addr:housename": null, "addr:housenumber": null, "addr:place": null, "addr:postcode": null, "addr:province": null, "addr:street": null, "air_conditioning": null, "alt_name": null, "amenity": null, "barrier": null, "barrier:height": null, "beds": null, "bicycle": null, "blind": null, "branch": null, "brand": null, "brand:wikidata": null, "brand:wikipedia": null, "building": null, "building:levels": null, "building:levels:underground": null, "cafe": null, "capacity": null, "check_date": null, "check_date:opening_hours": null, "contact:booking": null, "contact:city": null, "contact:email": null, "contact:facebook": null, "contact:fax": null, "contact:housenumber": null, "contact:instagram": null, "contact:linkedin": null, "contact:mobile": null, "contact:phone": null, "contact:postcode": null, "contact:street": null, "contact:tripadvisor": null, "contact:website": null, "contact:whatsapp": null, "cuisine": null, "denomination": null, "description": null, "description:en": null, "description:it": null, "diet:vegan": null, "dog": null, "drinking_water": null, "ele": null, "email": null, "facebook": null, "fax": null, "fee": null, "fixme": null, "garden:style": null, "garden:type": null, "guest_house": null, "historic": null, "image": null, "inscription": null, "instagram": null, "internet_access": null, "internet_access:fee": null, "internet_access:ssid": null, "is_in": null, "kerb": null, "landuse": null, "layer": null, "leisure": null, "level": null, "loc_name": null, "mapillary": null, "mobile": null, "museum": null, "museum_type": null, "name": "Bois de Rose", "name:de": null, "name:en": null, "name:fr": null, "name:it": null, "note": null, "number_of_apartments": null, "official_name": null, "old_name": null, "opening_hours": null, "operator": null, "operator:type": null, "outdoor_seating": null, "oven": null, "payment:cards": null, "payment:cash": null, "payment:credit_cards": null, "payment:debit_cards": null, "payment:visa": null, "phone": null, "post_office": null, "post_office:brand": null, "post_office:brand:wikidata": null, "ref:REA": null, "ref:RIComo": null, "ref:vatin": null, "religion": null, "restaurant": null, "roof:shape": null, "rooms": null, "self_service": null, "short_name": null, "smoking": null, "source": null, "sport": null, "stars": null, "start_date": null, "surface": null, "survey:date": null, "swimming_pool": null, "toilets": null, "toilets:access": null, "toilets:wheelchair": null, "tourism": "guest_house", "twitter": null, "url": null, "website": null, "website:de": null, "website:it": null, "website:menu": null, "wheelchair": null, "wheelchair:description": null, "wikidata": null, "wikimedia_commons": null, "wikipedia": null, "tipe": "Hotel/Akomodasi", "zona": "Dataran Rendah" }, "geometry": { "type": "Point", "coordinates": [ 9.1127104, 45.8122911 ] } },
{ "type": "Feature", "properties": { "id": "node/3932360348", "@id": "node/3932360348", "access": null, "addr:city": null, "addr:country": null, "addr:hamlet": null, "addr:housename": null, "addr:housenumber": null, "addr:place": null, "addr:postcode": null, "addr:province": null, "addr:street": null, "air_conditioning": null, "alt_name": null, "amenity": null, "barrier": null, "barrier:height": null, "beds": null, "bicycle": null, "blind": null, "branch": null, "brand": null, "brand:wikidata": null, "brand:wikipedia": null, "building": null, "building:levels": null, "building:levels:underground": null, "cafe": null, "capacity": null, "check_date": null, "check_date:opening_hours": null, "contact:booking": null, "contact:city": null, "contact:email": null, "contact:facebook": null, "contact:fax": null, "contact:housenumber": null, "contact:instagram": null, "contact:linkedin": null, "contact:mobile": null, "contact:phone": null, "contact:postcode": null, "contact:street": null, "contact:tripadvisor": null, "contact:website": null, "contact:whatsapp": null, "cuisine": null, "denomination": null, "description": null, "description:en": null, "description:it": null, "diet:vegan": null, "dog": null, "drinking_water": null, "ele": null, "email": null, "facebook": null, "fax": null, "fee": null, "fixme": null, "garden:style": null, "garden:type": null, "guest_house": null, "historic": null, "image": null, "inscription": null, "instagram": null, "internet_access": null, "internet_access:fee": null, "internet_access:ssid": null, "is_in": null, "kerb": null, "landuse": null, "layer": null, "leisure": null, "level": null, "loc_name": null, "mapillary": null, "mobile": null, "museum": null, "museum_type": null, "name": "Della Torre", "name:de": null, "name:en": null, "name:fr": null, "name:it": null, "note": null, "number_of_apartments": null, "official_name": null, "old_name": null, "opening_hours": null, "operator": null, "operator:type": null, "outdoor_seating": null, "oven": null, "payment:cards": null, "payment:cash": null, "payment:credit_cards": null, "payment:debit_cards": null, "payment:visa": null, "phone": null, "post_office": null, "post_office:brand": null, "post_office:brand:wikidata": null, "ref:REA": null, "ref:RIComo": null, "ref:vatin": null, "religion": null, "restaurant": null, "roof:shape": null, "rooms": null, "self_service": null, "short_name": null, "smoking": null, "source": null, "sport": null, "stars": null, "start_date": null, "surface": null, "survey:date": null, "swimming_pool": null, "toilets": null, "toilets:access": null, "toilets:wheelchair": null, "tourism": "hotel", "twitter": null, "url": null, "website": null, "website:de": null, "website:it": null, "website:menu": null, "wheelchair": null, "wheelchair:description": null, "wikidata": null, "wikimedia_commons": null, "wikipedia": null, "tipe": "Hotel/Akomodasi", "zona": "Dataran Menengah" }, "geometry": { "type": "Point", "coordinates": [ 9.0668909, 45.8411949 ] } },
{ "type": "Feature", "properties": { "id": "node/4185643124", "@id": "node/4185643124", "access": null, "addr:city": "Como", "addr:country": "IT", "addr:hamlet": null, "addr:housename": null, "addr:housenumber": "4", "addr:place": null, "addr:postcode": "22100", "addr:province": null, "addr:street": "Via Benedetto e Antonio Maria Crespi", "air_conditioning": null, "alt_name": null, "amenity": null, "barrier": null, "barrier:height": null, "beds": null, "bicycle": null, "blind": null, "branch": null, "brand": null, "brand:wikidata": null, "brand:wikipedia": null, "building": null, "building:levels": null, "building:levels:underground": null, "cafe": null, "capacity": null, "check_date": null, "check_date:opening_hours": null, "contact:booking": null, "contact:city": null, "contact:email": null, "contact:facebook": null, "contact:fax": null, "contact:housenumber": null, "contact:instagram": null, "contact:linkedin": null, "contact:mobile": null, "contact:phone": null, "contact:postcode": null, "contact:street": null, "contact:tripadvisor": null, "contact:website": null, "contact:whatsapp": null, "cuisine": null, "denomination": null, "description": null, "description:en": null, "description:it": null, "diet:vegan": null, "dog": null, "drinking_water": null, "ele": null, "email": "inrivaallago@inrivaallago.com", "facebook": null, "fax": null, "fee": null, "fixme": null, "garden:style": null, "garden:type": null, "guest_house": null, "historic": null, "image": null, "inscription": null, "instagram": null, "internet_access": null, "internet_access:fee": null, "internet_access:ssid": null, "is_in": null, "kerb": null, "landuse": null, "layer": null, "leisure": null, "level": null, "loc_name": null, "mapillary": null, "mobile": null, "museum": null, "museum_type": null, "name": "In Riva Al Lago", "name:de": null, "name:en": null, "name:fr": null, "name:it": null, "note": null, "number_of_apartments": null, "official_name": null, "old_name": null, "opening_hours": null, "operator": null, "operator:type": null, "outdoor_seating": null, "oven": null, "payment:cards": null, "payment:cash": null, "payment:credit_cards": null, "payment:debit_cards": null, "payment:visa": null, "phone": "+39 031 302333", "post_office": null, "post_office:brand": null, "post_office:brand:wikidata": null, "ref:REA": null, "ref:RIComo": null, "ref:vatin": null, "religion": null, "restaurant": null, "roof:shape": null, "rooms": null, "self_service": null, "short_name": null, "smoking": null, "source": null, "sport": null, "stars": null, "start_date": null, "surface": null, "survey:date": null, "swimming_pool": null, "toilets": null, "toilets:access": null, "toilets:wheelchair": null, "tourism": "hotel", "twitter": null, "url": null, "website": "http://www.inrivaallago.com/", "website:de": null, "website:it": null, "website:menu": null, "wheelchair": null, "wheelchair:description": null, "wikidata": "Q111119696", "wikimedia_commons": null, "wikipedia": null, "tipe": "Hotel/Akomodasi", "zona": "Dataran Rendah" }, "geometry": { "type": "Point", "coordinates": [ 9.0840355, 45.8154318 ] } },
{ "type": "Feature", "properties": { "id": "node/4199162794", "@id": "node/4199162794", "access": null, "addr:city": null, "addr:country": null, "addr:hamlet": null, "addr:housename": null, "addr:housenumber": "2", "addr:place": null, "addr:postcode": null, "addr:province": null, "addr:street": "Via Alessandro Manzoni", "air_conditioning": null, "alt_name": null, "amenity": null, "barrier": null, "barrier:height": null, "beds": null, "bicycle": null, "blind": null, "branch": null, "brand": null, "brand:wikidata": null, "brand:wikipedia": null, "building": null, "building:levels": null, "building:levels:underground": null, "cafe": null, "capacity": null, "check_date": null, "check_date:opening_hours": null, "contact:booking": null, "contact:city": null, "contact:email": null, "contact:facebook": null, "contact:fax": null, "contact:housenumber": null, "contact:instagram": null, "contact:linkedin": null, "contact:mobile": null, "contact:phone": null, "contact:postcode": null, "contact:street": null, "contact:tripadvisor": null, "contact:website": null, "contact:whatsapp": null, "cuisine": null, "denomination": null, "description": null, "description:en": null, "description:it": null, "diet:vegan": null, "dog": null, "drinking_water": null, "ele": null, "email": null, "facebook": null, "fax": null, "fee": null, "fixme": null, "garden:style": null, "garden:type": null, "guest_house": null, "historic": null, "image": null, "inscription": null, "instagram": null, "internet_access": null, "internet_access:fee": null, "internet_access:ssid": null, "is_in": null, "kerb": null, "landuse": null, "layer": null, "leisure": null, "level": null, "loc_name": null, "mapillary": null, "mobile": null, "museum": null, "museum_type": null, "name": "Manzoni studios", "name:de": null, "name:en": null, "name:fr": null, "name:it": null, "note": null, "number_of_apartments": null, "official_name": null, "old_name": null, "opening_hours": null, "operator": null, "operator:type": null, "outdoor_seating": null, "oven": null, "payment:cards": null, "payment:cash": null, "payment:credit_cards": null, "payment:debit_cards": null, "payment:visa": null, "phone": null, "post_office": null, "post_office:brand": null, "post_office:brand:wikidata": null, "ref:REA": null, "ref:RIComo": null, "ref:vatin": null, "religion": null, "restaurant": null, "roof:shape": null, "rooms": null, "self_service": null, "short_name": null, "smoking": null, "source": null, "sport": null, "stars": null, "start_date": null, "surface": null, "survey:date": null, "swimming_pool": null, "toilets": null, "toilets:access": null, "toilets:wheelchair": null, "tourism": "hotel", "twitter": null, "url": null, "website": null, "website:de": null, "website:it": null, "website:menu": null, "wheelchair": null, "wheelchair:description": null, "wikidata": null, "wikimedia_commons": null, "wikipedia": null, "tipe": "Hotel/Akomodasi", "zona": "Dataran Rendah" }, "geometry": { "type": "Point", "coordinates": [ 9.0851566, 45.8129114 ] } },
{ "type": "Feature", "properties": { "id": "node/4326611213", "@id": "node/4326611213", "access": null, "addr:city": null, "addr:country": null, "addr:hamlet": null, "addr:housename": null, "addr:housenumber": null, "addr:place": null, "addr:postcode": null, "addr:province": null, "addr:street": null, "air_conditioning": null, "alt_name": null, "amenity": null, "barrier": null, "barrier:height": null, "beds": null, "bicycle": null, "blind": null, "branch": null, "brand": null, "brand:wikidata": null, "brand:wikipedia": null, "building": null, "building:levels": null, "building:levels:underground": null, "cafe": null, "capacity": null, "check_date": null, "check_date:opening_hours": null, "contact:booking": null, "contact:city": null, "contact:email": null, "contact:facebook": null, "contact:fax": null, "contact:housenumber": null, "contact:instagram": null, "contact:linkedin": null, "contact:mobile": null, "contact:phone": null, "contact:postcode": null, "contact:street": null, "contact:tripadvisor": null, "contact:website": null, "contact:whatsapp": null, "cuisine": null, "denomination": null, "description": null, "description:en": null, "description:it": null, "diet:vegan": null, "dog": null, "drinking_water": null, "ele": null, "email": null, "facebook": null, "fax": null, "fee": null, "fixme": null, "garden:style": null, "garden:type": null, "guest_house": null, "historic": null, "image": null, "inscription": null, "instagram": null, "internet_access": null, "internet_access:fee": null, "internet_access:ssid": null, "is_in": null, "kerb": null, "landuse": null, "layer": null, "leisure": null, "level": null, "loc_name": null, "mapillary": null, "mobile": null, "museum": null, "museum_type": null, "name": "B&B Chalet del Tiglio", "name:de": null, "name:en": null, "name:fr": null, "name:it": null, "note": null, "number_of_apartments": null, "official_name": null, "old_name": null, "opening_hours": null, "operator": null, "operator:type": null, "outdoor_seating": null, "oven": null, "payment:cards": null, "payment:cash": null, "payment:credit_cards": null, "payment:debit_cards": null, "payment:visa": null, "phone": null, "post_office": null, "post_office:brand": null, "post_office:brand:wikidata": null, "ref:REA": null, "ref:RIComo": null, "ref:vatin": null, "religion": null, "restaurant": null, "roof:shape": null, "rooms": null, "self_service": null, "short_name": null, "smoking": null, "source": null, "sport": null, "stars": null, "start_date": null, "surface": null, "survey:date": null, "swimming_pool": null, "toilets": null, "toilets:access": null, "toilets:wheelchair": null, "tourism": "guest_house", "twitter": null, "url": null, "website": null, "website:de": null, "website:it": null, "website:menu": null, "wheelchair": null, "wheelchair:description": null, "wikidata": null, "wikimedia_commons": null, "wikipedia": null, "tipe": "Hotel/Akomodasi", "zona": "Dataran Rendah" }, "geometry": { "type": "Point", "coordinates": [ 9.0655097, 45.8233063 ] } },
{ "type": "Feature", "properties": { "id": "node/4326611214", "@id": "node/4326611214", "access": null, "addr:city": null, "addr:country": null, "addr:hamlet": null, "addr:housename": null, "addr:housenumber": null, "addr:place": null, "addr:postcode": null, "addr:province": null, "addr:street": null, "air_conditioning": null, "alt_name": null, "amenity": null, "barrier": null, "barrier:height": null, "beds": null, "bicycle": null, "blind": null, "branch": null, "brand": null, "brand:wikidata": null, "brand:wikipedia": null, "building": null, "building:levels": null, "building:levels:underground": null, "cafe": null, "capacity": null, "check_date": null, "check_date:opening_hours": null, "contact:booking": null, "contact:city": null, "contact:email": null, "contact:facebook": null, "contact:fax": null, "contact:housenumber": null, "contact:instagram": null, "contact:linkedin": null, "contact:mobile": null, "contact:phone": null, "contact:postcode": null, "contact:street": null, "contact:tripadvisor": null, "contact:website": null, "contact:whatsapp": null, "cuisine": null, "denomination": null, "description": null, "description:en": null, "description:it": null, "diet:vegan": null, "dog": null, "drinking_water": null, "ele": null, "email": null, "facebook": null, "fax": null, "fee": null, "fixme": null, "garden:style": null, "garden:type": null, "guest_house": null, "historic": null, "image": null, "inscription": null, "instagram": null, "internet_access": null, "internet_access:fee": null, "internet_access:ssid": null, "is_in": null, "kerb": null, "landuse": null, "layer": null, "leisure": null, "level": null, "loc_name": null, "mapillary": null, "mobile": null, "museum": null, "museum_type": null, "name": "B&B Osteria Cattaneo", "name:de": null, "name:en": null, "name:fr": null, "name:it": null, "note": null, "number_of_apartments": null, "official_name": null, "old_name": null, "opening_hours": null, "operator": null, "operator:type": null, "outdoor_seating": null, "oven": null, "payment:cards": null, "payment:cash": null, "payment:credit_cards": null, "payment:debit_cards": null, "payment:visa": null, "phone": null, "post_office": null, "post_office:brand": null, "post_office:brand:wikidata": null, "ref:REA": null, "ref:RIComo": null, "ref:vatin": null, "religion": null, "restaurant": null, "roof:shape": null, "rooms": null, "self_service": null, "short_name": null, "smoking": null, "source": null, "sport": null, "stars": null, "start_date": null, "surface": null, "survey:date": null, "swimming_pool": null, "toilets": null, "toilets:access": null, "toilets:wheelchair": null, "tourism": "guest_house", "twitter": null, "url": null, "website": null, "website:de": null, "website:it": null, "website:menu": null, "wheelchair": null, "wheelchair:description": null, "wikidata": null, "wikimedia_commons": null, "wikipedia": null, "tipe": "Hotel/Akomodasi", "zona": "Dataran Rendah" }, "geometry": { "type": "Point", "coordinates": [ 9.0651543, 45.8234007 ] } },
{ "type": "Feature", "properties": { "id": "node/4332163995", "@id": "node/4332163995", "access": null, "addr:city": null, "addr:country": null, "addr:hamlet": null, "addr:housename": null, "addr:housenumber": null, "addr:place": null, "addr:postcode": null, "addr:province": null, "addr:street": null, "air_conditioning": null, "alt_name": null, "amenity": null, "barrier": null, "barrier:height": null, "beds": null, "bicycle": null, "blind": null, "branch": null, "brand": null, "brand:wikidata": null, "brand:wikipedia": null, "building": null, "building:levels": null, "building:levels:underground": null, "cafe": null, "capacity": null, "check_date": null, "check_date:opening_hours": null, "contact:booking": null, "contact:city": null, "contact:email": null, "contact:facebook": null, "contact:fax": null, "contact:housenumber": null, "contact:instagram": null, "contact:linkedin": null, "contact:mobile": null, "contact:phone": null, "contact:postcode": null, "contact:street": null, "contact:tripadvisor": null, "contact:website": null, "contact:whatsapp": null, "cuisine": null, "denomination": null, "description": null, "description:en": null, "description:it": null, "diet:vegan": null, "dog": null, "drinking_water": null, "ele": null, "email": null, "facebook": null, "fax": null, "fee": null, "fixme": null, "garden:style": null, "garden:type": null, "guest_house": null, "historic": null, "image": null, "inscription": null, "instagram": null, "internet_access": null, "internet_access:fee": null, "internet_access:ssid": null, "is_in": null, "kerb": null, "landuse": null, "layer": null, "leisure": null, "level": null, "loc_name": null, "mapillary": null, "mobile": null, "museum": null, "museum_type": null, "name": "Antico Chiostro", "name:de": null, "name:en": null, "name:fr": null, "name:it": null, "note": null, "number_of_apartments": null, "official_name": null, "old_name": null, "opening_hours": null, "operator": null, "operator:type": null, "outdoor_seating": null, "oven": null, "payment:cards": null, "payment:cash": null, "payment:credit_cards": null, "payment:debit_cards": null, "payment:visa": null, "phone": null, "post_office": null, "post_office:brand": null, "post_office:brand:wikidata": null, "ref:REA": null, "ref:RIComo": null, "ref:vatin": null, "religion": null, "restaurant": null, "roof:shape": null, "rooms": null, "self_service": null, "short_name": null, "smoking": null, "source": null, "sport": null, "stars": null, "start_date": null, "surface": null, "survey:date": null, "swimming_pool": null, "toilets": null, "toilets:access": null, "toilets:wheelchair": null, "tourism": "guest_house", "twitter": null, "url": null, "website": null, "website:de": null, "website:it": null, "website:menu": null, "wheelchair": null, "wheelchair:description": null, "wikidata": null, "wikimedia_commons": null, "wikipedia": null, "tipe": "Hotel/Akomodasi", "zona": "Dataran Rendah" }, "geometry": { "type": "Point", "coordinates": [ 9.081461, 45.809739 ] } },
{ "type": "Feature", "properties": { "id": "node/4514527382", "@id": "node/4514527382", "access": null, "addr:city": "Erba", "addr:country": null, "addr:hamlet": null, "addr:housename": null, "addr:housenumber": "1", "addr:place": "Alpe del Vicerè", "addr:postcode": null, "addr:province": null, "addr:street": "Via ai Monti", "air_conditioning": null, "alt_name": null, "amenity": null, "barrier": null, "barrier:height": null, "beds": null, "bicycle": null, "blind": null, "branch": null, "brand": null, "brand:wikidata": null, "brand:wikipedia": null, "building": null, "building:levels": null, "building:levels:underground": null, "cafe": null, "capacity": null, "check_date": null, "check_date:opening_hours": null, "contact:booking": null, "contact:city": null, "contact:email": null, "contact:facebook": null, "contact:fax": null, "contact:housenumber": null, "contact:instagram": null, "contact:linkedin": null, "contact:mobile": null, "contact:phone": null, "contact:postcode": null, "contact:street": null, "contact:tripadvisor": null, "contact:website": null, "contact:whatsapp": null, "cuisine": null, "denomination": null, "description": null, "description:en": null, "description:it": null, "diet:vegan": null, "dog": null, "drinking_water": null, "ele": null, "email": null, "facebook": null, "fax": null, "fee": null, "fixme": "tracciare il vialetto di ingresso completamente e posizionare il B&B in posizione corretta.", "garden:style": null, "garden:type": null, "guest_house": null, "historic": null, "image": null, "inscription": null, "instagram": null, "internet_access": null, "internet_access:fee": null, "internet_access:ssid": null, "is_in": null, "kerb": null, "landuse": null, "layer": null, "leisure": null, "level": null, "loc_name": null, "mapillary": null, "mobile": null, "museum": null, "museum_type": null, "name": "B&B La Casa delle Farfalle", "name:de": null, "name:en": null, "name:fr": null, "name:it": null, "note": null, "number_of_apartments": null, "official_name": null, "old_name": null, "opening_hours": null, "operator": null, "operator:type": null, "outdoor_seating": null, "oven": null, "payment:cards": null, "payment:cash": null, "payment:credit_cards": null, "payment:debit_cards": null, "payment:visa": null, "phone": "+39 031 628104", "post_office": null, "post_office:brand": null, "post_office:brand:wikidata": null, "ref:REA": null, "ref:RIComo": null, "ref:vatin": null, "religion": null, "restaurant": null, "roof:shape": null, "rooms": null, "self_service": null, "short_name": null, "smoking": null, "source": null, "sport": null, "stars": null, "start_date": null, "surface": null, "survey:date": null, "swimming_pool": null, "toilets": null, "toilets:access": null, "toilets:wheelchair": null, "tourism": "guest_house", "twitter": null, "url": null, "website": null, "website:de": null, "website:it": null, "website:menu": null, "wheelchair": null, "wheelchair:description": null, "wikidata": null, "wikimedia_commons": null, "wikipedia": null, "tipe": "Hotel/Akomodasi", "zona": "Dataran Rendah" }, "geometry": { "type": "Point", "coordinates": [ 9.1874168, 45.8242587 ] } },
{ "type": "Feature", "properties": { "id": "node/4607776584", "@id": "node/4607776584", "access": null, "addr:city": "Erba", "addr:country": "IT", "addr:hamlet": null, "addr:housename": null, "addr:housenumber": "23", "addr:place": "Crevenna", "addr:postcode": "22036", "addr:province": null, "addr:street": "Via Ugo Foscolo", "air_conditioning": null, "alt_name": null, "amenity": null, "barrier": null, "barrier:height": null, "beds": null, "bicycle": null, "blind": null, "branch": null, "brand": null, "brand:wikidata": null, "brand:wikipedia": null, "building": null, "building:levels": null, "building:levels:underground": null, "cafe": null, "capacity": null, "check_date": null, "check_date:opening_hours": null, "contact:booking": null, "contact:city": null, "contact:email": null, "contact:facebook": null, "contact:fax": null, "contact:housenumber": null, "contact:instagram": null, "contact:linkedin": null, "contact:mobile": null, "contact:phone": null, "contact:postcode": null, "contact:street": null, "contact:tripadvisor": null, "contact:website": null, "contact:whatsapp": null, "cuisine": null, "denomination": null, "description": null, "description:en": null, "description:it": null, "diet:vegan": null, "dog": null, "drinking_water": null, "ele": null, "email": "museoerba@libero.it", "facebook": null, "fax": "+39 031 335 5341", "fee": null, "fixme": null, "garden:style": null, "garden:type": null, "guest_house": null, "historic": null, "image": null, "inscription": null, "instagram": null, "internet_access": null, "internet_access:fee": null, "internet_access:ssid": null, "is_in": null, "kerb": null, "landuse": null, "layer": null, "leisure": null, "level": null, "loc_name": null, "mapillary": null, "mobile": null, "museum": null, "museum_type": null, "name": "Civico Museo di Erba", "name:de": null, "name:en": null, "name:fr": null, "name:it": null, "note": null, "number_of_apartments": null, "official_name": null, "old_name": null, "opening_hours": "Tu 9:00-12:00,We,Fr 14:30-18:00", "operator": "Comune di Erba", "operator:type": null, "outdoor_seating": null, "oven": null, "payment:cards": null, "payment:cash": null, "payment:credit_cards": null, "payment:debit_cards": null, "payment:visa": null, "phone": "+39 031 335 5341", "post_office": null, "post_office:brand": null, "post_office:brand:wikidata": null, "ref:REA": null, "ref:RIComo": null, "ref:vatin": null, "religion": null, "restaurant": null, "roof:shape": null, "rooms": null, "self_service": null, "short_name": null, "smoking": null, "source": null, "sport": null, "stars": null, "start_date": null, "surface": null, "survey:date": null, "swimming_pool": null, "toilets": null, "toilets:access": null, "toilets:wheelchair": null, "tourism": "museum", "twitter": null, "url": null, "website": "http://www.comune.erba.co.it/html/monumenti/citta/monumenti/museo.html", "website:de": null, "website:it": null, "website:menu": null, "wheelchair": null, "wheelchair:description": null, "wikidata": null, "wikimedia_commons": null, "wikipedia": null, "tipe": "Museum", "zona": "Dataran Rendah" }, "geometry": { "type": "Point", "coordinates": [ 9.2158969, 45.8153886 ] } },
{ "type": "Feature", "properties": { "id": "node/4771769261", "@id": "node/4771769261", "access": null, "addr:city": "Albavilla", "addr:country": "IT", "addr:hamlet": null, "addr:housename": null, "addr:housenumber": "39", "addr:place": null, "addr:postcode": "22031", "addr:province": "Como", "addr:street": "Via Ai Crotti", "air_conditioning": null, "alt_name": null, "amenity": null, "barrier": null, "barrier:height": null, "beds": "6", "bicycle": null, "blind": null, "branch": null, "brand": null, "brand:wikidata": null, "brand:wikipedia": null, "building": null, "building:levels": null, "building:levels:underground": null, "cafe": null, "capacity": null, "check_date": null, "check_date:opening_hours": null, "contact:booking": null, "contact:city": null, "contact:email": null, "contact:facebook": null, "contact:fax": null, "contact:housenumber": null, "contact:instagram": null, "contact:linkedin": null, "contact:mobile": null, "contact:phone": null, "contact:postcode": null, "contact:street": null, "contact:tripadvisor": null, "contact:website": null, "contact:whatsapp": null, "cuisine": null, "denomination": null, "description": null, "description:en": null, "description:it": null, "diet:vegan": null, "dog": null, "drinking_water": null, "ele": null, "email": "info@laquieteinalbavilla.it", "facebook": null, "fax": null, "fee": null, "fixme": null, "garden:style": null, "garden:type": null, "guest_house": null, "historic": null, "image": null, "inscription": null, "instagram": null, "internet_access": null, "internet_access:fee": null, "internet_access:ssid": null, "is_in": null, "kerb": null, "landuse": null, "layer": null, "leisure": null, "level": null, "loc_name": null, "mapillary": null, "mobile": null, "museum": null, "museum_type": null, "name": "B&B La Quiete", "name:de": null, "name:en": null, "name:fr": null, "name:it": null, "note": null, "number_of_apartments": null, "official_name": null, "old_name": null, "opening_hours": null, "operator": null, "operator:type": null, "outdoor_seating": null, "oven": null, "payment:cards": null, "payment:cash": null, "payment:credit_cards": null, "payment:debit_cards": null, "payment:visa": null, "phone": "+39 031 629889", "post_office": null, "post_office:brand": null, "post_office:brand:wikidata": null, "ref:REA": null, "ref:RIComo": null, "ref:vatin": null, "religion": null, "restaurant": null, "roof:shape": null, "rooms": "2", "self_service": null, "short_name": null, "smoking": null, "source": null, "sport": null, "stars": null, "start_date": null, "surface": null, "survey:date": null, "swimming_pool": null, "toilets": null, "toilets:access": null, "toilets:wheelchair": null, "tourism": "guest_house", "twitter": null, "url": null, "website": "https://www.laquieteinalbavilla.it/", "website:de": null, "website:it": null, "website:menu": null, "wheelchair": null, "wheelchair:description": null, "wikidata": null, "wikimedia_commons": null, "wikipedia": null, "tipe": "Hotel/Akomodasi", "zona": "Dataran Rendah" }, "geometry": { "type": "Point", "coordinates": [ 9.1917193, 45.8066511 ] } },
{ "type": "Feature", "properties": { "id": "node/4806630600", "@id": "node/4806630600", "access": null, "addr:city": "Erba", "addr:country": "IT", "addr:hamlet": null, "addr:housename": null, "addr:housenumber": "20", "addr:place": null, "addr:postcode": "22036", "addr:province": "Como", "addr:street": "Via Chiesa Molinari", "air_conditioning": null, "alt_name": null, "amenity": null, "barrier": null, "barrier:height": null, "beds": null, "bicycle": null, "blind": null, "branch": null, "brand": null, "brand:wikidata": null, "brand:wikipedia": null, "building": null, "building:levels": null, "building:levels:underground": null, "cafe": null, "capacity": null, "check_date": null, "check_date:opening_hours": null, "contact:booking": null, "contact:city": null, "contact:email": null, "contact:facebook": null, "contact:fax": null, "contact:housenumber": null, "contact:instagram": null, "contact:linkedin": null, "contact:mobile": null, "contact:phone": null, "contact:postcode": null, "contact:street": null, "contact:tripadvisor": null, "contact:website": null, "contact:whatsapp": null, "cuisine": null, "denomination": null, "description": null, "description:en": null, "description:it": null, "diet:vegan": null, "dog": null, "drinking_water": null, "ele": null, "email": "info@leduetorrette.it", "facebook": null, "fax": null, "fee": null, "fixme": null, "garden:style": null, "garden:type": null, "guest_house": null, "historic": null, "image": null, "inscription": null, "instagram": null, "internet_access": null, "internet_access:fee": null, "internet_access:ssid": null, "is_in": null, "kerb": null, "landuse": null, "layer": null, "leisure": null, "level": null, "loc_name": null, "mapillary": null, "mobile": null, "museum": null, "museum_type": null, "name": "Le due torrette", "name:de": null, "name:en": null, "name:fr": null, "name:it": null, "note": null, "number_of_apartments": null, "official_name": null, "old_name": null, "opening_hours": null, "operator": null, "operator:type": null, "outdoor_seating": null, "oven": null, "payment:cards": null, "payment:cash": null, "payment:credit_cards": null, "payment:debit_cards": null, "payment:visa": null, "phone": "+39 3331180918", "post_office": null, "post_office:brand": null, "post_office:brand:wikidata": null, "ref:REA": null, "ref:RIComo": null, "ref:vatin": null, "religion": null, "restaurant": null, "roof:shape": null, "rooms": null, "self_service": null, "short_name": null, "smoking": null, "source": null, "sport": null, "stars": null, "start_date": null, "surface": null, "survey:date": null, "swimming_pool": null, "toilets": null, "toilets:access": null, "toilets:wheelchair": null, "tourism": "guest_house", "twitter": null, "url": null, "website": "https://www.leduetorrette.it/", "website:de": null, "website:it": null, "website:menu": null, "wheelchair": null, "wheelchair:description": null, "wikidata": null, "wikimedia_commons": null, "wikipedia": null, "tipe": "Hotel/Akomodasi", "zona": "Dataran Rendah" }, "geometry": { "type": "Point", "coordinates": [ 9.2150244, 45.8087587 ] } },
{ "type": "Feature", "properties": { "id": "node/4879115526", "@id": "node/4879115526", "access": null, "addr:city": "Albavilla", "addr:country": "IT", "addr:hamlet": null, "addr:housename": null, "addr:housenumber": "8", "addr:place": null, "addr:postcode": null, "addr:province": "Como", "addr:street": "Via Pietro Porro", "air_conditioning": null, "alt_name": null, "amenity": null, "barrier": null, "barrier:height": null, "beds": null, "bicycle": null, "blind": null, "branch": null, "brand": null, "brand:wikidata": null, "brand:wikipedia": null, "building": null, "building:levels": null, "building:levels:underground": null, "cafe": null, "capacity": null, "check_date": null, "check_date:opening_hours": null, "contact:booking": null, "contact:city": null, "contact:email": null, "contact:facebook": null, "contact:fax": null, "contact:housenumber": null, "contact:instagram": null, "contact:linkedin": null, "contact:mobile": null, "contact:phone": null, "contact:postcode": null, "contact:street": null, "contact:tripadvisor": null, "contact:website": null, "contact:whatsapp": null, "cuisine": null, "denomination": null, "description": null, "description:en": null, "description:it": null, "diet:vegan": null, "dog": null, "drinking_water": null, "ele": null, "email": "camoneta.albavilla@gmail.com", "facebook": null, "fax": null, "fee": null, "fixme": null, "garden:style": null, "garden:type": null, "guest_house": null, "historic": null, "image": null, "inscription": null, "instagram": null, "internet_access": null, "internet_access:fee": null, "internet_access:ssid": null, "is_in": null, "kerb": null, "landuse": null, "layer": null, "leisure": null, "level": null, "loc_name": null, "mapillary": null, "mobile": null, "museum": null, "museum_type": null, "name": "Ca' Moneta", "name:de": null, "name:en": null, "name:fr": null, "name:it": null, "note": null, "number_of_apartments": null, "official_name": null, "old_name": null, "opening_hours": null, "operator": null, "operator:type": null, "outdoor_seating": null, "oven": null, "payment:cards": null, "payment:cash": null, "payment:credit_cards": null, "payment:debit_cards": null, "payment:visa": null, "phone": "+39 031 627214", "post_office": null, "post_office:brand": null, "post_office:brand:wikidata": null, "ref:REA": null, "ref:RIComo": null, "ref:vatin": null, "religion": null, "restaurant": null, "roof:shape": null, "rooms": "3", "self_service": null, "short_name": null, "smoking": "outside", "source": null, "sport": null, "stars": null, "start_date": null, "surface": null, "survey:date": null, "swimming_pool": null, "toilets": null, "toilets:access": null, "toilets:wheelchair": null, "tourism": "guest_house", "twitter": null, "url": null, "website": "https://www.casamoneta.it/", "website:de": null, "website:it": null, "website:menu": null, "wheelchair": null, "wheelchair:description": null, "wikidata": null, "wikimedia_commons": null, "wikipedia": null, "tipe": "Hotel/Akomodasi", "zona": "Dataran Rendah" }, "geometry": { "type": "Point", "coordinates": [ 9.1923444, 45.8025388 ] } },
{ "type": "Feature", "properties": { "id": "node/4930839659", "@id": "node/4930839659", "access": null, "addr:city": null, "addr:country": null, "addr:hamlet": null, "addr:housename": null, "addr:housenumber": null, "addr:place": null, "addr:postcode": null, "addr:province": null, "addr:street": null, "air_conditioning": null, "alt_name": null, "amenity": null, "barrier": null, "barrier:height": null, "beds": null, "bicycle": null, "blind": null, "branch": null, "brand": null, "brand:wikidata": null, "brand:wikipedia": null, "building": null, "building:levels": null, "building:levels:underground": null, "cafe": null, "capacity": null, "check_date": null, "check_date:opening_hours": null, "contact:booking": null, "contact:city": null, "contact:email": null, "contact:facebook": null, "contact:fax": null, "contact:housenumber": null, "contact:instagram": null, "contact:linkedin": null, "contact:mobile": null, "contact:phone": null, "contact:postcode": null, "contact:street": null, "contact:tripadvisor": null, "contact:website": null, "contact:whatsapp": null, "cuisine": null, "denomination": null, "description": null, "description:en": null, "description:it": null, "diet:vegan": null, "dog": null, "drinking_water": null, "ele": null, "email": null, "facebook": null, "fax": null, "fee": null, "fixme": null, "garden:style": null, "garden:type": null, "guest_house": null, "historic": null, "image": null, "inscription": null, "instagram": null, "internet_access": null, "internet_access:fee": null, "internet_access:ssid": null, "is_in": null, "kerb": null, "landuse": null, "layer": null, "leisure": "park", "level": null, "loc_name": null, "mapillary": null, "mobile": null, "museum": null, "museum_type": null, "name": "Sasso di Mariano", "name:de": null, "name:en": null, "name:fr": null, "name:it": null, "note": null, "number_of_apartments": null, "official_name": null, "old_name": null, "opening_hours": null, "operator": null, "operator:type": null, "outdoor_seating": null, "oven": null, "payment:cards": null, "payment:cash": null, "payment:credit_cards": null, "payment:debit_cards": null, "payment:visa": null, "phone": null, "post_office": null, "post_office:brand": null, "post_office:brand:wikidata": null, "ref:REA": null, "ref:RIComo": null, "ref:vatin": null, "religion": null, "restaurant": null, "roof:shape": null, "rooms": null, "self_service": null, "short_name": null, "smoking": null, "source": null, "sport": null, "stars": null, "start_date": null, "surface": null, "survey:date": null, "swimming_pool": null, "toilets": null, "toilets:access": null, "toilets:wheelchair": null, "tourism": null, "twitter": null, "url": null, "website": null, "website:de": null, "website:it": null, "website:menu": null, "wheelchair": null, "wheelchair:description": null, "wikidata": null, "wikimedia_commons": null, "wikipedia": null, "tipe": "Alam/Taman", "zona": "Dataran Rendah" }, "geometry": { "type": "Point", "coordinates": [ 9.1800836, 45.7014727 ] } },
{ "type": "Feature", "properties": { "id": "node/4968156660", "@id": "node/4968156660", "access": null, "addr:city": "Cavallasca", "addr:country": null, "addr:hamlet": null, "addr:housename": null, "addr:housenumber": "1", "addr:place": null, "addr:postcode": "22020", "addr:province": null, "addr:street": "Via Mornago", "air_conditioning": null, "alt_name": null, "amenity": null, "barrier": null, "barrier:height": null, "beds": null, "bicycle": null, "blind": null, "branch": null, "brand": null, "brand:wikidata": null, "brand:wikipedia": null, "building": null, "building:levels": null, "building:levels:underground": null, "cafe": null, "capacity": null, "check_date": null, "check_date:opening_hours": null, "contact:booking": null, "contact:city": null, "contact:email": null, "contact:facebook": null, "contact:fax": null, "contact:housenumber": null, "contact:instagram": null, "contact:linkedin": null, "contact:mobile": null, "contact:phone": null, "contact:postcode": null, "contact:street": null, "contact:tripadvisor": null, "contact:website": null, "contact:whatsapp": null, "cuisine": null, "denomination": null, "description": null, "description:en": null, "description:it": null, "diet:vegan": null, "dog": null, "drinking_water": null, "ele": null, "email": null, "facebook": null, "fax": null, "fee": null, "fixme": null, "garden:style": null, "garden:type": null, "guest_house": null, "historic": null, "image": null, "inscription": null, "instagram": null, "internet_access": "yes", "internet_access:fee": null, "internet_access:ssid": null, "is_in": null, "kerb": null, "landuse": null, "layer": null, "leisure": null, "level": null, "loc_name": null, "mapillary": null, "mobile": null, "museum": null, "museum_type": null, "name": "Como Ricky Apartment", "name:de": null, "name:en": null, "name:fr": null, "name:it": null, "note": null, "number_of_apartments": null, "official_name": null, "old_name": null, "opening_hours": null, "operator": null, "operator:type": null, "outdoor_seating": null, "oven": null, "payment:cards": null, "payment:cash": null, "payment:credit_cards": null, "payment:debit_cards": null, "payment:visa": null, "phone": null, "post_office": null, "post_office:brand": null, "post_office:brand:wikidata": null, "ref:REA": null, "ref:RIComo": null, "ref:vatin": null, "religion": null, "restaurant": null, "roof:shape": null, "rooms": "2", "self_service": null, "short_name": null, "smoking": null, "source": null, "sport": null, "stars": null, "start_date": null, "surface": null, "survey:date": null, "swimming_pool": null, "toilets": null, "toilets:access": null, "toilets:wheelchair": null, "tourism": "apartment", "twitter": null, "url": null, "website": null, "website:de": null, "website:it": null, "website:menu": null, "wheelchair": null, "wheelchair:description": null, "wikidata": null, "wikimedia_commons": null, "wikipedia": null, "tipe": "Hotel/Akomodasi", "zona": "Dataran Rendah" }, "geometry": { "type": "Point", "coordinates": [ 9.0489981, 45.8056897 ] } },
{ "type": "Feature", "properties": { "id": "node/5248732451", "@id": "node/5248732451", "access": null, "addr:city": "Albavilla", "addr:country": null, "addr:hamlet": null, "addr:housename": null, "addr:housenumber": "6a", "addr:place": null, "addr:postcode": "22031", "addr:province": null, "addr:street": "Via Carcano", "air_conditioning": null, "alt_name": null, "amenity": null, "barrier": null, "barrier:height": null, "beds": null, "bicycle": null, "blind": null, "branch": null, "brand": null, "brand:wikidata": null, "brand:wikipedia": null, "building": null, "building:levels": null, "building:levels:underground": null, "cafe": null, "capacity": null, "check_date": null, "check_date:opening_hours": null, "contact:booking": null, "contact:city": null, "contact:email": "info@albavillahotel.it", "contact:facebook": null, "contact:fax": "+39 031 627848", "contact:housenumber": null, "contact:instagram": null, "contact:linkedin": null, "contact:mobile": null, "contact:phone": "+39 031 626218", "contact:postcode": null, "contact:street": null, "contact:tripadvisor": null, "contact:website": "https://albavillahotel.it", "contact:whatsapp": null, "cuisine": null, "denomination": null, "description": null, "description:en": null, "description:it": null, "diet:vegan": null, "dog": null, "drinking_water": null, "ele": null, "email": null, "facebook": null, "fax": null, "fee": null, "fixme": null, "garden:style": null, "garden:type": null, "guest_house": null, "historic": null, "image": null, "inscription": null, "instagram": null, "internet_access": null, "internet_access:fee": null, "internet_access:ssid": null, "is_in": null, "kerb": null, "landuse": null, "layer": null, "leisure": null, "level": null, "loc_name": null, "mapillary": null, "mobile": null, "museum": null, "museum_type": null, "name": "Albavilla Hotel&Co.", "name:de": null, "name:en": null, "name:fr": null, "name:it": null, "note": null, "number_of_apartments": null, "official_name": null, "old_name": null, "opening_hours": null, "operator": null, "operator:type": null, "outdoor_seating": null, "oven": null, "payment:cards": null, "payment:cash": null, "payment:credit_cards": null, "payment:debit_cards": null, "payment:visa": null, "phone": null, "post_office": null, "post_office:brand": null, "post_office:brand:wikidata": null, "ref:REA": null, "ref:RIComo": null, "ref:vatin": null, "religion": null, "restaurant": null, "roof:shape": null, "rooms": null, "self_service": null, "short_name": null, "smoking": null, "source": null, "sport": null, "stars": "4S", "start_date": null, "surface": null, "survey:date": null, "swimming_pool": null, "toilets": null, "toilets:access": null, "toilets:wheelchair": null, "tourism": "hotel", "twitter": null, "url": null, "website": null, "website:de": null, "website:it": null, "website:menu": null, "wheelchair": "no", "wheelchair:description": null, "wikidata": null, "wikimedia_commons": null, "wikipedia": null, "tipe": "Hotel/Akomodasi", "zona": "Dataran Rendah" }, "geometry": { "type": "Point", "coordinates": [ 9.1897891, 45.7958215 ] } },
{ "type": "Feature", "properties": { "id": "node/5270173062", "@id": "node/5270173062", "access": null, "addr:city": null, "addr:country": null, "addr:hamlet": null, "addr:housename": null, "addr:housenumber": null, "addr:place": null, "addr:postcode": null, "addr:province": null, "addr:street": null, "air_conditioning": null, "alt_name": null, "amenity": null, "barrier": null, "barrier:height": null, "beds": null, "bicycle": null, "blind": null, "branch": null, "brand": null, "brand:wikidata": null, "brand:wikipedia": null, "building": null, "building:levels": null, "building:levels:underground": null, "cafe": null, "capacity": null, "check_date": null, "check_date:opening_hours": null, "contact:booking": null, "contact:city": null, "contact:email": null, "contact:facebook": null, "contact:fax": null, "contact:housenumber": null, "contact:instagram": null, "contact:linkedin": null, "contact:mobile": null, "contact:phone": null, "contact:postcode": null, "contact:street": null, "contact:tripadvisor": null, "contact:website": null, "contact:whatsapp": null, "cuisine": null, "denomination": null, "description": null, "description:en": null, "description:it": null, "diet:vegan": null, "dog": null, "drinking_water": null, "ele": null, "email": null, "facebook": null, "fax": null, "fee": "no", "fixme": null, "garden:style": null, "garden:type": null, "guest_house": null, "historic": null, "image": null, "inscription": null, "instagram": null, "internet_access": null, "internet_access:fee": null, "internet_access:ssid": null, "is_in": null, "kerb": null, "landuse": null, "layer": null, "leisure": null, "level": null, "loc_name": null, "mapillary": "wlLMil8Nj9YdmCQQBxTIrA", "mobile": null, "museum": null, "museum_type": null, "name": "Museo della Guardia di Finanza e del Contrabbando", "name:de": null, "name:en": null, "name:fr": null, "name:it": null, "note": null, "number_of_apartments": null, "official_name": "Piccolo Museo della Guardia di Finanza e del Contrabbando \"Burlanda e Sfrüsaduu\"", "old_name": null, "opening_hours": null, "operator": null, "operator:type": null, "outdoor_seating": null, "oven": null, "payment:cards": null, "payment:cash": null, "payment:credit_cards": null, "payment:debit_cards": null, "payment:visa": null, "phone": null, "post_office": null, "post_office:brand": null, "post_office:brand:wikidata": null, "ref:REA": null, "ref:RIComo": null, "ref:vatin": null, "religion": null, "restaurant": null, "roof:shape": null, "rooms": null, "self_service": null, "short_name": null, "smoking": null, "source": null, "sport": null, "stars": null, "start_date": "2002", "surface": null, "survey:date": null, "swimming_pool": null, "toilets": null, "toilets:access": null, "toilets:wheelchair": null, "tourism": "museum", "twitter": null, "url": null, "website": null, "website:de": null, "website:it": null, "website:menu": null, "wheelchair": null, "wheelchair:description": null, "wikidata": null, "wikimedia_commons": null, "wikipedia": null, "tipe": "Museum", "zona": "Dataran Menengah" }, "geometry": { "type": "Point", "coordinates": [ 9.045137, 45.9274763 ] } },
{ "type": "Feature", "properties": { "id": "node/5288159522", "@id": "node/5288159522", "access": null, "addr:city": null, "addr:country": null, "addr:hamlet": null, "addr:housename": null, "addr:housenumber": null, "addr:place": null, "addr:postcode": null, "addr:province": null, "addr:street": null, "air_conditioning": null, "alt_name": null, "amenity": null, "barrier": null, "barrier:height": null, "beds": null, "bicycle": null, "blind": null, "branch": null, "brand": null, "brand:wikidata": null, "brand:wikipedia": null, "building": null, "building:levels": null, "building:levels:underground": null, "cafe": null, "capacity": null, "check_date": null, "check_date:opening_hours": null, "contact:booking": null, "contact:city": null, "contact:email": null, "contact:facebook": null, "contact:fax": null, "contact:housenumber": null, "contact:instagram": null, "contact:linkedin": null, "contact:mobile": null, "contact:phone": null, "contact:postcode": null, "contact:street": null, "contact:tripadvisor": null, "contact:website": null, "contact:whatsapp": null, "cuisine": null, "denomination": null, "description": null, "description:en": null, "description:it": null, "diet:vegan": null, "dog": null, "drinking_water": null, "ele": null, "email": null, "facebook": null, "fax": null, "fee": null, "fixme": null, "garden:style": null, "garden:type": null, "guest_house": null, "historic": null, "image": null, "inscription": null, "instagram": null, "internet_access": null, "internet_access:fee": null, "internet_access:ssid": null, "is_in": null, "kerb": null, "landuse": null, "layer": null, "leisure": null, "level": null, "loc_name": null, "mapillary": null, "mobile": null, "museum": null, "museum_type": null, "name": "Museo di Villa Bernasconi", "name:de": null, "name:en": null, "name:fr": null, "name:it": null, "note": null, "number_of_apartments": null, "official_name": null, "old_name": null, "opening_hours": null, "operator": null, "operator:type": null, "outdoor_seating": null, "oven": null, "payment:cards": null, "payment:cash": null, "payment:credit_cards": null, "payment:debit_cards": null, "payment:visa": null, "phone": null, "post_office": null, "post_office:brand": null, "post_office:brand:wikidata": null, "ref:REA": null, "ref:RIComo": null, "ref:vatin": null, "religion": null, "restaurant": null, "roof:shape": null, "rooms": null, "self_service": null, "short_name": null, "smoking": null, "source": null, "sport": null, "stars": null, "start_date": null, "surface": null, "survey:date": null, "swimming_pool": null, "toilets": null, "toilets:access": null, "toilets:wheelchair": null, "tourism": "museum", "twitter": null, "url": null, "website": "https://www.villabernasconi.eu/", "website:de": null, "website:it": null, "website:menu": null, "wheelchair": "yes", "wheelchair:description": null, "wikidata": null, "wikimedia_commons": null, "wikipedia": null, "tipe": "Museum", "zona": "Dataran Rendah" }, "geometry": { "type": "Point", "coordinates": [ 9.0730563, 45.8374961 ] } },
{ "type": "Feature", "properties": { "id": "node/5289337657", "@id": "node/5289337657", "access": null, "addr:city": "Como", "addr:country": null, "addr:hamlet": null, "addr:housename": null, "addr:housenumber": "9", "addr:place": null, "addr:postcode": "22100", "addr:province": null, "addr:street": "Viale Fratelli Rosselli", "air_conditioning": null, "alt_name": null, "amenity": null, "barrier": null, "barrier:height": null, "beds": null, "bicycle": null, "blind": null, "branch": null, "brand": null, "brand:wikidata": null, "brand:wikipedia": null, "building": null, "building:levels": null, "building:levels:underground": null, "cafe": null, "capacity": null, "check_date": null, "check_date:opening_hours": null, "contact:booking": null, "contact:city": null, "contact:email": null, "contact:facebook": null, "contact:fax": null, "contact:housenumber": null, "contact:instagram": null, "contact:linkedin": null, "contact:mobile": null, "contact:phone": null, "contact:postcode": null, "contact:street": null, "contact:tripadvisor": null, "contact:website": null, "contact:whatsapp": null, "cuisine": null, "denomination": null, "description": null, "description:en": null, "description:it": null, "diet:vegan": null, "dog": null, "drinking_water": null, "ele": null, "email": null, "facebook": null, "fax": null, "fee": null, "fixme": null, "garden:style": null, "garden:type": null, "guest_house": null, "historic": null, "image": null, "inscription": null, "instagram": null, "internet_access": null, "internet_access:fee": null, "internet_access:ssid": null, "is_in": null, "kerb": null, "landuse": null, "layer": null, "leisure": null, "level": null, "loc_name": null, "mapillary": null, "mobile": null, "museum": null, "museum_type": null, "name": "Ostello Bello Lake Como", "name:de": null, "name:en": null, "name:fr": null, "name:it": null, "note": null, "number_of_apartments": null, "official_name": null, "old_name": null, "opening_hours": null, "operator": null, "operator:type": null, "outdoor_seating": null, "oven": null, "payment:cards": null, "payment:cash": null, "payment:credit_cards": null, "payment:debit_cards": null, "payment:visa": null, "phone": "+39 031 570889", "post_office": null, "post_office:brand": null, "post_office:brand:wikidata": null, "ref:REA": null, "ref:RIComo": null, "ref:vatin": null, "religion": null, "restaurant": null, "roof:shape": null, "rooms": null, "self_service": null, "short_name": null, "smoking": null, "source": null, "sport": null, "stars": null, "start_date": null, "surface": null, "survey:date": null, "swimming_pool": null, "toilets": null, "toilets:access": null, "toilets:wheelchair": null, "tourism": "hostel", "twitter": null, "url": null, "website": "https://www.ostellobello.com/hostel/como-lake/", "website:de": null, "website:it": null, "website:menu": null, "wheelchair": "yes", "wheelchair:description": null, "wikidata": null, "wikimedia_commons": null, "wikipedia": null, "tipe": "Hotel/Akomodasi", "zona": "Dataran Rendah" }, "geometry": { "type": "Point", "coordinates": [ 9.0747458, 45.8125995 ] } },
{ "type": "Feature", "properties": { "id": "node/5411835146", "@id": "node/5411835146", "access": null, "addr:city": null, "addr:country": null, "addr:hamlet": null, "addr:housename": null, "addr:housenumber": null, "addr:place": null, "addr:postcode": null, "addr:province": null, "addr:street": null, "air_conditioning": null, "alt_name": null, "amenity": null, "barrier": null, "barrier:height": null, "beds": null, "bicycle": null, "blind": null, "branch": null, "brand": null, "brand:wikidata": null, "brand:wikipedia": null, "building": null, "building:levels": null, "building:levels:underground": null, "cafe": null, "capacity": null, "check_date": null, "check_date:opening_hours": null, "contact:booking": null, "contact:city": null, "contact:email": null, "contact:facebook": null, "contact:fax": null, "contact:housenumber": null, "contact:instagram": null, "contact:linkedin": null, "contact:mobile": null, "contact:phone": null, "contact:postcode": null, "contact:street": null, "contact:tripadvisor": null, "contact:website": null, "contact:whatsapp": null, "cuisine": null, "denomination": null, "description": null, "description:en": null, "description:it": null, "diet:vegan": null, "dog": null, "drinking_water": null, "ele": null, "email": null, "facebook": null, "fax": null, "fee": null, "fixme": null, "garden:style": null, "garden:type": null, "guest_house": null, "historic": null, "image": null, "inscription": null, "instagram": null, "internet_access": null, "internet_access:fee": null, "internet_access:ssid": null, "is_in": null, "kerb": null, "landuse": null, "layer": null, "leisure": "garden", "level": null, "loc_name": null, "mapillary": null, "mobile": null, "museum": null, "museum_type": null, "name": null, "name:de": null, "name:en": null, "name:fr": null, "name:it": null, "note": null, "number_of_apartments": null, "official_name": null, "old_name": null, "opening_hours": null, "operator": null, "operator:type": null, "outdoor_seating": null, "oven": null, "payment:cards": null, "payment:cash": null, "payment:credit_cards": null, "payment:debit_cards": null, "payment:visa": null, "phone": null, "post_office": null, "post_office:brand": null, "post_office:brand:wikidata": null, "ref:REA": null, "ref:RIComo": null, "ref:vatin": null, "religion": null, "restaurant": null, "roof:shape": null, "rooms": null, "self_service": null, "short_name": null, "smoking": null, "source": null, "sport": null, "stars": null, "start_date": null, "surface": null, "survey:date": null, "swimming_pool": null, "toilets": null, "toilets:access": null, "toilets:wheelchair": null, "tourism": null, "twitter": null, "url": null, "website": null, "website:de": null, "website:it": null, "website:menu": null, "wheelchair": null, "wheelchair:description": null, "wikidata": null, "wikimedia_commons": null, "wikipedia": null, "tipe": "Alam/Taman", "zona": "Dataran Rendah" }, "geometry": { "type": "Point", "coordinates": [ 9.2325146, 45.7834689 ] } },
{ "type": "Feature", "properties": { "id": "node/5490600878", "@id": "node/5490600878", "access": null, "addr:city": "Como", "addr:country": null, "addr:hamlet": null, "addr:housename": null, "addr:housenumber": "21", "addr:place": null, "addr:postcode": "22100", "addr:province": null, "addr:street": "Via Pasquale Paoli", "air_conditioning": null, "alt_name": null, "amenity": null, "barrier": null, "barrier:height": null, "beds": null, "bicycle": null, "blind": null, "branch": null, "brand": null, "brand:wikidata": null, "brand:wikipedia": null, "building": null, "building:levels": null, "building:levels:underground": null, "cafe": null, "capacity": null, "check_date": "2023-11-26", "check_date:opening_hours": null, "contact:booking": null, "contact:city": null, "contact:email": null, "contact:facebook": null, "contact:fax": null, "contact:housenumber": null, "contact:instagram": null, "contact:linkedin": null, "contact:mobile": null, "contact:phone": null, "contact:postcode": null, "contact:street": null, "contact:tripadvisor": null, "contact:website": null, "contact:whatsapp": null, "cuisine": null, "denomination": null, "description": null, "description:en": null, "description:it": null, "diet:vegan": null, "dog": null, "drinking_water": null, "ele": null, "email": "como@hotelbb.com", "facebook": null, "fax": null, "fee": null, "fixme": null, "garden:style": null, "garden:type": null, "guest_house": null, "historic": null, "image": null, "inscription": null, "instagram": null, "internet_access": "wlan", "internet_access:fee": "no", "internet_access:ssid": null, "is_in": null, "kerb": null, "landuse": null, "layer": null, "leisure": null, "level": null, "loc_name": null, "mapillary": null, "mobile": null, "museum": null, "museum_type": null, "name": "B&B Hotel Como", "name:de": null, "name:en": null, "name:fr": null, "name:it": null, "note": null, "number_of_apartments": null, "official_name": null, "old_name": null, "opening_hours": null, "operator": "B&B Hotels", "operator:type": null, "outdoor_seating": null, "oven": null, "payment:cards": null, "payment:cash": null, "payment:credit_cards": null, "payment:debit_cards": null, "payment:visa": null, "phone": "+39 031 339 0034", "post_office": null, "post_office:brand": null, "post_office:brand:wikidata": null, "ref:REA": null, "ref:RIComo": null, "ref:vatin": null, "religion": null, "restaurant": null, "roof:shape": null, "rooms": null, "self_service": null, "short_name": null, "smoking": "outside", "source": null, "sport": null, "stars": "3", "start_date": null, "surface": null, "survey:date": null, "swimming_pool": null, "toilets": null, "toilets:access": null, "toilets:wheelchair": null, "tourism": "hotel", "twitter": null, "url": null, "website": "https://www.hotel-bb.com/it/hotel/como.htm", "website:de": null, "website:it": null, "website:menu": null, "wheelchair": "yes", "wheelchair:description": null, "wikidata": null, "wikimedia_commons": null, "wikipedia": null, "tipe": "Hotel/Akomodasi", "zona": "Dataran Rendah" }, "geometry": { "type": "Point", "coordinates": [ 9.0787913, 45.787421 ] } },
{ "type": "Feature", "properties": { "id": "node/5564007283", "@id": "node/5564007283", "access": null, "addr:city": null, "addr:country": null, "addr:hamlet": null, "addr:housename": null, "addr:housenumber": null, "addr:place": null, "addr:postcode": null, "addr:province": null, "addr:street": null, "air_conditioning": null, "alt_name": null, "amenity": null, "barrier": null, "barrier:height": null, "beds": null, "bicycle": null, "blind": null, "branch": null, "brand": null, "brand:wikidata": null, "brand:wikipedia": null, "building": null, "building:levels": null, "building:levels:underground": null, "cafe": null, "capacity": null, "check_date": null, "check_date:opening_hours": null, "contact:booking": null, "contact:city": null, "contact:email": null, "contact:facebook": null, "contact:fax": null, "contact:housenumber": null, "contact:instagram": null, "contact:linkedin": null, "contact:mobile": null, "contact:phone": null, "contact:postcode": null, "contact:street": null, "contact:tripadvisor": null, "contact:website": null, "contact:whatsapp": null, "cuisine": null, "denomination": null, "description": null, "description:en": null, "description:it": null, "diet:vegan": null, "dog": null, "drinking_water": null, "ele": null, "email": null, "facebook": null, "fax": null, "fee": null, "fixme": null, "garden:style": null, "garden:type": null, "guest_house": null, "historic": null, "image": null, "inscription": null, "instagram": null, "internet_access": null, "internet_access:fee": null, "internet_access:ssid": null, "is_in": null, "kerb": null, "landuse": null, "layer": null, "leisure": null, "level": null, "loc_name": null, "mapillary": null, "mobile": null, "museum": null, "museum_type": null, "name": "B&B Albero Maestro", "name:de": null, "name:en": null, "name:fr": null, "name:it": null, "note": null, "number_of_apartments": null, "official_name": null, "old_name": null, "opening_hours": null, "operator": null, "operator:type": null, "outdoor_seating": null, "oven": null, "payment:cards": null, "payment:cash": null, "payment:credit_cards": null, "payment:debit_cards": null, "payment:visa": null, "phone": null, "post_office": null, "post_office:brand": null, "post_office:brand:wikidata": null, "ref:REA": null, "ref:RIComo": null, "ref:vatin": null, "religion": null, "restaurant": null, "roof:shape": null, "rooms": null, "self_service": null, "short_name": null, "smoking": null, "source": null, "sport": null, "stars": null, "start_date": null, "surface": null, "survey:date": null, "swimming_pool": null, "toilets": null, "toilets:access": null, "toilets:wheelchair": null, "tourism": "guest_house", "twitter": null, "url": null, "website": null, "website:de": null, "website:it": null, "website:menu": null, "wheelchair": null, "wheelchair:description": null, "wikidata": null, "wikimedia_commons": null, "wikipedia": null, "tipe": "Hotel/Akomodasi", "zona": "Dataran Rendah" }, "geometry": { "type": "Point", "coordinates": [ 9.1560651, 45.764415 ] } },
{ "type": "Feature", "properties": { "id": "node/5607015221", "@id": "node/5607015221", "access": null, "addr:city": null, "addr:country": null, "addr:hamlet": null, "addr:housename": null, "addr:housenumber": "251", "addr:place": null, "addr:postcode": "22041", "addr:province": null, "addr:street": "Via Parco Solare", "air_conditioning": null, "alt_name": null, "amenity": null, "barrier": null, "barrier:height": null, "beds": null, "bicycle": null, "blind": null, "branch": null, "brand": null, "brand:wikidata": null, "brand:wikipedia": null, "building": null, "building:levels": null, "building:levels:underground": null, "cafe": null, "capacity": null, "check_date": null, "check_date:opening_hours": null, "contact:booking": null, "contact:city": null, "contact:email": null, "contact:facebook": null, "contact:fax": null, "contact:housenumber": null, "contact:instagram": null, "contact:linkedin": null, "contact:mobile": null, "contact:phone": null, "contact:postcode": null, "contact:street": null, "contact:tripadvisor": null, "contact:website": null, "contact:whatsapp": null, "cuisine": null, "denomination": null, "description": null, "description:en": null, "description:it": null, "diet:vegan": null, "dog": null, "drinking_water": null, "ele": null, "email": "info@cascinarodiani.com", "facebook": null, "fax": null, "fee": null, "fixme": null, "garden:style": null, "garden:type": null, "guest_house": null, "historic": null, "image": null, "inscription": null, "instagram": null, "internet_access": null, "internet_access:fee": null, "internet_access:ssid": null, "is_in": null, "kerb": null, "landuse": null, "layer": null, "leisure": null, "level": null, "loc_name": null, "mapillary": null, "mobile": null, "museum": null, "museum_type": null, "name": "Cascina Rodiani", "name:de": null, "name:en": "Cascina Rodiani - green hospitality", "name:fr": null, "name:it": "Cascina Rodiani", "note": null, "number_of_apartments": null, "official_name": null, "old_name": null, "opening_hours": null, "operator": null, "operator:type": null, "outdoor_seating": null, "oven": null, "payment:cards": null, "payment:cash": null, "payment:credit_cards": null, "payment:debit_cards": null, "payment:visa": null, "phone": "+39 031 522052", "post_office": null, "post_office:brand": null, "post_office:brand:wikidata": null, "ref:REA": null, "ref:RIComo": null, "ref:vatin": null, "religion": null, "restaurant": null, "roof:shape": null, "rooms": null, "self_service": null, "short_name": null, "smoking": null, "source": null, "sport": null, "stars": null, "start_date": null, "surface": null, "survey:date": null, "swimming_pool": null, "toilets": null, "toilets:access": null, "toilets:wheelchair": null, "tourism": "guest_house", "twitter": null, "url": null, "website": "https://cascinarodiani.com/", "website:de": null, "website:it": null, "website:menu": null, "wheelchair": null, "wheelchair:description": null, "wikidata": null, "wikimedia_commons": null, "wikipedia": null, "tipe": "Hotel/Akomodasi", "zona": "Dataran Rendah" }, "geometry": { "type": "Point", "coordinates": [ 9.0003445, 45.8181878 ] } },
{ "type": "Feature", "properties": { "id": "node/5851948014", "@id": "node/5851948014", "access": null, "addr:city": "Como", "addr:country": null, "addr:hamlet": null, "addr:housename": null, "addr:housenumber": null, "addr:place": null, "addr:postcode": "22100", "addr:province": null, "addr:street": "Via Borgo Vico", "air_conditioning": null, "alt_name": null, "amenity": null, "barrier": null, "barrier:height": null, "beds": null, "bicycle": null, "blind": null, "branch": null, "brand": null, "brand:wikidata": null, "brand:wikipedia": null, "building": null, "building:levels": null, "building:levels:underground": null, "cafe": null, "capacity": null, "check_date": null, "check_date:opening_hours": null, "contact:booking": null, "contact:city": null, "contact:email": null, "contact:facebook": null, "contact:fax": null, "contact:housenumber": null, "contact:instagram": null, "contact:linkedin": null, "contact:mobile": null, "contact:phone": null, "contact:postcode": null, "contact:street": null, "contact:tripadvisor": null, "contact:website": null, "contact:whatsapp": null, "cuisine": null, "denomination": null, "description": null, "description:en": null, "description:it": null, "diet:vegan": null, "dog": null, "drinking_water": null, "ele": null, "email": null, "facebook": null, "fax": null, "fee": null, "fixme": null, "garden:style": null, "garden:type": null, "guest_house": null, "historic": null, "image": null, "inscription": null, "instagram": null, "internet_access": null, "internet_access:fee": null, "internet_access:ssid": null, "is_in": null, "kerb": null, "landuse": null, "layer": null, "leisure": null, "level": null, "loc_name": null, "mapillary": null, "mobile": null, "museum": null, "museum_type": null, "name": "Hotel Borgo Antico", "name:de": null, "name:en": null, "name:fr": null, "name:it": null, "note": null, "number_of_apartments": null, "official_name": null, "old_name": null, "opening_hours": null, "operator": null, "operator:type": null, "outdoor_seating": null, "oven": null, "payment:cards": null, "payment:cash": null, "payment:credit_cards": null, "payment:debit_cards": null, "payment:visa": null, "phone": null, "post_office": null, "post_office:brand": null, "post_office:brand:wikidata": null, "ref:REA": null, "ref:RIComo": null, "ref:vatin": null, "religion": null, "restaurant": null, "roof:shape": null, "rooms": null, "self_service": null, "short_name": null, "smoking": null, "source": null, "sport": null, "stars": "3", "start_date": null, "surface": null, "survey:date": null, "swimming_pool": null, "toilets": null, "toilets:access": null, "toilets:wheelchair": null, "tourism": "hotel", "twitter": null, "url": null, "website": null, "website:de": null, "website:it": null, "website:menu": null, "wheelchair": null, "wheelchair:description": null, "wikidata": null, "wikimedia_commons": null, "wikipedia": null, "tipe": "Hotel/Akomodasi", "zona": "Dataran Rendah" }, "geometry": { "type": "Point", "coordinates": [ 9.0719031, 45.8110064 ] } },
{ "type": "Feature", "properties": { "id": "node/5866031863", "@id": "node/5866031863", "access": null, "addr:city": "Como", "addr:country": null, "addr:hamlet": null, "addr:housename": null, "addr:housenumber": "2", "addr:place": null, "addr:postcode": "22100", "addr:province": null, "addr:street": "Via Giuseppe Garibaldi", "air_conditioning": null, "alt_name": null, "amenity": null, "barrier": null, "barrier:height": null, "beds": null, "bicycle": null, "blind": null, "branch": null, "brand": null, "brand:wikidata": null, "brand:wikipedia": null, "building": null, "building:levels": null, "building:levels:underground": null, "cafe": null, "capacity": null, "check_date": null, "check_date:opening_hours": null, "contact:booking": null, "contact:city": null, "contact:email": null, "contact:facebook": null, "contact:fax": null, "contact:housenumber": null, "contact:instagram": null, "contact:linkedin": null, "contact:mobile": null, "contact:phone": null, "contact:postcode": null, "contact:street": null, "contact:tripadvisor": null, "contact:website": null, "contact:whatsapp": null, "cuisine": null, "denomination": null, "description": null, "description:en": null, "description:it": null, "diet:vegan": null, "dog": null, "drinking_water": null, "ele": null, "email": "info@postadesignhotel.com", "facebook": null, "fax": null, "fee": null, "fixme": null, "garden:style": null, "garden:type": null, "guest_house": null, "historic": null, "image": null, "inscription": null, "instagram": null, "internet_access": null, "internet_access:fee": null, "internet_access:ssid": null, "is_in": null, "kerb": null, "landuse": null, "layer": null, "leisure": null, "level": null, "loc_name": null, "mapillary": null, "mobile": null, "museum": null, "museum_type": null, "name": "Posta Design Hotel", "name:de": null, "name:en": null, "name:fr": null, "name:it": null, "note": null, "number_of_apartments": null, "official_name": null, "old_name": null, "opening_hours": null, "operator": null, "operator:type": null, "outdoor_seating": null, "oven": null, "payment:cards": null, "payment:cash": null, "payment:credit_cards": null, "payment:debit_cards": null, "payment:visa": null, "phone": "+39 031 276 9011", "post_office": null, "post_office:brand": null, "post_office:brand:wikidata": null, "ref:REA": null, "ref:RIComo": null, "ref:vatin": null, "religion": null, "restaurant": null, "roof:shape": null, "rooms": null, "self_service": null, "short_name": null, "smoking": null, "source": null, "sport": null, "stars": null, "start_date": null, "surface": null, "survey:date": null, "swimming_pool": null, "toilets": null, "toilets:access": null, "toilets:wheelchair": null, "tourism": "hotel", "twitter": null, "url": null, "website": "https://www.postadesignhotel.com/", "website:de": null, "website:it": null, "website:menu": null, "wheelchair": null, "wheelchair:description": null, "wikidata": "Q56316734", "wikimedia_commons": null, "wikipedia": null, "tipe": "Hotel/Akomodasi", "zona": "Dataran Rendah" }, "geometry": { "type": "Point", "coordinates": [ 9.079232, 45.8114875 ] } },
{ "type": "Feature", "properties": { "id": "node/5866045410", "@id": "node/5866045410", "access": null, "addr:city": "Como", "addr:country": null, "addr:hamlet": null, "addr:housename": null, "addr:housenumber": "24", "addr:place": null, "addr:postcode": "22100", "addr:province": null, "addr:street": "Piazza Cavour", "air_conditioning": null, "alt_name": null, "amenity": null, "barrier": null, "barrier:height": null, "beds": null, "bicycle": null, "blind": null, "branch": null, "brand": null, "brand:wikidata": null, "brand:wikipedia": null, "building": null, "building:levels": null, "building:levels:underground": null, "cafe": null, "capacity": null, "check_date": null, "check_date:opening_hours": null, "contact:booking": null, "contact:city": null, "contact:email": null, "contact:facebook": null, "contact:fax": null, "contact:housenumber": null, "contact:instagram": null, "contact:linkedin": null, "contact:mobile": null, "contact:phone": null, "contact:postcode": null, "contact:street": null, "contact:tripadvisor": null, "contact:website": null, "contact:whatsapp": null, "cuisine": null, "denomination": null, "description": null, "description:en": null, "description:it": null, "diet:vegan": null, "dog": null, "drinking_water": null, "ele": null, "email": "info@vistalagodicomo.com", "facebook": null, "fax": null, "fee": null, "fixme": null, "garden:style": null, "garden:type": null, "guest_house": null, "historic": null, "image": null, "inscription": null, "instagram": null, "internet_access": null, "internet_access:fee": null, "internet_access:ssid": null, "is_in": null, "kerb": null, "landuse": null, "layer": null, "leisure": null, "level": null, "loc_name": null, "mapillary": null, "mobile": null, "museum": null, "museum_type": null, "name": "Vista", "name:de": null, "name:en": null, "name:fr": null, "name:it": null, "note": null, "number_of_apartments": null, "official_name": null, "old_name": null, "opening_hours": null, "operator": null, "operator:type": null, "outdoor_seating": null, "oven": null, "payment:cards": null, "payment:cash": null, "payment:credit_cards": null, "payment:debit_cards": null, "payment:visa": null, "phone": "+39 031 537 5241", "post_office": null, "post_office:brand": null, "post_office:brand:wikidata": null, "ref:REA": null, "ref:RIComo": null, "ref:vatin": null, "religion": null, "restaurant": null, "roof:shape": null, "rooms": null, "self_service": null, "short_name": null, "smoking": null, "source": null, "sport": null, "stars": "5", "start_date": null, "surface": null, "survey:date": null, "swimming_pool": null, "toilets": null, "toilets:access": null, "toilets:wheelchair": null, "tourism": "hotel", "twitter": null, "url": null, "website": "https://vistalagodicomo.com/", "website:de": null, "website:it": null, "website:menu": null, "wheelchair": null, "wheelchair:description": null, "wikidata": "Q56316753", "wikimedia_commons": null, "wikipedia": null, "tipe": "Hotel/Akomodasi", "zona": "Dataran Rendah" }, "geometry": { "type": "Point", "coordinates": [ 9.0814102, 45.8135612 ] } },
{ "type": "Feature", "properties": { "id": "node/5978558297", "@id": "node/5978558297", "access": null, "addr:city": null, "addr:country": null, "addr:hamlet": null, "addr:housename": null, "addr:housenumber": null, "addr:place": null, "addr:postcode": null, "addr:province": null, "addr:street": null, "air_conditioning": null, "alt_name": null, "amenity": null, "barrier": null, "barrier:height": null, "beds": null, "bicycle": null, "blind": null, "branch": null, "brand": null, "brand:wikidata": null, "brand:wikipedia": null, "building": null, "building:levels": null, "building:levels:underground": null, "cafe": null, "capacity": null, "check_date": null, "check_date:opening_hours": null, "contact:booking": null, "contact:city": null, "contact:email": null, "contact:facebook": null, "contact:fax": null, "contact:housenumber": null, "contact:instagram": null, "contact:linkedin": null, "contact:mobile": null, "contact:phone": null, "contact:postcode": null, "contact:street": null, "contact:tripadvisor": null, "contact:website": null, "contact:whatsapp": null, "cuisine": null, "denomination": null, "description": null, "description:en": null, "description:it": null, "diet:vegan": null, "dog": null, "drinking_water": null, "ele": null, "email": null, "facebook": null, "fax": null, "fee": null, "fixme": null, "garden:style": null, "garden:type": null, "guest_house": null, "historic": null, "image": null, "inscription": null, "instagram": null, "internet_access": null, "internet_access:fee": null, "internet_access:ssid": null, "is_in": null, "kerb": null, "landuse": null, "layer": null, "leisure": "park", "level": null, "loc_name": null, "mapillary": null, "mobile": null, "museum": null, "museum_type": null, "name": "ASD Valbasca Lipomo", "name:de": null, "name:en": null, "name:fr": null, "name:it": null, "note": null, "number_of_apartments": null, "official_name": null, "old_name": null, "opening_hours": null, "operator": null, "operator:type": null, "outdoor_seating": null, "oven": null, "payment:cards": null, "payment:cash": null, "payment:credit_cards": null, "payment:debit_cards": null, "payment:visa": null, "phone": null, "post_office": null, "post_office:brand": null, "post_office:brand:wikidata": null, "ref:REA": null, "ref:RIComo": null, "ref:vatin": null, "religion": null, "restaurant": null, "roof:shape": null, "rooms": null, "self_service": null, "short_name": null, "smoking": null, "source": null, "sport": null, "stars": null, "start_date": null, "surface": null, "survey:date": null, "swimming_pool": null, "toilets": null, "toilets:access": null, "toilets:wheelchair": null, "tourism": null, "twitter": null, "url": null, "website": null, "website:de": null, "website:it": null, "website:menu": null, "wheelchair": null, "wheelchair:description": null, "wikidata": null, "wikimedia_commons": null, "wikipedia": null, "tipe": "Alam/Taman", "zona": "Dataran Rendah" }, "geometry": { "type": "Point", "coordinates": [ 9.129498, 45.7859867 ] } },
{ "type": "Feature", "properties": { "id": "node/6195861307", "@id": "node/6195861307", "access": null, "addr:city": null, "addr:country": null, "addr:hamlet": null, "addr:housename": null, "addr:housenumber": null, "addr:place": null, "addr:postcode": null, "addr:province": null, "addr:street": null, "air_conditioning": null, "alt_name": null, "amenity": null, "barrier": null, "barrier:height": null, "beds": null, "bicycle": null, "blind": null, "branch": null, "brand": null, "brand:wikidata": null, "brand:wikipedia": null, "building": null, "building:levels": null, "building:levels:underground": null, "cafe": null, "capacity": null, "check_date": null, "check_date:opening_hours": null, "contact:booking": null, "contact:city": null, "contact:email": null, "contact:facebook": null, "contact:fax": null, "contact:housenumber": null, "contact:instagram": null, "contact:linkedin": null, "contact:mobile": null, "contact:phone": null, "contact:postcode": null, "contact:street": null, "contact:tripadvisor": null, "contact:website": null, "contact:whatsapp": null, "cuisine": null, "denomination": null, "description": null, "description:en": null, "description:it": null, "diet:vegan": null, "dog": null, "drinking_water": null, "ele": null, "email": null, "facebook": null, "fax": null, "fee": null, "fixme": null, "garden:style": null, "garden:type": null, "guest_house": null, "historic": null, "image": null, "inscription": null, "instagram": null, "internet_access": null, "internet_access:fee": null, "internet_access:ssid": null, "is_in": null, "kerb": null, "landuse": null, "layer": null, "leisure": null, "level": null, "loc_name": null, "mapillary": null, "mobile": null, "museum": null, "museum_type": null, "name": "Hotel Tre Rose", "name:de": null, "name:en": null, "name:fr": null, "name:it": null, "note": null, "number_of_apartments": null, "official_name": null, "old_name": null, "opening_hours": null, "operator": null, "operator:type": null, "outdoor_seating": null, "oven": null, "payment:cards": null, "payment:cash": null, "payment:credit_cards": null, "payment:debit_cards": null, "payment:visa": null, "phone": null, "post_office": null, "post_office:brand": null, "post_office:brand:wikidata": null, "ref:REA": null, "ref:RIComo": null, "ref:vatin": null, "religion": null, "restaurant": null, "roof:shape": null, "rooms": null, "self_service": null, "short_name": null, "smoking": null, "source": null, "sport": null, "stars": null, "start_date": null, "surface": null, "survey:date": null, "swimming_pool": null, "toilets": null, "toilets:access": null, "toilets:wheelchair": null, "tourism": "hotel", "twitter": null, "url": null, "website": null, "website:de": null, "website:it": null, "website:menu": null, "wheelchair": null, "wheelchair:description": null, "wikidata": null, "wikimedia_commons": null, "wikipedia": null, "tipe": "Hotel/Akomodasi", "zona": "Dataran Menengah" }, "geometry": { "type": "Point", "coordinates": [ 9.1543271, 45.9143521 ] } },
{ "type": "Feature", "properties": { "id": "node/6277406805", "@id": "node/6277406805", "access": null, "addr:city": "Como", "addr:country": null, "addr:hamlet": null, "addr:housename": null, "addr:housenumber": "36", "addr:place": null, "addr:postcode": "22100", "addr:province": null, "addr:street": "Via Venti Settembre", "air_conditioning": null, "alt_name": null, "amenity": null, "barrier": null, "barrier:height": null, "beds": null, "bicycle": null, "blind": null, "branch": null, "brand": null, "brand:wikidata": null, "brand:wikipedia": null, "building": null, "building:levels": null, "building:levels:underground": null, "cafe": null, "capacity": null, "check_date": null, "check_date:opening_hours": null, "contact:booking": null, "contact:city": null, "contact:email": null, "contact:facebook": null, "contact:fax": null, "contact:housenumber": null, "contact:instagram": null, "contact:linkedin": null, "contact:mobile": null, "contact:phone": null, "contact:postcode": null, "contact:street": null, "contact:tripadvisor": null, "contact:website": null, "contact:whatsapp": null, "cuisine": null, "denomination": null, "description": null, "description:en": null, "description:it": null, "diet:vegan": null, "dog": null, "drinking_water": null, "ele": null, "email": null, "facebook": null, "fax": null, "fee": null, "fixme": null, "garden:style": null, "garden:type": null, "guest_house": null, "historic": null, "image": null, "inscription": null, "instagram": null, "internet_access": "yes", "internet_access:fee": null, "internet_access:ssid": null, "is_in": null, "kerb": null, "landuse": null, "layer": null, "leisure": null, "level": null, "loc_name": null, "mapillary": null, "mobile": null, "museum": null, "museum_type": null, "name": "B&B Borghi", "name:de": null, "name:en": null, "name:fr": null, "name:it": null, "note": null, "number_of_apartments": null, "official_name": null, "old_name": null, "opening_hours": null, "operator": null, "operator:type": null, "outdoor_seating": null, "oven": null, "payment:cards": null, "payment:cash": null, "payment:credit_cards": null, "payment:debit_cards": null, "payment:visa": null, "phone": null, "post_office": null, "post_office:brand": null, "post_office:brand:wikidata": null, "ref:REA": null, "ref:RIComo": null, "ref:vatin": null, "religion": null, "restaurant": null, "roof:shape": null, "rooms": null, "self_service": null, "short_name": null, "smoking": null, "source": null, "sport": null, "stars": null, "start_date": null, "surface": null, "survey:date": null, "swimming_pool": null, "toilets": null, "toilets:access": null, "toilets:wheelchair": null, "tourism": "guest_house", "twitter": null, "url": null, "website": null, "website:de": null, "website:it": null, "website:menu": null, "wheelchair": null, "wheelchair:description": null, "wikidata": null, "wikimedia_commons": null, "wikipedia": null, "tipe": "Hotel/Akomodasi", "zona": "Dataran Rendah" }, "geometry": { "type": "Point", "coordinates": [ 9.0902051, 45.8046244 ] } },
{ "type": "Feature", "properties": { "id": "node/6423743236", "@id": "node/6423743236", "access": null, "addr:city": "Como", "addr:country": null, "addr:hamlet": null, "addr:housename": null, "addr:housenumber": "84", "addr:place": null, "addr:postcode": "22100", "addr:province": null, "addr:street": "Via Armando Diaz", "air_conditioning": null, "alt_name": null, "amenity": null, "barrier": null, "barrier:height": null, "beds": null, "bicycle": null, "blind": null, "branch": null, "brand": null, "brand:wikidata": null, "brand:wikipedia": null, "building": null, "building:levels": null, "building:levels:underground": null, "cafe": null, "capacity": null, "check_date": null, "check_date:opening_hours": null, "contact:booking": null, "contact:city": null, "contact:email": null, "contact:facebook": null, "contact:fax": null, "contact:housenumber": null, "contact:instagram": null, "contact:linkedin": null, "contact:mobile": null, "contact:phone": null, "contact:postcode": null, "contact:street": null, "contact:tripadvisor": null, "contact:website": null, "contact:whatsapp": null, "cuisine": null, "denomination": null, "description": null, "description:en": null, "description:it": null, "diet:vegan": null, "dog": null, "drinking_water": null, "ele": null, "email": "musei.civici@comune.como.it", "facebook": null, "fax": null, "fee": null, "fixme": null, "garden:style": null, "garden:type": null, "guest_house": null, "historic": null, "image": null, "inscription": null, "instagram": null, "internet_access": null, "internet_access:fee": null, "internet_access:ssid": null, "is_in": null, "kerb": null, "landuse": null, "layer": null, "leisure": null, "level": null, "loc_name": null, "mapillary": null, "mobile": null, "museum": null, "museum_type": null, "name": "Pinacoteca Civica", "name:de": null, "name:en": null, "name:fr": null, "name:it": null, "note": null, "number_of_apartments": null, "official_name": null, "old_name": null, "opening_hours": "Tu-Su 10:00-18:00; Mo off; Jan 01,06,Nov 01,Dec 25-26 off", "operator": null, "operator:type": null, "outdoor_seating": null, "oven": null, "payment:cards": null, "payment:cash": null, "payment:credit_cards": null, "payment:debit_cards": null, "payment:visa": null, "phone": "+39 031 269869", "post_office": null, "post_office:brand": null, "post_office:brand:wikidata": null, "ref:REA": null, "ref:RIComo": null, "ref:vatin": null, "religion": null, "restaurant": null, "roof:shape": null, "rooms": null, "self_service": null, "short_name": null, "smoking": null, "source": null, "sport": null, "stars": null, "start_date": null, "surface": null, "survey:date": null, "swimming_pool": null, "toilets": null, "toilets:access": null, "toilets:wheelchair": null, "tourism": "museum", "twitter": null, "url": null, "website": "https://www.visitcomo.eu/it/scoprire/musei/pinacoteca-civica/index.html", "website:de": null, "website:it": null, "website:menu": null, "wheelchair": "yes", "wheelchair:description": null, "wikidata": "Q3905125", "wikimedia_commons": null, "wikipedia": "it:Pinacoteca di palazzo Volpi", "tipe": "Museum", "zona": "Dataran Rendah" }, "geometry": { "type": "Point", "coordinates": [ 9.0832806, 45.8073313 ] } },
{ "type": "Feature", "properties": { "id": "node/6697578586", "@id": "node/6697578586", "access": null, "addr:city": null, "addr:country": null, "addr:hamlet": null, "addr:housename": null, "addr:housenumber": null, "addr:place": null, "addr:postcode": null, "addr:province": null, "addr:street": null, "air_conditioning": null, "alt_name": null, "amenity": null, "barrier": null, "barrier:height": null, "beds": null, "bicycle": null, "blind": null, "branch": null, "brand": null, "brand:wikidata": null, "brand:wikipedia": null, "building": null, "building:levels": null, "building:levels:underground": null, "cafe": null, "capacity": null, "check_date": "2024-10-15", "check_date:opening_hours": null, "contact:booking": null, "contact:city": null, "contact:email": null, "contact:facebook": null, "contact:fax": null, "contact:housenumber": null, "contact:instagram": null, "contact:linkedin": null, "contact:mobile": null, "contact:phone": null, "contact:postcode": null, "contact:street": null, "contact:tripadvisor": null, "contact:website": null, "contact:whatsapp": null, "cuisine": null, "denomination": null, "description": null, "description:en": null, "description:it": null, "diet:vegan": null, "dog": null, "drinking_water": null, "ele": null, "email": null, "facebook": null, "fax": null, "fee": null, "fixme": null, "garden:style": null, "garden:type": null, "guest_house": null, "historic": null, "image": null, "inscription": null, "instagram": null, "internet_access": null, "internet_access:fee": null, "internet_access:ssid": null, "is_in": null, "kerb": null, "landuse": null, "layer": null, "leisure": null, "level": null, "loc_name": null, "mapillary": null, "mobile": null, "museum": null, "museum_type": null, "name": "Il Loggiato dei Serviti", "name:de": null, "name:en": null, "name:fr": null, "name:it": null, "note": null, "number_of_apartments": null, "official_name": null, "old_name": null, "opening_hours": null, "operator": null, "operator:type": null, "outdoor_seating": null, "oven": null, "payment:cards": null, "payment:cash": null, "payment:credit_cards": null, "payment:debit_cards": null, "payment:visa": null, "phone": null, "post_office": null, "post_office:brand": null, "post_office:brand:wikidata": null, "ref:REA": null, "ref:RIComo": null, "ref:vatin": null, "religion": null, "restaurant": null, "roof:shape": null, "rooms": null, "self_service": null, "short_name": null, "smoking": null, "source": null, "sport": null, "stars": null, "start_date": null, "surface": null, "survey:date": null, "swimming_pool": null, "toilets": null, "toilets:access": null, "toilets:wheelchair": null, "tourism": "hotel", "twitter": null, "url": null, "website": null, "website:de": null, "website:it": null, "website:menu": null, "wheelchair": null, "wheelchair:description": null, "wikidata": null, "wikimedia_commons": null, "wikipedia": null, "tipe": "Hotel/Akomodasi", "zona": "Dataran Rendah" }, "geometry": { "type": "Point", "coordinates": [ 9.0752321, 45.8096968 ] } },
{ "type": "Feature", "properties": { "id": "node/7020534469", "@id": "node/7020534469", "access": null, "addr:city": "Nesso", "addr:country": null, "addr:hamlet": null, "addr:housename": null, "addr:housenumber": "11", "addr:place": null, "addr:postcode": "22020", "addr:province": null, "addr:street": "Via Onzanigo", "air_conditioning": null, "alt_name": null, "amenity": null, "barrier": null, "barrier:height": null, "beds": null, "bicycle": null, "blind": null, "branch": null, "brand": null, "brand:wikidata": null, "brand:wikipedia": null, "building": null, "building:levels": null, "building:levels:underground": null, "cafe": null, "capacity": null, "check_date": null, "check_date:opening_hours": null, "contact:booking": null, "contact:city": null, "contact:email": null, "contact:facebook": null, "contact:fax": null, "contact:housenumber": null, "contact:instagram": null, "contact:linkedin": null, "contact:mobile": null, "contact:phone": null, "contact:postcode": null, "contact:street": null, "contact:tripadvisor": null, "contact:website": null, "contact:whatsapp": null, "cuisine": null, "denomination": null, "description": null, "description:en": null, "description:it": null, "diet:vegan": null, "dog": null, "drinking_water": null, "ele": null, "email": null, "facebook": null, "fax": null, "fee": null, "fixme": null, "garden:style": null, "garden:type": null, "guest_house": null, "historic": null, "image": null, "inscription": null, "instagram": null, "internet_access": "wired", "internet_access:fee": "no", "internet_access:ssid": null, "is_in": null, "kerb": null, "landuse": null, "layer": null, "leisure": null, "level": null, "loc_name": null, "mapillary": null, "mobile": null, "museum": null, "museum_type": null, "name": "Casa Lucia", "name:de": null, "name:en": null, "name:fr": null, "name:it": null, "note": null, "number_of_apartments": null, "official_name": null, "old_name": null, "opening_hours": null, "operator": null, "operator:type": null, "outdoor_seating": null, "oven": null, "payment:cards": null, "payment:cash": null, "payment:credit_cards": null, "payment:debit_cards": null, "payment:visa": null, "phone": null, "post_office": null, "post_office:brand": null, "post_office:brand:wikidata": null, "ref:REA": null, "ref:RIComo": null, "ref:vatin": null, "religion": null, "restaurant": null, "roof:shape": null, "rooms": "5", "self_service": null, "short_name": null, "smoking": null, "source": null, "sport": null, "stars": null, "start_date": null, "surface": null, "survey:date": null, "swimming_pool": null, "toilets": null, "toilets:access": null, "toilets:wheelchair": null, "tourism": "apartment", "twitter": null, "url": null, "website": "https://www.casalucia-lakecomo.com/", "website:de": null, "website:it": null, "website:menu": null, "wheelchair": null, "wheelchair:description": null, "wikidata": null, "wikimedia_commons": null, "wikipedia": null, "tipe": "Hotel/Akomodasi", "zona": "Dataran Menengah" }, "geometry": { "type": "Point", "coordinates": [ 9.1600008, 45.9106519 ] } },
{ "type": "Feature", "properties": { "id": "node/7122930665", "@id": "node/7122930665", "access": null, "addr:city": "Lipomo", "addr:country": null, "addr:hamlet": null, "addr:housename": null, "addr:housenumber": "695", "addr:place": null, "addr:postcode": "22030", "addr:province": null, "addr:street": "Via Provinciale per Lecco", "air_conditioning": null, "alt_name": null, "amenity": null, "barrier": null, "barrier:height": null, "beds": null, "bicycle": null, "blind": null, "branch": null, "brand": null, "brand:wikidata": null, "brand:wikipedia": null, "building": null, "building:levels": null, "building:levels:underground": null, "cafe": null, "capacity": null, "check_date": "2025-08-08", "check_date:opening_hours": null, "contact:booking": null, "contact:city": null, "contact:email": "info@lachiocciolacomo.it", "contact:facebook": null, "contact:fax": null, "contact:housenumber": null, "contact:instagram": null, "contact:linkedin": null, "contact:mobile": null, "contact:phone": "+39 349 3572740", "contact:postcode": null, "contact:street": null, "contact:tripadvisor": null, "contact:website": "http://www.lachiocciolacomo.it", "contact:whatsapp": null, "cuisine": null, "denomination": null, "description": null, "description:en": null, "description:it": null, "diet:vegan": null, "dog": null, "drinking_water": null, "ele": null, "email": null, "facebook": null, "fax": null, "fee": null, "fixme": null, "garden:style": null, "garden:type": null, "guest_house": null, "historic": null, "image": null, "inscription": null, "instagram": null, "internet_access": null, "internet_access:fee": null, "internet_access:ssid": null, "is_in": null, "kerb": null, "landuse": null, "layer": null, "leisure": null, "level": null, "loc_name": null, "mapillary": null, "mobile": null, "museum": null, "museum_type": null, "name": "La Chiocciola", "name:de": null, "name:en": null, "name:fr": null, "name:it": null, "note": null, "number_of_apartments": null, "official_name": null, "old_name": null, "opening_hours": null, "operator": null, "operator:type": null, "outdoor_seating": null, "oven": null, "payment:cards": null, "payment:cash": null, "payment:credit_cards": null, "payment:debit_cards": null, "payment:visa": null, "phone": null, "post_office": null, "post_office:brand": null, "post_office:brand:wikidata": null, "ref:REA": null, "ref:RIComo": null, "ref:vatin": null, "religion": null, "restaurant": null, "roof:shape": null, "rooms": null, "self_service": null, "short_name": null, "smoking": null, "source": null, "sport": null, "stars": null, "start_date": null, "surface": null, "survey:date": null, "swimming_pool": null, "toilets": null, "toilets:access": null, "toilets:wheelchair": null, "tourism": "apartment", "twitter": null, "url": null, "website": null, "website:de": null, "website:it": null, "website:menu": null, "wheelchair": null, "wheelchair:description": null, "wikidata": null, "wikimedia_commons": null, "wikipedia": null, "tipe": "Hotel/Akomodasi", "zona": "Dataran Rendah" }, "geometry": { "type": "Point", "coordinates": [ 9.123918, 45.7966427 ] } },
{ "type": "Feature", "properties": { "id": "node/7159149763", "@id": "node/7159149763", "access": null, "addr:city": null, "addr:country": null, "addr:hamlet": null, "addr:housename": null, "addr:housenumber": null, "addr:place": null, "addr:postcode": null, "addr:province": null, "addr:street": null, "air_conditioning": null, "alt_name": null, "amenity": null, "barrier": null, "barrier:height": null, "beds": null, "bicycle": null, "blind": null, "branch": null, "brand": null, "brand:wikidata": null, "brand:wikipedia": null, "building": null, "building:levels": null, "building:levels:underground": null, "cafe": null, "capacity": null, "check_date": null, "check_date:opening_hours": null, "contact:booking": null, "contact:city": null, "contact:email": null, "contact:facebook": null, "contact:fax": null, "contact:housenumber": null, "contact:instagram": null, "contact:linkedin": null, "contact:mobile": null, "contact:phone": null, "contact:postcode": null, "contact:street": null, "contact:tripadvisor": null, "contact:website": null, "contact:whatsapp": null, "cuisine": null, "denomination": null, "description": null, "description:en": null, "description:it": null, "diet:vegan": null, "dog": null, "drinking_water": null, "ele": null, "email": null, "facebook": null, "fax": null, "fee": null, "fixme": null, "garden:style": null, "garden:type": null, "guest_house": null, "historic": null, "image": null, "inscription": null, "instagram": null, "internet_access": null, "internet_access:fee": null, "internet_access:ssid": null, "is_in": null, "kerb": null, "landuse": null, "layer": null, "leisure": null, "level": null, "loc_name": null, "mapillary": null, "mobile": null, "museum": null, "museum_type": null, "name": "Armonia", "name:de": null, "name:en": null, "name:fr": null, "name:it": null, "note": null, "number_of_apartments": null, "official_name": null, "old_name": null, "opening_hours": null, "operator": null, "operator:type": null, "outdoor_seating": null, "oven": null, "payment:cards": null, "payment:cash": null, "payment:credit_cards": null, "payment:debit_cards": null, "payment:visa": null, "phone": null, "post_office": null, "post_office:brand": null, "post_office:brand:wikidata": null, "ref:REA": null, "ref:RIComo": null, "ref:vatin": null, "religion": null, "restaurant": null, "roof:shape": null, "rooms": null, "self_service": null, "short_name": null, "smoking": null, "source": null, "sport": null, "stars": null, "start_date": null, "surface": null, "survey:date": null, "swimming_pool": null, "toilets": null, "toilets:access": null, "toilets:wheelchair": null, "tourism": "guest_house", "twitter": null, "url": null, "website": null, "website:de": null, "website:it": null, "website:menu": null, "wheelchair": null, "wheelchair:description": null, "wikidata": null, "wikimedia_commons": null, "wikipedia": null, "tipe": "Hotel/Akomodasi", "zona": "Dataran Rendah" }, "geometry": { "type": "Point", "coordinates": [ 9.1835323, 45.7988502 ] } },
{ "type": "Feature", "properties": { "id": "node/7174735189", "@id": "node/7174735189", "access": null, "addr:city": null, "addr:country": null, "addr:hamlet": null, "addr:housename": null, "addr:housenumber": null, "addr:place": null, "addr:postcode": null, "addr:province": null, "addr:street": null, "air_conditioning": null, "alt_name": null, "amenity": null, "barrier": null, "barrier:height": null, "beds": null, "bicycle": null, "blind": null, "branch": null, "brand": null, "brand:wikidata": null, "brand:wikipedia": null, "building": null, "building:levels": null, "building:levels:underground": null, "cafe": null, "capacity": null, "check_date": null, "check_date:opening_hours": null, "contact:booking": null, "contact:city": null, "contact:email": null, "contact:facebook": null, "contact:fax": null, "contact:housenumber": null, "contact:instagram": null, "contact:linkedin": null, "contact:mobile": null, "contact:phone": null, "contact:postcode": null, "contact:street": null, "contact:tripadvisor": null, "contact:website": null, "contact:whatsapp": null, "cuisine": null, "denomination": null, "description": null, "description:en": null, "description:it": null, "diet:vegan": null, "dog": null, "drinking_water": null, "ele": null, "email": null, "facebook": null, "fax": null, "fee": null, "fixme": null, "garden:style": null, "garden:type": null, "guest_house": null, "historic": null, "image": null, "inscription": null, "instagram": null, "internet_access": null, "internet_access:fee": null, "internet_access:ssid": null, "is_in": null, "kerb": null, "landuse": null, "layer": null, "leisure": null, "level": null, "loc_name": null, "mapillary": null, "mobile": null, "museum": null, "museum_type": null, "name": "облико морале", "name:de": null, "name:en": null, "name:fr": null, "name:it": null, "note": null, "number_of_apartments": null, "official_name": null, "old_name": null, "opening_hours": null, "operator": null, "operator:type": null, "outdoor_seating": null, "oven": null, "payment:cards": null, "payment:cash": null, "payment:credit_cards": null, "payment:debit_cards": null, "payment:visa": null, "phone": null, "post_office": null, "post_office:brand": null, "post_office:brand:wikidata": null, "ref:REA": null, "ref:RIComo": null, "ref:vatin": null, "religion": null, "restaurant": null, "roof:shape": null, "rooms": null, "self_service": null, "short_name": null, "smoking": null, "source": null, "sport": null, "stars": null, "start_date": null, "surface": null, "survey:date": null, "swimming_pool": null, "toilets": null, "toilets:access": null, "toilets:wheelchair": null, "tourism": "guest_house", "twitter": null, "url": null, "website": null, "website:de": null, "website:it": null, "website:menu": null, "wheelchair": null, "wheelchair:description": null, "wikidata": null, "wikimedia_commons": null, "wikipedia": null, "tipe": "Hotel/Akomodasi", "zona": "Dataran Rendah" }, "geometry": { "type": "Point", "coordinates": [ 9.0985693, 45.8344553 ] } },
{ "type": "Feature", "properties": { "id": "node/7242239985", "@id": "node/7242239985", "access": null, "addr:city": "Como", "addr:country": null, "addr:hamlet": null, "addr:housename": null, "addr:housenumber": "18a", "addr:place": null, "addr:postcode": "22100", "addr:province": null, "addr:street": "Viale Risorgimento", "air_conditioning": null, "alt_name": null, "amenity": null, "barrier": null, "barrier:height": null, "beds": null, "bicycle": null, "blind": null, "branch": null, "brand": null, "brand:wikidata": null, "brand:wikipedia": null, "building": null, "building:levels": null, "building:levels:underground": null, "cafe": null, "capacity": null, "check_date": null, "check_date:opening_hours": null, "contact:booking": null, "contact:city": null, "contact:email": null, "contact:facebook": null, "contact:fax": null, "contact:housenumber": null, "contact:instagram": null, "contact:linkedin": null, "contact:mobile": null, "contact:phone": null, "contact:postcode": null, "contact:street": null, "contact:tripadvisor": null, "contact:website": null, "contact:whatsapp": null, "cuisine": null, "denomination": null, "description": null, "description:en": null, "description:it": null, "diet:vegan": null, "dog": null, "drinking_water": null, "ele": null, "email": "como@hotelrossovino.it", "facebook": null, "fax": null, "fee": null, "fixme": null, "garden:style": null, "garden:type": null, "guest_house": null, "historic": null, "image": null, "inscription": null, "instagram": null, "internet_access": "wlan", "internet_access:fee": null, "internet_access:ssid": null, "is_in": null, "kerb": null, "landuse": null, "layer": null, "leisure": null, "level": null, "loc_name": null, "mapillary": null, "mobile": null, "museum": null, "museum_type": null, "name": "Hotel Rossovino", "name:de": null, "name:en": null, "name:fr": null, "name:it": null, "note": null, "number_of_apartments": null, "official_name": null, "old_name": null, "opening_hours": "Mo-Su 09:00-23:00", "operator": null, "operator:type": null, "outdoor_seating": null, "oven": null, "payment:cards": null, "payment:cash": null, "payment:credit_cards": null, "payment:debit_cards": null, "payment:visa": null, "phone": "+39 0314143949", "post_office": null, "post_office:brand": null, "post_office:brand:wikidata": null, "ref:REA": null, "ref:RIComo": null, "ref:vatin": null, "religion": null, "restaurant": null, "roof:shape": null, "rooms": null, "self_service": null, "short_name": null, "smoking": null, "source": null, "sport": null, "stars": null, "start_date": null, "surface": null, "survey:date": null, "swimming_pool": null, "toilets": null, "toilets:access": null, "toilets:wheelchair": null, "tourism": "hotel", "twitter": null, "url": null, "website": "https://hotelrossovino.it/", "website:de": null, "website:it": null, "website:menu": null, "wheelchair": null, "wheelchair:description": null, "wikidata": null, "wikimedia_commons": null, "wikipedia": null, "tipe": "Hotel/Akomodasi", "zona": "Dataran Rendah" }, "geometry": { "type": "Point", "coordinates": [ 9.0659468, 45.7927334 ] } },
{ "type": "Feature", "properties": { "id": "node/7788376627", "@id": "node/7788376627", "access": null, "addr:city": null, "addr:country": null, "addr:hamlet": null, "addr:housename": null, "addr:housenumber": null, "addr:place": null, "addr:postcode": null, "addr:province": null, "addr:street": null, "air_conditioning": null, "alt_name": null, "amenity": null, "barrier": null, "barrier:height": null, "beds": null, "bicycle": null, "blind": null, "branch": null, "brand": null, "brand:wikidata": null, "brand:wikipedia": null, "building": null, "building:levels": null, "building:levels:underground": null, "cafe": null, "capacity": null, "check_date": null, "check_date:opening_hours": null, "contact:booking": null, "contact:city": null, "contact:email": null, "contact:facebook": null, "contact:fax": null, "contact:housenumber": null, "contact:instagram": null, "contact:linkedin": null, "contact:mobile": null, "contact:phone": null, "contact:postcode": null, "contact:street": null, "contact:tripadvisor": null, "contact:website": null, "contact:whatsapp": null, "cuisine": null, "denomination": null, "description": null, "description:en": null, "description:it": null, "diet:vegan": null, "dog": null, "drinking_water": null, "ele": null, "email": null, "facebook": null, "fax": null, "fee": null, "fixme": null, "garden:style": null, "garden:type": null, "guest_house": null, "historic": null, "image": null, "inscription": null, "instagram": null, "internet_access": null, "internet_access:fee": null, "internet_access:ssid": null, "is_in": null, "kerb": null, "landuse": null, "layer": null, "leisure": null, "level": null, "loc_name": null, "mapillary": null, "mobile": null, "museum": null, "museum_type": null, "name": "La Fontana", "name:de": null, "name:en": null, "name:fr": null, "name:it": null, "note": null, "number_of_apartments": null, "official_name": null, "old_name": null, "opening_hours": null, "operator": null, "operator:type": null, "outdoor_seating": null, "oven": null, "payment:cards": null, "payment:cash": null, "payment:credit_cards": null, "payment:debit_cards": null, "payment:visa": null, "phone": null, "post_office": null, "post_office:brand": null, "post_office:brand:wikidata": null, "ref:REA": null, "ref:RIComo": null, "ref:vatin": null, "religion": null, "restaurant": null, "roof:shape": null, "rooms": null, "self_service": null, "short_name": null, "smoking": null, "source": null, "sport": null, "stars": null, "start_date": null, "surface": null, "survey:date": null, "swimming_pool": null, "toilets": null, "toilets:access": null, "toilets:wheelchair": null, "tourism": "guest_house", "twitter": null, "url": null, "website": null, "website:de": null, "website:it": null, "website:menu": null, "wheelchair": null, "wheelchair:description": null, "wikidata": null, "wikimedia_commons": null, "wikipedia": null, "tipe": "Hotel/Akomodasi", "zona": "Dataran Rendah" }, "geometry": { "type": "Point", "coordinates": [ 9.1633809, 45.7958656 ] } },
{ "type": "Feature", "properties": { "id": "node/7799448943", "@id": "node/7799448943", "access": null, "addr:city": null, "addr:country": null, "addr:hamlet": null, "addr:housename": null, "addr:housenumber": null, "addr:place": null, "addr:postcode": null, "addr:province": null, "addr:street": null, "air_conditioning": null, "alt_name": null, "amenity": null, "barrier": null, "barrier:height": null, "beds": null, "bicycle": null, "blind": null, "branch": null, "brand": null, "brand:wikidata": null, "brand:wikipedia": null, "building": null, "building:levels": null, "building:levels:underground": null, "cafe": null, "capacity": null, "check_date": null, "check_date:opening_hours": null, "contact:booking": null, "contact:city": null, "contact:email": null, "contact:facebook": null, "contact:fax": null, "contact:housenumber": null, "contact:instagram": null, "contact:linkedin": null, "contact:mobile": null, "contact:phone": null, "contact:postcode": null, "contact:street": null, "contact:tripadvisor": null, "contact:website": null, "contact:whatsapp": null, "cuisine": null, "denomination": null, "description": null, "description:en": null, "description:it": null, "diet:vegan": null, "dog": null, "drinking_water": null, "ele": null, "email": null, "facebook": null, "fax": null, "fee": null, "fixme": null, "garden:style": null, "garden:type": null, "guest_house": null, "historic": null, "image": null, "inscription": null, "instagram": null, "internet_access": null, "internet_access:fee": null, "internet_access:ssid": null, "is_in": null, "kerb": null, "landuse": null, "layer": null, "leisure": null, "level": null, "loc_name": null, "mapillary": null, "mobile": null, "museum": null, "museum_type": null, "name": "Il segno verde", "name:de": null, "name:en": null, "name:fr": null, "name:it": null, "note": null, "number_of_apartments": null, "official_name": null, "old_name": null, "opening_hours": null, "operator": null, "operator:type": null, "outdoor_seating": null, "oven": null, "payment:cards": null, "payment:cash": null, "payment:credit_cards": null, "payment:debit_cards": null, "payment:visa": null, "phone": null, "post_office": null, "post_office:brand": null, "post_office:brand:wikidata": null, "ref:REA": null, "ref:RIComo": null, "ref:vatin": null, "religion": null, "restaurant": null, "roof:shape": null, "rooms": null, "self_service": null, "short_name": null, "smoking": null, "source": null, "sport": null, "stars": null, "start_date": null, "surface": null, "survey:date": null, "swimming_pool": null, "toilets": null, "toilets:access": null, "toilets:wheelchair": null, "tourism": "guest_house", "twitter": null, "url": null, "website": null, "website:de": null, "website:it": null, "website:menu": null, "wheelchair": null, "wheelchair:description": null, "wikidata": null, "wikimedia_commons": null, "wikipedia": null, "tipe": "Hotel/Akomodasi", "zona": "Dataran Rendah" }, "geometry": { "type": "Point", "coordinates": [ 9.1996255, 45.7700956 ] } },
{ "type": "Feature", "properties": { "id": "node/7869301392", "@id": "node/7869301392", "access": null, "addr:city": "Eupilio", "addr:country": null, "addr:hamlet": null, "addr:housename": null, "addr:housenumber": "8", "addr:place": null, "addr:postcode": "22030", "addr:province": null, "addr:street": "Via Ceresuola", "air_conditioning": null, "alt_name": null, "amenity": null, "barrier": null, "barrier:height": null, "beds": null, "bicycle": null, "blind": null, "branch": null, "brand": null, "brand:wikidata": null, "brand:wikipedia": null, "building": null, "building:levels": null, "building:levels:underground": null, "cafe": null, "capacity": null, "check_date": null, "check_date:opening_hours": null, "contact:booking": null, "contact:city": null, "contact:email": null, "contact:facebook": null, "contact:fax": null, "contact:housenumber": null, "contact:instagram": null, "contact:linkedin": null, "contact:mobile": null, "contact:phone": null, "contact:postcode": null, "contact:street": null, "contact:tripadvisor": null, "contact:website": null, "contact:whatsapp": null, "cuisine": null, "denomination": null, "description": null, "description:en": null, "description:it": null, "diet:vegan": null, "dog": null, "drinking_water": null, "ele": null, "email": null, "facebook": null, "fax": null, "fee": null, "fixme": null, "garden:style": null, "garden:type": null, "guest_house": "bed_and_breakfast", "historic": null, "image": null, "inscription": null, "instagram": null, "internet_access": null, "internet_access:fee": null, "internet_access:ssid": null, "is_in": null, "kerb": null, "landuse": null, "layer": null, "leisure": null, "level": null, "loc_name": null, "mapillary": null, "mobile": null, "museum": null, "museum_type": null, "name": "B&B La Ceresuola", "name:de": null, "name:en": null, "name:fr": null, "name:it": null, "note": null, "number_of_apartments": null, "official_name": null, "old_name": null, "opening_hours": null, "operator": null, "operator:type": null, "outdoor_seating": null, "oven": null, "payment:cards": null, "payment:cash": null, "payment:credit_cards": null, "payment:debit_cards": null, "payment:visa": null, "phone": null, "post_office": null, "post_office:brand": null, "post_office:brand:wikidata": null, "ref:REA": null, "ref:RIComo": null, "ref:vatin": null, "religion": null, "restaurant": null, "roof:shape": null, "rooms": "3", "self_service": null, "short_name": null, "smoking": null, "source": null, "sport": null, "stars": null, "start_date": null, "surface": null, "survey:date": null, "swimming_pool": null, "toilets": null, "toilets:access": null, "toilets:wheelchair": null, "tourism": "guest_house", "twitter": null, "url": null, "website": "http://www.laceresuola.it/", "website:de": null, "website:it": null, "website:menu": null, "wheelchair": null, "wheelchair:description": null, "wikidata": null, "wikimedia_commons": null, "wikipedia": null, "tipe": "Hotel/Akomodasi", "zona": "Dataran Rendah" }, "geometry": { "type": "Point", "coordinates": [ 9.276437, 45.8177638 ] } },
{ "type": "Feature", "properties": { "id": "node/8024773230", "@id": "node/8024773230", "access": null, "addr:city": "Brunate", "addr:country": null, "addr:hamlet": null, "addr:housename": null, "addr:housenumber": "20", "addr:place": null, "addr:postcode": null, "addr:province": null, "addr:street": "Via mulattiera per San Maurizio", "air_conditioning": null, "alt_name": null, "amenity": null, "barrier": null, "barrier:height": null, "beds": null, "bicycle": null, "blind": null, "branch": null, "brand": null, "brand:wikidata": null, "brand:wikipedia": null, "building": null, "building:levels": null, "building:levels:underground": null, "cafe": null, "capacity": null, "check_date": "2023-11-26", "check_date:opening_hours": null, "contact:booking": null, "contact:city": null, "contact:email": null, "contact:facebook": null, "contact:fax": null, "contact:housenumber": null, "contact:instagram": null, "contact:linkedin": null, "contact:mobile": null, "contact:phone": null, "contact:postcode": null, "contact:street": null, "contact:tripadvisor": null, "contact:website": null, "contact:whatsapp": null, "cuisine": null, "denomination": null, "description": null, "description:en": null, "description:it": null, "diet:vegan": null, "dog": null, "drinking_water": null, "ele": null, "email": null, "facebook": null, "fax": null, "fee": null, "fixme": null, "garden:style": null, "garden:type": null, "guest_house": "bed_and_breakfast", "historic": null, "image": null, "inscription": null, "instagram": null, "internet_access": null, "internet_access:fee": null, "internet_access:ssid": null, "is_in": null, "kerb": null, "landuse": null, "layer": null, "leisure": null, "level": null, "loc_name": null, "mapillary": null, "mobile": null, "museum": null, "museum_type": null, "name": "B&B La Mirandola", "name:de": null, "name:en": null, "name:fr": null, "name:it": null, "note": null, "number_of_apartments": null, "official_name": null, "old_name": null, "opening_hours": null, "operator": null, "operator:type": null, "outdoor_seating": null, "oven": null, "payment:cards": null, "payment:cash": null, "payment:credit_cards": null, "payment:debit_cards": null, "payment:visa": null, "phone": "+39 031 220539", "post_office": null, "post_office:brand": null, "post_office:brand:wikidata": null, "ref:REA": null, "ref:RIComo": null, "ref:vatin": null, "religion": null, "restaurant": null, "roof:shape": null, "rooms": null, "self_service": null, "short_name": null, "smoking": null, "source": null, "sport": null, "stars": null, "start_date": null, "surface": null, "survey:date": null, "swimming_pool": null, "toilets": null, "toilets:access": null, "toilets:wheelchair": null, "tourism": "guest_house", "twitter": null, "url": null, "website": null, "website:de": null, "website:it": null, "website:menu": null, "wheelchair": null, "wheelchair:description": null, "wikidata": null, "wikimedia_commons": null, "wikipedia": null, "tipe": "Hotel/Akomodasi", "zona": "Dataran Rendah" }, "geometry": { "type": "Point", "coordinates": [ 9.0999708, 45.8242575 ] } },
{ "type": "Feature", "properties": { "id": "node/8238748059", "@id": "node/8238748059", "access": null, "addr:city": "Monguzzo", "addr:country": null, "addr:hamlet": null, "addr:housename": null, "addr:housenumber": null, "addr:place": null, "addr:postcode": "22040", "addr:province": null, "addr:street": "Via Cava Marna", "air_conditioning": null, "alt_name": null, "amenity": null, "barrier": null, "barrier:height": null, "beds": null, "bicycle": null, "blind": null, "branch": null, "brand": null, "brand:wikidata": null, "brand:wikipedia": null, "building": null, "building:levels": null, "building:levels:underground": null, "cafe": null, "capacity": null, "check_date": null, "check_date:opening_hours": null, "contact:booking": "https://www.booking.com/hotel/it/agriturismo-ai-laghetti.it.html", "contact:city": null, "contact:email": null, "contact:facebook": null, "contact:fax": null, "contact:housenumber": null, "contact:instagram": null, "contact:linkedin": null, "contact:mobile": "+39 338 7489775;+39 366 3890850;", "contact:phone": null, "contact:postcode": null, "contact:street": null, "contact:tripadvisor": null, "contact:website": "https://www.agriturismolacavallina.com/camere-agriturismo-como-la-cavallina/", "contact:whatsapp": null, "cuisine": null, "denomination": null, "description": null, "description:en": null, "description:it": null, "diet:vegan": null, "dog": null, "drinking_water": null, "ele": null, "email": null, "facebook": null, "fax": null, "fee": null, "fixme": null, "garden:style": null, "garden:type": null, "guest_house": "agritourism", "historic": null, "image": null, "inscription": null, "instagram": null, "internet_access": null, "internet_access:fee": null, "internet_access:ssid": null, "is_in": null, "kerb": null, "landuse": null, "layer": null, "leisure": null, "level": null, "loc_name": null, "mapillary": null, "mobile": null, "museum": null, "museum_type": null, "name": "La Cavallina", "name:de": null, "name:en": null, "name:fr": null, "name:it": null, "note": null, "number_of_apartments": null, "official_name": "Azienda Agrituristica La Cavallina", "old_name": null, "opening_hours": null, "operator": null, "operator:type": null, "outdoor_seating": null, "oven": null, "payment:cards": null, "payment:cash": null, "payment:credit_cards": null, "payment:debit_cards": null, "payment:visa": null, "phone": null, "post_office": null, "post_office:brand": null, "post_office:brand:wikidata": null, "ref:REA": null, "ref:RIComo": null, "ref:vatin": null, "religion": null, "restaurant": null, "roof:shape": null, "rooms": null, "self_service": null, "short_name": null, "smoking": null, "source": null, "sport": null, "stars": null, "start_date": null, "surface": null, "survey:date": null, "swimming_pool": null, "toilets": null, "toilets:access": null, "toilets:wheelchair": null, "tourism": "guest_house", "twitter": null, "url": null, "website": null, "website:de": null, "website:it": null, "website:menu": null, "wheelchair": null, "wheelchair:description": null, "wikidata": null, "wikimedia_commons": null, "wikipedia": null, "tipe": "Hotel/Akomodasi", "zona": "Dataran Rendah" }, "geometry": { "type": "Point", "coordinates": [ 9.239164, 45.7742021 ] } },
{ "type": "Feature", "properties": { "id": "node/8238748108", "@id": "node/8238748108", "access": null, "addr:city": null, "addr:country": null, "addr:hamlet": null, "addr:housename": null, "addr:housenumber": null, "addr:place": null, "addr:postcode": null, "addr:province": null, "addr:street": null, "air_conditioning": null, "alt_name": null, "amenity": null, "barrier": null, "barrier:height": null, "beds": null, "bicycle": null, "blind": null, "branch": null, "brand": null, "brand:wikidata": null, "brand:wikipedia": null, "building": null, "building:levels": null, "building:levels:underground": null, "cafe": null, "capacity": null, "check_date": null, "check_date:opening_hours": null, "contact:booking": null, "contact:city": null, "contact:email": null, "contact:facebook": null, "contact:fax": null, "contact:housenumber": null, "contact:instagram": null, "contact:linkedin": null, "contact:mobile": null, "contact:phone": null, "contact:postcode": null, "contact:street": null, "contact:tripadvisor": null, "contact:website": null, "contact:whatsapp": null, "cuisine": null, "denomination": null, "description": null, "description:en": null, "description:it": null, "diet:vegan": null, "dog": null, "drinking_water": null, "ele": null, "email": null, "facebook": null, "fax": null, "fee": null, "fixme": null, "garden:style": null, "garden:type": null, "guest_house": null, "historic": null, "image": null, "inscription": null, "instagram": null, "internet_access": null, "internet_access:fee": null, "internet_access:ssid": null, "is_in": null, "kerb": null, "landuse": null, "layer": null, "leisure": null, "level": null, "loc_name": null, "mapillary": null, "mobile": "+39 334 6887316", "museum": null, "museum_type": null, "name": "Hotel Nastro Azzurro", "name:de": null, "name:en": null, "name:fr": null, "name:it": null, "note": null, "number_of_apartments": null, "official_name": null, "old_name": null, "opening_hours": null, "operator": null, "operator:type": null, "outdoor_seating": null, "oven": null, "payment:cards": null, "payment:cash": null, "payment:credit_cards": null, "payment:debit_cards": null, "payment:visa": null, "phone": null, "post_office": null, "post_office:brand": null, "post_office:brand:wikidata": null, "ref:REA": null, "ref:RIComo": null, "ref:vatin": null, "religion": null, "restaurant": null, "roof:shape": null, "rooms": null, "self_service": null, "short_name": null, "smoking": null, "source": null, "sport": null, "stars": "3", "start_date": null, "surface": null, "survey:date": null, "swimming_pool": null, "toilets": null, "toilets:access": null, "toilets:wheelchair": null, "tourism": "hotel", "twitter": null, "url": null, "website": null, "website:de": null, "website:it": null, "website:menu": null, "wheelchair": null, "wheelchair:description": null, "wikidata": null, "wikimedia_commons": null, "wikipedia": null, "tipe": "Hotel/Akomodasi", "zona": "Dataran Rendah" }, "geometry": { "type": "Point", "coordinates": [ 9.2317316, 45.7789192 ] } },
{ "type": "Feature", "properties": { "id": "node/8258086158", "@id": "node/8258086158", "access": null, "addr:city": "Merone", "addr:country": null, "addr:hamlet": null, "addr:housename": null, "addr:housenumber": null, "addr:place": null, "addr:postcode": "22046", "addr:province": null, "addr:street": "Via Giuseppe Mazzini", "air_conditioning": null, "alt_name": null, "amenity": null, "barrier": null, "barrier:height": null, "beds": null, "bicycle": null, "blind": null, "branch": null, "brand": null, "brand:wikidata": null, "brand:wikipedia": null, "building": null, "building:levels": null, "building:levels:underground": null, "cafe": null, "capacity": null, "check_date": null, "check_date:opening_hours": null, "contact:booking": null, "contact:city": null, "contact:email": null, "contact:facebook": null, "contact:fax": null, "contact:housenumber": null, "contact:instagram": null, "contact:linkedin": null, "contact:mobile": null, "contact:phone": null, "contact:postcode": null, "contact:street": null, "contact:tripadvisor": null, "contact:website": null, "contact:whatsapp": null, "cuisine": null, "denomination": null, "description": null, "description:en": null, "description:it": null, "diet:vegan": null, "dog": null, "drinking_water": null, "ele": null, "email": null, "facebook": null, "fax": null, "fee": null, "fixme": null, "garden:style": null, "garden:type": null, "guest_house": null, "historic": null, "image": null, "inscription": null, "instagram": null, "internet_access": null, "internet_access:fee": null, "internet_access:ssid": null, "is_in": null, "kerb": null, "landuse": null, "layer": null, "leisure": null, "level": null, "loc_name": null, "mapillary": null, "mobile": null, "museum": "local", "museum_type": null, "name": "Museo dei mulini", "name:de": null, "name:en": null, "name:fr": null, "name:it": null, "note": null, "number_of_apartments": null, "official_name": null, "old_name": null, "opening_hours": null, "operator": null, "operator:type": null, "outdoor_seating": null, "oven": null, "payment:cards": null, "payment:cash": null, "payment:credit_cards": null, "payment:debit_cards": null, "payment:visa": null, "phone": null, "post_office": null, "post_office:brand": null, "post_office:brand:wikidata": null, "ref:REA": null, "ref:RIComo": null, "ref:vatin": null, "religion": null, "restaurant": null, "roof:shape": null, "rooms": null, "self_service": null, "short_name": null, "smoking": null, "source": null, "sport": null, "stars": null, "start_date": null, "surface": null, "survey:date": null, "swimming_pool": null, "toilets": null, "toilets:access": null, "toilets:wheelchair": null, "tourism": "museum", "twitter": null, "url": null, "website": null, "website:de": null, "website:it": null, "website:menu": null, "wheelchair": null, "wheelchair:description": null, "wikidata": null, "wikimedia_commons": null, "wikipedia": null, "tipe": "Museum", "zona": "Dataran Rendah" }, "geometry": { "type": "Point", "coordinates": [ 9.2429258, 45.7713996 ] } },
{ "type": "Feature", "properties": { "id": "node/8797407797", "@id": "node/8797407797", "access": null, "addr:city": null, "addr:country": null, "addr:hamlet": null, "addr:housename": null, "addr:housenumber": null, "addr:place": null, "addr:postcode": null, "addr:province": null, "addr:street": null, "air_conditioning": null, "alt_name": null, "amenity": null, "barrier": null, "barrier:height": null, "beds": null, "bicycle": null, "blind": null, "branch": null, "brand": null, "brand:wikidata": null, "brand:wikipedia": null, "building": null, "building:levels": null, "building:levels:underground": null, "cafe": null, "capacity": null, "check_date": null, "check_date:opening_hours": null, "contact:booking": null, "contact:city": null, "contact:email": null, "contact:facebook": null, "contact:fax": null, "contact:housenumber": null, "contact:instagram": null, "contact:linkedin": null, "contact:mobile": null, "contact:phone": null, "contact:postcode": null, "contact:street": null, "contact:tripadvisor": null, "contact:website": null, "contact:whatsapp": null, "cuisine": null, "denomination": null, "description": null, "description:en": null, "description:it": null, "diet:vegan": null, "dog": null, "drinking_water": null, "ele": null, "email": null, "facebook": null, "fax": null, "fee": null, "fixme": null, "garden:style": null, "garden:type": null, "guest_house": null, "historic": null, "image": null, "inscription": null, "instagram": null, "internet_access": null, "internet_access:fee": null, "internet_access:ssid": null, "is_in": null, "kerb": null, "landuse": null, "layer": null, "leisure": null, "level": null, "loc_name": null, "mapillary": null, "mobile": null, "museum": null, "museum_type": null, "name": "Brusco Rooms", "name:de": null, "name:en": null, "name:fr": null, "name:it": null, "note": null, "number_of_apartments": null, "official_name": null, "old_name": null, "opening_hours": null, "operator": null, "operator:type": null, "outdoor_seating": null, "oven": null, "payment:cards": null, "payment:cash": null, "payment:credit_cards": null, "payment:debit_cards": null, "payment:visa": null, "phone": null, "post_office": null, "post_office:brand": null, "post_office:brand:wikidata": null, "ref:REA": null, "ref:RIComo": null, "ref:vatin": null, "religion": null, "restaurant": null, "roof:shape": null, "rooms": null, "self_service": null, "short_name": null, "smoking": null, "source": null, "sport": null, "stars": null, "start_date": null, "surface": null, "survey:date": null, "swimming_pool": null, "toilets": null, "toilets:access": null, "toilets:wheelchair": null, "tourism": "hotel", "twitter": null, "url": null, "website": null, "website:de": null, "website:it": null, "website:menu": null, "wheelchair": null, "wheelchair:description": null, "wikidata": null, "wikimedia_commons": null, "wikipedia": null, "tipe": "Hotel/Akomodasi", "zona": "Dataran Rendah" }, "geometry": { "type": "Point", "coordinates": [ 9.1444798, 45.7695769 ] } },
{ "type": "Feature", "properties": { "id": "node/8828887907", "@id": "node/8828887907", "access": null, "addr:city": null, "addr:country": null, "addr:hamlet": null, "addr:housename": null, "addr:housenumber": null, "addr:place": null, "addr:postcode": null, "addr:province": null, "addr:street": null, "air_conditioning": null, "alt_name": null, "amenity": null, "barrier": null, "barrier:height": null, "beds": null, "bicycle": null, "blind": null, "branch": "Como City", "brand": "B&B Hotels", "brand:wikidata": "Q794939", "brand:wikipedia": null, "building": null, "building:levels": null, "building:levels:underground": null, "cafe": null, "capacity": null, "check_date": null, "check_date:opening_hours": null, "contact:booking": null, "contact:city": null, "contact:email": null, "contact:facebook": null, "contact:fax": null, "contact:housenumber": null, "contact:instagram": null, "contact:linkedin": null, "contact:mobile": null, "contact:phone": null, "contact:postcode": null, "contact:street": null, "contact:tripadvisor": null, "contact:website": null, "contact:whatsapp": null, "cuisine": null, "denomination": null, "description": null, "description:en": null, "description:it": null, "diet:vegan": null, "dog": null, "drinking_water": null, "ele": null, "email": null, "facebook": null, "fax": null, "fee": null, "fixme": null, "garden:style": null, "garden:type": null, "guest_house": null, "historic": null, "image": null, "inscription": null, "instagram": null, "internet_access": "wlan", "internet_access:fee": null, "internet_access:ssid": null, "is_in": null, "kerb": null, "landuse": null, "layer": null, "leisure": null, "level": null, "loc_name": null, "mapillary": null, "mobile": null, "museum": null, "museum_type": null, "name": "B&B Hotels", "name:de": null, "name:en": null, "name:fr": null, "name:it": null, "note": null, "number_of_apartments": null, "official_name": null, "old_name": null, "opening_hours": null, "operator": null, "operator:type": null, "outdoor_seating": null, "oven": null, "payment:cards": null, "payment:cash": null, "payment:credit_cards": null, "payment:debit_cards": null, "payment:visa": null, "phone": null, "post_office": null, "post_office:brand": null, "post_office:brand:wikidata": null, "ref:REA": null, "ref:RIComo": null, "ref:vatin": null, "religion": null, "restaurant": null, "roof:shape": null, "rooms": null, "self_service": null, "short_name": null, "smoking": null, "source": null, "sport": null, "stars": null, "start_date": null, "surface": null, "survey:date": null, "swimming_pool": null, "toilets": null, "toilets:access": null, "toilets:wheelchair": null, "tourism": "hotel", "twitter": null, "url": null, "website": "https://www.hotel-bb.com/en/de", "website:de": null, "website:it": null, "website:menu": null, "wheelchair": "yes", "wheelchair:description": null, "wikidata": null, "wikimedia_commons": null, "wikipedia": null, "tipe": "Hotel/Akomodasi", "zona": "Dataran Rendah" }, "geometry": { "type": "Point", "coordinates": [ 9.0765803, 45.8083022 ] } },
{ "type": "Feature", "properties": { "id": "node/8909593182", "@id": "node/8909593182", "access": null, "addr:city": null, "addr:country": null, "addr:hamlet": null, "addr:housename": null, "addr:housenumber": null, "addr:place": null, "addr:postcode": null, "addr:province": null, "addr:street": null, "air_conditioning": null, "alt_name": null, "amenity": null, "barrier": null, "barrier:height": null, "beds": null, "bicycle": null, "blind": null, "branch": null, "brand": null, "brand:wikidata": null, "brand:wikipedia": null, "building": null, "building:levels": null, "building:levels:underground": null, "cafe": null, "capacity": null, "check_date": null, "check_date:opening_hours": null, "contact:booking": null, "contact:city": null, "contact:email": null, "contact:facebook": null, "contact:fax": null, "contact:housenumber": null, "contact:instagram": "https://www.instagram.com/villalario/", "contact:linkedin": null, "contact:mobile": null, "contact:phone": null, "contact:postcode": null, "contact:street": null, "contact:tripadvisor": null, "contact:website": null, "contact:whatsapp": null, "cuisine": null, "denomination": null, "description": null, "description:en": null, "description:it": null, "diet:vegan": null, "dog": null, "drinking_water": null, "ele": null, "email": null, "facebook": "https://www.facebook.com/villalario/", "fax": null, "fee": null, "fixme": null, "garden:style": null, "garden:type": null, "guest_house": null, "historic": null, "image": null, "inscription": null, "instagram": null, "internet_access": null, "internet_access:fee": null, "internet_access:ssid": null, "is_in": null, "kerb": null, "landuse": null, "layer": null, "leisure": null, "level": null, "loc_name": null, "mapillary": null, "mobile": null, "museum": null, "museum_type": null, "name": "Villa Lario", "name:de": null, "name:en": null, "name:fr": null, "name:it": null, "note": null, "number_of_apartments": null, "official_name": null, "old_name": null, "opening_hours": null, "operator": null, "operator:type": null, "outdoor_seating": null, "oven": null, "payment:cards": null, "payment:cash": null, "payment:credit_cards": null, "payment:debit_cards": null, "payment:visa": null, "phone": "+390315375064", "post_office": null, "post_office:brand": null, "post_office:brand:wikidata": null, "ref:REA": null, "ref:RIComo": null, "ref:vatin": null, "religion": null, "restaurant": null, "roof:shape": null, "rooms": null, "self_service": null, "short_name": null, "smoking": null, "source": null, "sport": null, "stars": "5", "start_date": null, "surface": null, "survey:date": null, "swimming_pool": null, "toilets": null, "toilets:access": null, "toilets:wheelchair": null, "tourism": "hotel", "twitter": null, "url": null, "website": "https://www.villalario.com/", "website:de": null, "website:it": null, "website:menu": null, "wheelchair": null, "wheelchair:description": null, "wikidata": null, "wikimedia_commons": null, "wikipedia": null, "tipe": "Hotel/Akomodasi", "zona": "Dataran Menengah" }, "geometry": { "type": "Point", "coordinates": [ 9.1574616, 45.8800435 ] } },
{ "type": "Feature", "properties": { "id": "node/8909604677", "@id": "node/8909604677", "access": null, "addr:city": null, "addr:country": null, "addr:hamlet": null, "addr:housename": null, "addr:housenumber": null, "addr:place": null, "addr:postcode": null, "addr:province": null, "addr:street": null, "air_conditioning": null, "alt_name": null, "amenity": null, "barrier": null, "barrier:height": null, "beds": null, "bicycle": null, "blind": null, "branch": null, "brand": null, "brand:wikidata": null, "brand:wikipedia": null, "building": null, "building:levels": null, "building:levels:underground": null, "cafe": null, "capacity": null, "check_date": null, "check_date:opening_hours": null, "contact:booking": null, "contact:city": null, "contact:email": null, "contact:facebook": null, "contact:fax": null, "contact:housenumber": null, "contact:instagram": null, "contact:linkedin": null, "contact:mobile": null, "contact:phone": null, "contact:postcode": null, "contact:street": null, "contact:tripadvisor": null, "contact:website": null, "contact:whatsapp": null, "cuisine": null, "denomination": null, "description": null, "description:en": null, "description:it": null, "diet:vegan": null, "dog": null, "drinking_water": null, "ele": null, "email": null, "facebook": null, "fax": null, "fee": null, "fixme": null, "garden:style": null, "garden:type": null, "guest_house": null, "historic": null, "image": null, "inscription": null, "instagram": null, "internet_access": null, "internet_access:fee": null, "internet_access:ssid": null, "is_in": null, "kerb": null, "landuse": null, "layer": null, "leisure": null, "level": null, "loc_name": null, "mapillary": null, "mobile": null, "museum": null, "museum_type": null, "name": "Lake Como Beach Resort and Villas", "name:de": null, "name:en": null, "name:fr": null, "name:it": null, "note": null, "number_of_apartments": null, "official_name": null, "old_name": null, "opening_hours": null, "operator": null, "operator:type": null, "outdoor_seating": null, "oven": null, "payment:cards": null, "payment:cash": null, "payment:credit_cards": null, "payment:debit_cards": null, "payment:visa": null, "phone": "+393409502334", "post_office": null, "post_office:brand": null, "post_office:brand:wikidata": null, "ref:REA": null, "ref:RIComo": null, "ref:vatin": null, "religion": null, "restaurant": null, "roof:shape": null, "rooms": null, "self_service": null, "short_name": null, "smoking": null, "source": null, "sport": null, "stars": "4", "start_date": null, "surface": null, "survey:date": null, "swimming_pool": null, "toilets": null, "toilets:access": null, "toilets:wheelchair": null, "tourism": "hotel", "twitter": null, "url": null, "website": "http://lakecomobeachresort.com/", "website:de": null, "website:it": null, "website:menu": null, "wheelchair": null, "wheelchair:description": null, "wikidata": null, "wikimedia_commons": null, "wikipedia": null, "tipe": "Hotel/Akomodasi", "zona": "Dataran Menengah" }, "geometry": { "type": "Point", "coordinates": [ 9.156583, 45.8812646 ] } },
{ "type": "Feature", "properties": { "id": "node/8948950868", "@id": "node/8948950868", "access": null, "addr:city": null, "addr:country": null, "addr:hamlet": null, "addr:housename": null, "addr:housenumber": null, "addr:place": null, "addr:postcode": null, "addr:province": null, "addr:street": null, "air_conditioning": null, "alt_name": null, "amenity": null, "barrier": null, "barrier:height": null, "beds": null, "bicycle": null, "blind": null, "branch": null, "brand": null, "brand:wikidata": null, "brand:wikipedia": null, "building": null, "building:levels": null, "building:levels:underground": null, "cafe": null, "capacity": null, "check_date": null, "check_date:opening_hours": null, "contact:booking": null, "contact:city": null, "contact:email": null, "contact:facebook": null, "contact:fax": null, "contact:housenumber": null, "contact:instagram": null, "contact:linkedin": null, "contact:mobile": null, "contact:phone": null, "contact:postcode": null, "contact:street": null, "contact:tripadvisor": null, "contact:website": null, "contact:whatsapp": null, "cuisine": null, "denomination": null, "description": null, "description:en": null, "description:it": null, "diet:vegan": null, "dog": null, "drinking_water": null, "ele": null, "email": null, "facebook": null, "fax": null, "fee": null, "fixme": null, "garden:style": null, "garden:type": null, "guest_house": null, "historic": null, "image": null, "inscription": null, "instagram": null, "internet_access": null, "internet_access:fee": null, "internet_access:ssid": null, "is_in": null, "kerb": null, "landuse": null, "layer": null, "leisure": null, "level": null, "loc_name": null, "mapillary": null, "mobile": null, "museum": null, "museum_type": null, "name": "B&B La Canarina", "name:de": null, "name:en": null, "name:fr": null, "name:it": null, "note": null, "number_of_apartments": null, "official_name": null, "old_name": null, "opening_hours": null, "operator": null, "operator:type": null, "outdoor_seating": null, "oven": null, "payment:cards": null, "payment:cash": null, "payment:credit_cards": null, "payment:debit_cards": null, "payment:visa": null, "phone": null, "post_office": null, "post_office:brand": null, "post_office:brand:wikidata": null, "ref:REA": null, "ref:RIComo": null, "ref:vatin": null, "religion": null, "restaurant": null, "roof:shape": null, "rooms": null, "self_service": null, "short_name": null, "smoking": null, "source": null, "sport": null, "stars": null, "start_date": null, "surface": null, "survey:date": null, "swimming_pool": null, "toilets": null, "toilets:access": null, "toilets:wheelchair": null, "tourism": "guest_house", "twitter": null, "url": null, "website": null, "website:de": null, "website:it": null, "website:menu": null, "wheelchair": null, "wheelchair:description": null, "wikidata": null, "wikimedia_commons": null, "wikipedia": null, "tipe": "Hotel/Akomodasi", "zona": "Dataran Rendah" }, "geometry": { "type": "Point", "coordinates": [ 9.0848422, 45.8146822 ] } },
{ "type": "Feature", "properties": { "id": "node/9015374358", "@id": "node/9015374358", "access": null, "addr:city": null, "addr:country": null, "addr:hamlet": null, "addr:housename": null, "addr:housenumber": "73", "addr:place": null, "addr:postcode": null, "addr:province": null, "addr:street": "Via Vittorio Emanuele Secondo", "air_conditioning": null, "alt_name": null, "amenity": null, "barrier": null, "barrier:height": null, "beds": null, "bicycle": null, "blind": null, "branch": null, "brand": null, "brand:wikidata": null, "brand:wikipedia": null, "building": null, "building:levels": null, "building:levels:underground": null, "cafe": null, "capacity": null, "check_date": null, "check_date:opening_hours": null, "contact:booking": null, "contact:city": null, "contact:email": null, "contact:facebook": null, "contact:fax": null, "contact:housenumber": null, "contact:instagram": null, "contact:linkedin": null, "contact:mobile": null, "contact:phone": null, "contact:postcode": null, "contact:street": null, "contact:tripadvisor": null, "contact:website": null, "contact:whatsapp": null, "cuisine": null, "denomination": null, "description": null, "description:en": null, "description:it": null, "diet:vegan": null, "dog": null, "drinking_water": null, "ele": null, "email": null, "facebook": null, "fax": null, "fee": null, "fixme": null, "garden:style": null, "garden:type": null, "guest_house": null, "historic": null, "image": null, "inscription": null, "instagram": null, "internet_access": null, "internet_access:fee": null, "internet_access:ssid": null, "is_in": null, "kerb": null, "landuse": null, "layer": null, "leisure": null, "level": null, "loc_name": null, "mapillary": null, "mobile": null, "museum": null, "museum_type": null, "name": "73 Boutique Hotel", "name:de": null, "name:en": null, "name:fr": null, "name:it": null, "note": null, "number_of_apartments": null, "official_name": null, "old_name": null, "opening_hours": null, "operator": null, "operator:type": null, "outdoor_seating": null, "oven": null, "payment:cards": null, "payment:cash": null, "payment:credit_cards": null, "payment:debit_cards": null, "payment:visa": null, "phone": "+39 031 035 3760", "post_office": null, "post_office:brand": null, "post_office:brand:wikidata": null, "ref:REA": null, "ref:RIComo": null, "ref:vatin": null, "religion": null, "restaurant": null, "roof:shape": null, "rooms": null, "self_service": null, "short_name": null, "smoking": null, "source": null, "sport": null, "stars": null, "start_date": null, "surface": null, "survey:date": null, "swimming_pool": null, "toilets": null, "toilets:access": null, "toilets:wheelchair": null, "tourism": "hotel", "twitter": null, "url": null, "website": "https://www.73boutiquehotel.com/", "website:de": null, "website:it": null, "website:menu": null, "wheelchair": "yes", "wheelchair:description": null, "wikidata": null, "wikimedia_commons": null, "wikipedia": null, "tipe": "Hotel/Akomodasi", "zona": "Dataran Rendah" }, "geometry": { "type": "Point", "coordinates": [ 9.0844594, 45.8105672 ] } },
{ "type": "Feature", "properties": { "id": "node/9219816569", "@id": "node/9219816569", "access": null, "addr:city": null, "addr:country": null, "addr:hamlet": null, "addr:housename": null, "addr:housenumber": null, "addr:place": null, "addr:postcode": null, "addr:province": null, "addr:street": null, "air_conditioning": null, "alt_name": null, "amenity": null, "barrier": null, "barrier:height": null, "beds": null, "bicycle": null, "blind": null, "branch": null, "brand": null, "brand:wikidata": null, "brand:wikipedia": null, "building": null, "building:levels": null, "building:levels:underground": null, "cafe": null, "capacity": null, "check_date": null, "check_date:opening_hours": null, "contact:booking": null, "contact:city": null, "contact:email": null, "contact:facebook": null, "contact:fax": null, "contact:housenumber": null, "contact:instagram": null, "contact:linkedin": null, "contact:mobile": null, "contact:phone": null, "contact:postcode": null, "contact:street": null, "contact:tripadvisor": null, "contact:website": null, "contact:whatsapp": null, "cuisine": null, "denomination": null, "description": null, "description:en": null, "description:it": null, "diet:vegan": null, "dog": null, "drinking_water": null, "ele": null, "email": null, "facebook": null, "fax": null, "fee": null, "fixme": null, "garden:style": null, "garden:type": null, "guest_house": "agritourism", "historic": null, "image": null, "inscription": null, "instagram": null, "internet_access": null, "internet_access:fee": null, "internet_access:ssid": null, "is_in": null, "kerb": null, "landuse": null, "layer": null, "leisure": null, "level": null, "loc_name": null, "mapillary": null, "mobile": null, "museum": null, "museum_type": null, "name": null, "name:de": null, "name:en": null, "name:fr": null, "name:it": null, "note": null, "number_of_apartments": null, "official_name": null, "old_name": null, "opening_hours": null, "operator": null, "operator:type": null, "outdoor_seating": null, "oven": null, "payment:cards": null, "payment:cash": null, "payment:credit_cards": null, "payment:debit_cards": null, "payment:visa": null, "phone": "+39 3492853460", "post_office": null, "post_office:brand": null, "post_office:brand:wikidata": null, "ref:REA": null, "ref:RIComo": null, "ref:vatin": null, "religion": null, "restaurant": null, "roof:shape": null, "rooms": null, "self_service": null, "short_name": null, "smoking": null, "source": null, "sport": null, "stars": null, "start_date": null, "surface": null, "survey:date": null, "swimming_pool": null, "toilets": null, "toilets:access": null, "toilets:wheelchair": null, "tourism": "guest_house", "twitter": null, "url": null, "website": null, "website:de": null, "website:it": null, "website:menu": null, "wheelchair": null, "wheelchair:description": null, "wikidata": null, "wikimedia_commons": null, "wikipedia": null, "tipe": "Hotel/Akomodasi", "zona": "Dataran Rendah" }, "geometry": { "type": "Point", "coordinates": [ 9.1887009, 45.7776032 ] } },
{ "type": "Feature", "properties": { "id": "node/9363642895", "@id": "node/9363642895", "access": null, "addr:city": "Cernobbio", "addr:country": null, "addr:hamlet": null, "addr:housename": null, "addr:housenumber": "8", "addr:place": null, "addr:postcode": null, "addr:province": null, "addr:street": "Via Notai", "air_conditioning": null, "alt_name": null, "amenity": null, "barrier": null, "barrier:height": null, "beds": null, "bicycle": null, "blind": null, "branch": null, "brand": null, "brand:wikidata": null, "brand:wikipedia": null, "building": null, "building:levels": null, "building:levels:underground": null, "cafe": null, "capacity": null, "check_date": null, "check_date:opening_hours": null, "contact:booking": null, "contact:city": null, "contact:email": null, "contact:facebook": "https://www.facebook.com/motorandobblakecomo/", "contact:fax": null, "contact:housenumber": null, "contact:instagram": null, "contact:linkedin": null, "contact:mobile": null, "contact:phone": null, "contact:postcode": null, "contact:street": null, "contact:tripadvisor": null, "contact:website": null, "contact:whatsapp": null, "cuisine": null, "denomination": null, "description": null, "description:en": null, "description:it": null, "diet:vegan": null, "dog": null, "drinking_water": null, "ele": null, "email": "bbmotorando@libero.it", "facebook": null, "fax": null, "fee": null, "fixme": null, "garden:style": null, "garden:type": null, "guest_house": "bed_and_breakfast", "historic": null, "image": null, "inscription": null, "instagram": null, "internet_access": null, "internet_access:fee": null, "internet_access:ssid": null, "is_in": null, "kerb": null, "landuse": null, "layer": null, "leisure": null, "level": null, "loc_name": null, "mapillary": "335785768105038", "mobile": null, "museum": null, "museum_type": null, "name": "Motorando", "name:de": null, "name:en": null, "name:fr": null, "name:it": null, "note": null, "number_of_apartments": null, "official_name": null, "old_name": null, "opening_hours": null, "operator": null, "operator:type": null, "outdoor_seating": null, "oven": null, "payment:cards": null, "payment:cash": null, "payment:credit_cards": null, "payment:debit_cards": null, "payment:visa": null, "phone": "+39 339 346 0426", "post_office": null, "post_office:brand": null, "post_office:brand:wikidata": null, "ref:REA": null, "ref:RIComo": null, "ref:vatin": null, "religion": null, "restaurant": null, "roof:shape": null, "rooms": null, "self_service": null, "short_name": null, "smoking": null, "source": null, "sport": null, "stars": null, "start_date": null, "surface": null, "survey:date": null, "swimming_pool": null, "toilets": null, "toilets:access": null, "toilets:wheelchair": null, "tourism": "guest_house", "twitter": null, "url": null, "website": null, "website:de": null, "website:it": null, "website:menu": null, "wheelchair": null, "wheelchair:description": null, "wikidata": null, "wikimedia_commons": null, "wikipedia": null, "tipe": "Hotel/Akomodasi", "zona": "Dataran Menengah" }, "geometry": { "type": "Point", "coordinates": [ 9.0809741, 45.8502753 ] } },
{ "type": "Feature", "properties": { "id": "node/9408589134", "@id": "node/9408589134", "access": null, "addr:city": null, "addr:country": null, "addr:hamlet": null, "addr:housename": null, "addr:housenumber": null, "addr:place": null, "addr:postcode": null, "addr:province": null, "addr:street": null, "air_conditioning": null, "alt_name": null, "amenity": null, "barrier": null, "barrier:height": null, "beds": null, "bicycle": null, "blind": null, "branch": null, "brand": null, "brand:wikidata": null, "brand:wikipedia": null, "building": null, "building:levels": null, "building:levels:underground": null, "cafe": null, "capacity": null, "check_date": null, "check_date:opening_hours": null, "contact:booking": null, "contact:city": null, "contact:email": null, "contact:facebook": null, "contact:fax": null, "contact:housenumber": null, "contact:instagram": null, "contact:linkedin": null, "contact:mobile": null, "contact:phone": null, "contact:postcode": null, "contact:street": null, "contact:tripadvisor": null, "contact:website": null, "contact:whatsapp": null, "cuisine": null, "denomination": null, "description": null, "description:en": null, "description:it": null, "diet:vegan": null, "dog": null, "drinking_water": null, "ele": null, "email": null, "facebook": null, "fax": null, "fee": null, "fixme": null, "garden:style": null, "garden:type": null, "guest_house": null, "historic": null, "image": null, "inscription": null, "instagram": null, "internet_access": null, "internet_access:fee": null, "internet_access:ssid": null, "is_in": null, "kerb": null, "landuse": null, "layer": null, "leisure": "park", "level": null, "loc_name": null, "mapillary": null, "mobile": null, "museum": null, "museum_type": null, "name": "Parco di Via Dante", "name:de": null, "name:en": null, "name:fr": null, "name:it": null, "note": null, "number_of_apartments": null, "official_name": null, "old_name": null, "opening_hours": null, "operator": null, "operator:type": null, "outdoor_seating": null, "oven": null, "payment:cards": null, "payment:cash": null, "payment:credit_cards": null, "payment:debit_cards": null, "payment:visa": null, "phone": null, "post_office": null, "post_office:brand": null, "post_office:brand:wikidata": null, "ref:REA": null, "ref:RIComo": null, "ref:vatin": null, "religion": null, "restaurant": null, "roof:shape": null, "rooms": null, "self_service": null, "short_name": null, "smoking": null, "source": null, "sport": null, "stars": null, "start_date": null, "surface": null, "survey:date": null, "swimming_pool": null, "toilets": null, "toilets:access": null, "toilets:wheelchair": null, "tourism": null, "twitter": null, "url": null, "website": null, "website:de": null, "website:it": null, "website:menu": null, "wheelchair": null, "wheelchair:description": null, "wikidata": null, "wikimedia_commons": null, "wikipedia": null, "tipe": "Alam/Taman", "zona": "Dataran Rendah" }, "geometry": { "type": "Point", "coordinates": [ 9.2486334, 45.7813955 ] } },
{ "type": "Feature", "properties": { "id": "node/9456262745", "@id": "node/9456262745", "access": null, "addr:city": null, "addr:country": null, "addr:hamlet": null, "addr:housename": null, "addr:housenumber": null, "addr:place": null, "addr:postcode": null, "addr:province": null, "addr:street": null, "air_conditioning": null, "alt_name": null, "amenity": null, "barrier": null, "barrier:height": null, "beds": null, "bicycle": null, "blind": null, "branch": null, "brand": null, "brand:wikidata": null, "brand:wikipedia": null, "building": null, "building:levels": null, "building:levels:underground": null, "cafe": null, "capacity": null, "check_date": null, "check_date:opening_hours": null, "contact:booking": null, "contact:city": null, "contact:email": null, "contact:facebook": null, "contact:fax": null, "contact:housenumber": null, "contact:instagram": null, "contact:linkedin": null, "contact:mobile": null, "contact:phone": null, "contact:postcode": null, "contact:street": null, "contact:tripadvisor": null, "contact:website": null, "contact:whatsapp": null, "cuisine": null, "denomination": null, "description": null, "description:en": null, "description:it": null, "diet:vegan": null, "dog": null, "drinking_water": null, "ele": null, "email": null, "facebook": null, "fax": null, "fee": null, "fixme": null, "garden:style": null, "garden:type": null, "guest_house": null, "historic": null, "image": null, "inscription": null, "instagram": null, "internet_access": null, "internet_access:fee": null, "internet_access:ssid": null, "is_in": null, "kerb": null, "landuse": null, "layer": null, "leisure": null, "level": null, "loc_name": null, "mapillary": "310131470952987", "mobile": null, "museum": null, "museum_type": null, "name": "Museo Etnografico di Casasco Intelvi", "name:de": null, "name:en": null, "name:fr": null, "name:it": null, "note": null, "number_of_apartments": null, "official_name": null, "old_name": null, "opening_hours": null, "operator": null, "operator:type": null, "outdoor_seating": null, "oven": null, "payment:cards": null, "payment:cash": null, "payment:credit_cards": null, "payment:debit_cards": null, "payment:visa": null, "phone": null, "post_office": null, "post_office:brand": null, "post_office:brand:wikidata": null, "ref:REA": null, "ref:RIComo": null, "ref:vatin": null, "religion": null, "restaurant": null, "roof:shape": null, "rooms": null, "self_service": null, "short_name": null, "smoking": null, "source": null, "sport": null, "stars": null, "start_date": null, "surface": null, "survey:date": null, "swimming_pool": null, "toilets": null, "toilets:access": null, "toilets:wheelchair": null, "tourism": "museum", "twitter": null, "url": null, "website": null, "website:de": null, "website:it": null, "website:menu": null, "wheelchair": null, "wheelchair:description": null, "wikidata": null, "wikimedia_commons": null, "wikipedia": null, "tipe": "Museum", "zona": "Dataran Menengah" }, "geometry": { "type": "Point", "coordinates": [ 9.0747312, 45.9428793 ] } },
{ "type": "Feature", "properties": { "id": "node/9729023513", "@id": "node/9729023513", "access": null, "addr:city": "Como", "addr:country": null, "addr:hamlet": null, "addr:housename": null, "addr:housenumber": "1", "addr:place": null, "addr:postcode": "22100", "addr:province": null, "addr:street": "Viale Fratelli Rosselli", "air_conditioning": "yes", "alt_name": null, "amenity": null, "barrier": null, "barrier:height": null, "beds": null, "bicycle": null, "blind": null, "branch": null, "brand": null, "brand:wikidata": null, "brand:wikipedia": null, "building": null, "building:levels": null, "building:levels:underground": null, "cafe": null, "capacity": null, "check_date": null, "check_date:opening_hours": null, "contact:booking": null, "contact:city": null, "contact:email": null, "contact:facebook": null, "contact:fax": null, "contact:housenumber": null, "contact:instagram": null, "contact:linkedin": null, "contact:mobile": null, "contact:phone": null, "contact:postcode": null, "contact:street": null, "contact:tripadvisor": null, "contact:website": null, "contact:whatsapp": null, "cuisine": null, "denomination": null, "description": null, "description:en": null, "description:it": null, "diet:vegan": null, "dog": null, "drinking_water": null, "ele": null, "email": "reservation@laperlabysedar.com", "facebook": null, "fax": null, "fee": null, "fixme": null, "garden:style": null, "garden:type": null, "guest_house": null, "historic": null, "image": null, "inscription": null, "instagram": null, "internet_access": "wlan", "internet_access:fee": "customers", "internet_access:ssid": "LaPerla", "is_in": null, "kerb": null, "landuse": null, "layer": null, "leisure": null, "level": null, "loc_name": null, "mapillary": null, "mobile": null, "museum": null, "museum_type": null, "name": "La Perla", "name:de": null, "name:en": null, "name:fr": null, "name:it": null, "note": null, "number_of_apartments": "12", "official_name": null, "old_name": null, "opening_hours": "Mo-Su 11:00-17:00", "operator": "La Perla By Sedar SRL", "operator:type": null, "outdoor_seating": null, "oven": null, "payment:cards": null, "payment:cash": null, "payment:credit_cards": null, "payment:debit_cards": null, "payment:visa": null, "phone": "+39 333 219 9524", "post_office": null, "post_office:brand": null, "post_office:brand:wikidata": null, "ref:REA": null, "ref:RIComo": null, "ref:vatin": null, "religion": null, "restaurant": null, "roof:shape": null, "rooms": null, "self_service": null, "short_name": null, "smoking": null, "source": null, "sport": null, "stars": null, "start_date": null, "surface": null, "survey:date": null, "swimming_pool": null, "toilets": null, "toilets:access": null, "toilets:wheelchair": null, "tourism": "apartment", "twitter": null, "url": null, "website": "https://laperlabysedar.com/", "website:de": null, "website:it": null, "website:menu": null, "wheelchair": null, "wheelchair:description": null, "wikidata": null, "wikimedia_commons": null, "wikipedia": null, "tipe": "Hotel/Akomodasi", "zona": "Dataran Rendah" }, "geometry": { "type": "Point", "coordinates": [ 9.0756932, 45.8126512 ] } },
{ "type": "Feature", "properties": { "id": "node/9773152926", "@id": "node/9773152926", "access": null, "addr:city": null, "addr:country": null, "addr:hamlet": null, "addr:housename": null, "addr:housenumber": null, "addr:place": null, "addr:postcode": null, "addr:province": null, "addr:street": null, "air_conditioning": null, "alt_name": null, "amenity": null, "barrier": null, "barrier:height": null, "beds": null, "bicycle": null, "blind": null, "branch": null, "brand": null, "brand:wikidata": null, "brand:wikipedia": null, "building": null, "building:levels": null, "building:levels:underground": null, "cafe": null, "capacity": null, "check_date": null, "check_date:opening_hours": null, "contact:booking": null, "contact:city": null, "contact:email": null, "contact:facebook": null, "contact:fax": null, "contact:housenumber": null, "contact:instagram": null, "contact:linkedin": null, "contact:mobile": null, "contact:phone": null, "contact:postcode": null, "contact:street": null, "contact:tripadvisor": null, "contact:website": null, "contact:whatsapp": null, "cuisine": null, "denomination": null, "description": null, "description:en": null, "description:it": null, "diet:vegan": null, "dog": null, "drinking_water": null, "ele": null, "email": null, "facebook": null, "fax": null, "fee": null, "fixme": null, "garden:style": null, "garden:type": null, "guest_house": null, "historic": null, "image": null, "inscription": null, "instagram": null, "internet_access": null, "internet_access:fee": null, "internet_access:ssid": null, "is_in": null, "kerb": null, "landuse": null, "layer": null, "leisure": null, "level": null, "loc_name": null, "mapillary": null, "mobile": null, "museum": null, "museum_type": null, "name": "Hotel Bersagliere", "name:de": null, "name:en": null, "name:fr": null, "name:it": null, "note": null, "number_of_apartments": null, "official_name": null, "old_name": null, "opening_hours": null, "operator": null, "operator:type": null, "outdoor_seating": null, "oven": null, "payment:cards": null, "payment:cash": null, "payment:credit_cards": null, "payment:debit_cards": null, "payment:visa": null, "phone": null, "post_office": null, "post_office:brand": null, "post_office:brand:wikidata": null, "ref:REA": null, "ref:RIComo": null, "ref:vatin": null, "religion": null, "restaurant": null, "roof:shape": null, "rooms": null, "self_service": null, "short_name": null, "smoking": null, "source": null, "sport": null, "stars": null, "start_date": null, "surface": null, "survey:date": null, "swimming_pool": null, "toilets": null, "toilets:access": null, "toilets:wheelchair": null, "tourism": "hotel", "twitter": null, "url": null, "website": null, "website:de": null, "website:it": null, "website:menu": null, "wheelchair": null, "wheelchair:description": null, "wikidata": null, "wikimedia_commons": null, "wikipedia": null, "tipe": "Hotel/Akomodasi", "zona": "Dataran Menengah" }, "geometry": { "type": "Point", "coordinates": [ 9.1402187, 45.8851 ] } },
{ "type": "Feature", "properties": { "id": "node/9790579348", "@id": "node/9790579348", "access": null, "addr:city": null, "addr:country": null, "addr:hamlet": null, "addr:housename": null, "addr:housenumber": null, "addr:place": null, "addr:postcode": null, "addr:province": null, "addr:street": null, "air_conditioning": null, "alt_name": null, "amenity": null, "barrier": null, "barrier:height": null, "beds": null, "bicycle": null, "blind": null, "branch": null, "brand": null, "brand:wikidata": null, "brand:wikipedia": null, "building": null, "building:levels": null, "building:levels:underground": null, "cafe": null, "capacity": null, "check_date": null, "check_date:opening_hours": null, "contact:booking": null, "contact:city": null, "contact:email": null, "contact:facebook": null, "contact:fax": null, "contact:housenumber": null, "contact:instagram": null, "contact:linkedin": null, "contact:mobile": null, "contact:phone": null, "contact:postcode": null, "contact:street": null, "contact:tripadvisor": null, "contact:website": null, "contact:whatsapp": null, "cuisine": null, "denomination": null, "description": null, "description:en": null, "description:it": null, "diet:vegan": null, "dog": null, "drinking_water": null, "ele": null, "email": null, "facebook": null, "fax": null, "fee": null, "fixme": null, "garden:style": null, "garden:type": null, "guest_house": "bed_and_breakfast", "historic": null, "image": null, "inscription": null, "instagram": null, "internet_access": null, "internet_access:fee": null, "internet_access:ssid": null, "is_in": null, "kerb": null, "landuse": null, "layer": null, "leisure": null, "level": null, "loc_name": null, "mapillary": "275888587546596", "mobile": null, "museum": null, "museum_type": null, "name": "B&B Le Ortensie", "name:de": null, "name:en": null, "name:fr": null, "name:it": null, "note": null, "number_of_apartments": null, "official_name": null, "old_name": null, "opening_hours": null, "operator": null, "operator:type": null, "outdoor_seating": null, "oven": null, "payment:cards": null, "payment:cash": null, "payment:credit_cards": null, "payment:debit_cards": null, "payment:visa": null, "phone": null, "post_office": null, "post_office:brand": null, "post_office:brand:wikidata": null, "ref:REA": null, "ref:RIComo": null, "ref:vatin": null, "religion": null, "restaurant": null, "roof:shape": null, "rooms": null, "self_service": null, "short_name": null, "smoking": null, "source": null, "sport": null, "stars": null, "start_date": null, "surface": null, "survey:date": null, "swimming_pool": null, "toilets": null, "toilets:access": null, "toilets:wheelchair": null, "tourism": "guest_house", "twitter": null, "url": null, "website": null, "website:de": null, "website:it": null, "website:menu": null, "wheelchair": null, "wheelchair:description": null, "wikidata": null, "wikimedia_commons": null, "wikipedia": null, "tipe": "Hotel/Akomodasi", "zona": "Dataran Menengah" }, "geometry": { "type": "Point", "coordinates": [ 9.1485885, 45.8576413 ] } },
{ "type": "Feature", "properties": { "id": "node/9797455578", "@id": "node/9797455578", "access": null, "addr:city": "Faggeto Lario", "addr:country": null, "addr:hamlet": "Palanzo", "addr:housename": null, "addr:housenumber": "16", "addr:place": null, "addr:postcode": null, "addr:province": null, "addr:street": "Via Pisciola", "air_conditioning": null, "alt_name": null, "amenity": null, "barrier": null, "barrier:height": null, "beds": null, "bicycle": null, "blind": null, "branch": null, "brand": null, "brand:wikidata": null, "brand:wikipedia": null, "building": null, "building:levels": null, "building:levels:underground": null, "cafe": null, "capacity": null, "check_date": "2024-10-14", "check_date:opening_hours": null, "contact:booking": null, "contact:city": null, "contact:email": null, "contact:facebook": null, "contact:fax": null, "contact:housenumber": null, "contact:instagram": null, "contact:linkedin": null, "contact:mobile": null, "contact:phone": null, "contact:postcode": null, "contact:street": null, "contact:tripadvisor": null, "contact:website": null, "contact:whatsapp": null, "cuisine": null, "denomination": null, "description": null, "description:en": null, "description:it": null, "diet:vegan": null, "dog": null, "drinking_water": null, "ele": null, "email": null, "facebook": null, "fax": null, "fee": null, "fixme": null, "garden:style": null, "garden:type": null, "guest_house": "bed_and_breakfast", "historic": null, "image": null, "inscription": null, "instagram": null, "internet_access": null, "internet_access:fee": null, "internet_access:ssid": null, "is_in": null, "kerb": null, "landuse": null, "layer": null, "leisure": null, "level": null, "loc_name": null, "mapillary": null, "mobile": null, "museum": null, "museum_type": null, "name": "Aquarelle", "name:de": null, "name:en": null, "name:fr": null, "name:it": null, "note": null, "number_of_apartments": null, "official_name": null, "old_name": null, "opening_hours": null, "operator": null, "operator:type": null, "outdoor_seating": null, "oven": null, "payment:cards": null, "payment:cash": null, "payment:credit_cards": null, "payment:debit_cards": null, "payment:visa": null, "phone": null, "post_office": null, "post_office:brand": null, "post_office:brand:wikidata": null, "ref:REA": null, "ref:RIComo": null, "ref:vatin": null, "religion": null, "restaurant": null, "roof:shape": null, "rooms": null, "self_service": null, "short_name": null, "smoking": null, "source": null, "sport": null, "stars": null, "start_date": null, "surface": null, "survey:date": null, "swimming_pool": null, "toilets": null, "toilets:access": null, "toilets:wheelchair": null, "tourism": "guest_house", "twitter": null, "url": null, "website": null, "website:de": null, "website:it": null, "website:menu": null, "wheelchair": null, "wheelchair:description": null, "wikidata": null, "wikimedia_commons": null, "wikipedia": null, "tipe": "Hotel/Akomodasi", "zona": "Dataran Menengah" }, "geometry": { "type": "Point", "coordinates": [ 9.1626889, 45.8654756 ] } },
{ "type": "Feature", "properties": { "id": "node/9856463227", "@id": "node/9856463227", "access": null, "addr:city": null, "addr:country": null, "addr:hamlet": null, "addr:housename": null, "addr:housenumber": null, "addr:place": null, "addr:postcode": null, "addr:province": null, "addr:street": "Piazza Ventiquattro Maggio", "air_conditioning": null, "alt_name": null, "amenity": null, "barrier": null, "barrier:height": null, "beds": null, "bicycle": null, "blind": null, "branch": null, "brand": null, "brand:wikidata": null, "brand:wikipedia": null, "building": null, "building:levels": null, "building:levels:underground": null, "cafe": null, "capacity": null, "check_date": null, "check_date:opening_hours": null, "contact:booking": null, "contact:city": null, "contact:email": null, "contact:facebook": null, "contact:fax": null, "contact:housenumber": null, "contact:instagram": null, "contact:linkedin": null, "contact:mobile": null, "contact:phone": null, "contact:postcode": null, "contact:street": null, "contact:tripadvisor": null, "contact:website": null, "contact:whatsapp": null, "cuisine": null, "denomination": null, "description": null, "description:en": null, "description:it": null, "diet:vegan": null, "dog": null, "drinking_water": null, "ele": null, "email": null, "facebook": null, "fax": null, "fee": null, "fixme": null, "garden:style": null, "garden:type": null, "guest_house": null, "historic": null, "image": null, "inscription": null, "instagram": null, "internet_access": null, "internet_access:fee": null, "internet_access:ssid": null, "is_in": null, "kerb": null, "landuse": null, "layer": null, "leisure": null, "level": null, "loc_name": null, "mapillary": null, "mobile": null, "museum": null, "museum_type": null, "name": "Hotel Dogana", "name:de": null, "name:en": null, "name:fr": null, "name:it": null, "note": null, "number_of_apartments": null, "official_name": null, "old_name": null, "opening_hours": null, "operator": null, "operator:type": null, "outdoor_seating": null, "oven": null, "payment:cards": null, "payment:cash": null, "payment:credit_cards": null, "payment:debit_cards": null, "payment:visa": null, "phone": null, "post_office": null, "post_office:brand": null, "post_office:brand:wikidata": null, "ref:REA": null, "ref:RIComo": null, "ref:vatin": null, "religion": null, "restaurant": null, "roof:shape": null, "rooms": null, "self_service": null, "short_name": null, "smoking": null, "source": null, "sport": null, "stars": "1", "start_date": null, "surface": null, "survey:date": null, "swimming_pool": null, "toilets": null, "toilets:access": null, "toilets:wheelchair": null, "tourism": "hotel", "twitter": null, "url": null, "website": null, "website:de": null, "website:it": null, "website:menu": null, "wheelchair": null, "wheelchair:description": null, "wikidata": null, "wikimedia_commons": null, "wikipedia": null, "tipe": "Hotel/Akomodasi", "zona": "Dataran Rendah" }, "geometry": { "type": "Point", "coordinates": [ 9.0359164, 45.8318701 ] } },
{ "type": "Feature", "properties": { "id": "node/9876427985", "@id": "node/9876427985", "access": null, "addr:city": "Como", "addr:country": null, "addr:hamlet": null, "addr:housename": null, "addr:housenumber": "89", "addr:place": null, "addr:postcode": "22100", "addr:province": null, "addr:street": "Via Borgo Vico", "air_conditioning": null, "alt_name": null, "amenity": null, "barrier": null, "barrier:height": null, "beds": null, "bicycle": null, "blind": null, "branch": null, "brand": null, "brand:wikidata": null, "brand:wikipedia": null, "building": null, "building:levels": null, "building:levels:underground": null, "cafe": null, "capacity": null, "check_date": null, "check_date:opening_hours": null, "contact:booking": null, "contact:city": null, "contact:email": null, "contact:facebook": null, "contact:fax": null, "contact:housenumber": null, "contact:instagram": null, "contact:linkedin": null, "contact:mobile": null, "contact:phone": null, "contact:postcode": null, "contact:street": null, "contact:tripadvisor": null, "contact:website": "https://www.hotelborgovico.it/", "contact:whatsapp": null, "cuisine": null, "denomination": null, "description": null, "description:en": null, "description:it": null, "diet:vegan": null, "dog": null, "drinking_water": null, "ele": null, "email": null, "facebook": null, "fax": null, "fee": null, "fixme": null, "garden:style": null, "garden:type": null, "guest_house": null, "historic": null, "image": null, "inscription": null, "instagram": null, "internet_access": "wlan", "internet_access:fee": null, "internet_access:ssid": null, "is_in": null, "kerb": null, "landuse": null, "layer": null, "leisure": null, "level": null, "loc_name": null, "mapillary": null, "mobile": null, "museum": null, "museum_type": null, "name": "Hotel Borgovico", "name:de": null, "name:en": null, "name:fr": null, "name:it": null, "note": null, "number_of_apartments": null, "official_name": null, "old_name": null, "opening_hours": null, "operator": null, "operator:type": null, "outdoor_seating": null, "oven": null, "payment:cards": null, "payment:cash": null, "payment:credit_cards": null, "payment:debit_cards": null, "payment:visa": null, "phone": null, "post_office": null, "post_office:brand": null, "post_office:brand:wikidata": null, "ref:REA": null, "ref:RIComo": null, "ref:vatin": null, "religion": null, "restaurant": null, "roof:shape": null, "rooms": "11", "self_service": null, "short_name": null, "smoking": null, "source": null, "sport": null, "stars": null, "start_date": null, "surface": null, "survey:date": null, "swimming_pool": null, "toilets": null, "toilets:access": null, "toilets:wheelchair": null, "tourism": "hotel", "twitter": null, "url": null, "website": null, "website:de": null, "website:it": null, "website:menu": null, "wheelchair": "limited", "wheelchair:description": null, "wikidata": null, "wikimedia_commons": null, "wikipedia": null, "tipe": "Hotel/Akomodasi", "zona": "Dataran Rendah" }, "geometry": { "type": "Point", "coordinates": [ 9.0707976, 45.8113273 ] } },
{ "type": "Feature", "properties": { "id": "node/9939898358", "@id": "node/9939898358", "access": null, "addr:city": "Como", "addr:country": null, "addr:hamlet": null, "addr:housename": null, "addr:housenumber": "15", "addr:place": null, "addr:postcode": "22079", "addr:province": null, "addr:street": "Via Firenze", "air_conditioning": null, "alt_name": null, "amenity": null, "barrier": null, "barrier:height": null, "beds": null, "bicycle": null, "blind": null, "branch": null, "brand": null, "brand:wikidata": null, "brand:wikipedia": null, "building": null, "building:levels": null, "building:levels:underground": null, "cafe": null, "capacity": null, "check_date": null, "check_date:opening_hours": null, "contact:booking": null, "contact:city": null, "contact:email": null, "contact:facebook": null, "contact:fax": null, "contact:housenumber": null, "contact:instagram": null, "contact:linkedin": null, "contact:mobile": null, "contact:phone": null, "contact:postcode": null, "contact:street": null, "contact:tripadvisor": null, "contact:website": null, "contact:whatsapp": null, "cuisine": null, "denomination": null, "description": "Dandelion Como Suites & Park is a historic courtyard transformed into a boutique hotel.", "description:en": null, "description:it": null, "diet:vegan": null, "dog": null, "drinking_water": null, "ele": null, "email": null, "facebook": null, "fax": null, "fee": null, "fixme": null, "garden:style": null, "garden:type": null, "guest_house": null, "historic": null, "image": null, "inscription": null, "instagram": null, "internet_access": null, "internet_access:fee": null, "internet_access:ssid": null, "is_in": null, "kerb": null, "landuse": null, "layer": null, "leisure": null, "level": null, "loc_name": null, "mapillary": null, "mobile": null, "museum": null, "museum_type": null, "name": "Dandelion Como Suites & Park", "name:de": null, "name:en": null, "name:fr": null, "name:it": null, "note": null, "number_of_apartments": null, "official_name": null, "old_name": null, "opening_hours": null, "operator": "Fiori Bianchi SRL", "operator:type": null, "outdoor_seating": null, "oven": null, "payment:cards": null, "payment:cash": null, "payment:credit_cards": null, "payment:debit_cards": null, "payment:visa": null, "phone": "+39 3356360163", "post_office": null, "post_office:brand": null, "post_office:brand:wikidata": null, "ref:REA": null, "ref:RIComo": null, "ref:vatin": null, "religion": null, "restaurant": null, "roof:shape": null, "rooms": null, "self_service": null, "short_name": null, "smoking": null, "source": null, "sport": null, "stars": null, "start_date": null, "surface": null, "survey:date": null, "swimming_pool": null, "toilets": null, "toilets:access": null, "toilets:wheelchair": null, "tourism": "hotel", "twitter": null, "url": null, "website": "https://dandelioncomo.it", "website:de": null, "website:it": null, "website:menu": null, "wheelchair": null, "wheelchair:description": null, "wikidata": null, "wikimedia_commons": null, "wikipedia": null, "tipe": "Hotel/Akomodasi", "zona": "Dataran Rendah" }, "geometry": { "type": "Point", "coordinates": [ 9.0355476, 45.7719652 ] } },
{ "type": "Feature", "properties": { "id": "node/10026742628", "@id": "node/10026742628", "access": null, "addr:city": null, "addr:country": null, "addr:hamlet": null, "addr:housename": null, "addr:housenumber": null, "addr:place": null, "addr:postcode": null, "addr:province": null, "addr:street": null, "air_conditioning": null, "alt_name": null, "amenity": null, "barrier": null, "barrier:height": null, "beds": null, "bicycle": null, "blind": null, "branch": null, "brand": null, "brand:wikidata": null, "brand:wikipedia": null, "building": null, "building:levels": null, "building:levels:underground": null, "cafe": null, "capacity": null, "check_date": null, "check_date:opening_hours": null, "contact:booking": null, "contact:city": null, "contact:email": null, "contact:facebook": null, "contact:fax": null, "contact:housenumber": null, "contact:instagram": null, "contact:linkedin": null, "contact:mobile": null, "contact:phone": null, "contact:postcode": null, "contact:street": null, "contact:tripadvisor": null, "contact:website": null, "contact:whatsapp": null, "cuisine": null, "denomination": null, "description": null, "description:en": null, "description:it": null, "diet:vegan": null, "dog": null, "drinking_water": null, "ele": null, "email": null, "facebook": null, "fax": null, "fee": null, "fixme": null, "garden:style": null, "garden:type": null, "guest_house": null, "historic": null, "image": null, "inscription": null, "instagram": null, "internet_access": null, "internet_access:fee": null, "internet_access:ssid": null, "is_in": null, "kerb": null, "landuse": null, "layer": null, "leisure": null, "level": null, "loc_name": null, "mapillary": null, "mobile": null, "museum": null, "museum_type": null, "name": "La Casa Sul Bosco", "name:de": null, "name:en": null, "name:fr": null, "name:it": null, "note": null, "number_of_apartments": null, "official_name": null, "old_name": null, "opening_hours": null, "operator": null, "operator:type": null, "outdoor_seating": null, "oven": null, "payment:cards": null, "payment:cash": null, "payment:credit_cards": null, "payment:debit_cards": null, "payment:visa": null, "phone": null, "post_office": null, "post_office:brand": null, "post_office:brand:wikidata": null, "ref:REA": null, "ref:RIComo": null, "ref:vatin": null, "religion": null, "restaurant": null, "roof:shape": null, "rooms": null, "self_service": null, "short_name": null, "smoking": null, "source": null, "sport": null, "stars": null, "start_date": null, "surface": null, "survey:date": null, "swimming_pool": null, "toilets": null, "toilets:access": null, "toilets:wheelchair": null, "tourism": "apartment", "twitter": null, "url": null, "website": null, "website:de": null, "website:it": null, "website:menu": null, "wheelchair": null, "wheelchair:description": null, "wikidata": null, "wikimedia_commons": null, "wikipedia": null, "tipe": "Hotel/Akomodasi", "zona": "Dataran Rendah" }, "geometry": { "type": "Point", "coordinates": [ 9.0886976, 45.7969837 ] } },
{ "type": "Feature", "properties": { "id": "node/10032077854", "@id": "node/10032077854", "access": null, "addr:city": null, "addr:country": null, "addr:hamlet": null, "addr:housename": null, "addr:housenumber": null, "addr:place": null, "addr:postcode": null, "addr:province": null, "addr:street": null, "air_conditioning": null, "alt_name": null, "amenity": null, "barrier": null, "barrier:height": null, "beds": null, "bicycle": null, "blind": null, "branch": null, "brand": null, "brand:wikidata": null, "brand:wikipedia": null, "building": null, "building:levels": null, "building:levels:underground": null, "cafe": null, "capacity": null, "check_date": null, "check_date:opening_hours": null, "contact:booking": null, "contact:city": null, "contact:email": null, "contact:facebook": null, "contact:fax": null, "contact:housenumber": null, "contact:instagram": null, "contact:linkedin": null, "contact:mobile": null, "contact:phone": null, "contact:postcode": null, "contact:street": null, "contact:tripadvisor": null, "contact:website": null, "contact:whatsapp": null, "cuisine": null, "denomination": null, "description": null, "description:en": null, "description:it": null, "diet:vegan": null, "dog": null, "drinking_water": null, "ele": null, "email": null, "facebook": null, "fax": null, "fee": null, "fixme": null, "garden:style": null, "garden:type": null, "guest_house": null, "historic": null, "image": null, "inscription": null, "instagram": null, "internet_access": null, "internet_access:fee": null, "internet_access:ssid": null, "is_in": null, "kerb": null, "landuse": null, "layer": null, "leisure": null, "level": null, "loc_name": null, "mapillary": null, "mobile": null, "museum": null, "museum_type": null, "name": "Hotel Posta", "name:de": null, "name:en": null, "name:fr": null, "name:it": null, "note": null, "number_of_apartments": null, "official_name": null, "old_name": null, "opening_hours": null, "operator": null, "operator:type": null, "outdoor_seating": null, "oven": null, "payment:cards": null, "payment:cash": null, "payment:credit_cards": null, "payment:debit_cards": null, "payment:visa": null, "phone": null, "post_office": null, "post_office:brand": null, "post_office:brand:wikidata": null, "ref:REA": null, "ref:RIComo": null, "ref:vatin": null, "religion": null, "restaurant": null, "roof:shape": null, "rooms": null, "self_service": null, "short_name": null, "smoking": null, "source": null, "sport": null, "stars": null, "start_date": null, "surface": null, "survey:date": null, "swimming_pool": null, "toilets": null, "toilets:access": null, "toilets:wheelchair": null, "tourism": "hotel", "twitter": null, "url": null, "website": null, "website:de": null, "website:it": null, "website:menu": null, "wheelchair": null, "wheelchair:description": null, "wikidata": null, "wikimedia_commons": null, "wikipedia": null, "tipe": "Hotel/Akomodasi", "zona": "Dataran Menengah" }, "geometry": { "type": "Point", "coordinates": [ 9.101682, 45.8604339 ] } },
{ "type": "Feature", "properties": { "id": "node/10056679917", "@id": "node/10056679917", "access": null, "addr:city": "Como", "addr:country": null, "addr:hamlet": null, "addr:housename": null, "addr:housenumber": "22", "addr:place": null, "addr:postcode": "22100", "addr:province": null, "addr:street": "Viale Fratelli Rosselli", "air_conditioning": null, "alt_name": null, "amenity": null, "barrier": null, "barrier:height": null, "beds": null, "bicycle": null, "blind": null, "branch": null, "brand": null, "brand:wikidata": null, "brand:wikipedia": null, "building": null, "building:levels": null, "building:levels:underground": null, "cafe": null, "capacity": null, "check_date": null, "check_date:opening_hours": null, "contact:booking": null, "contact:city": null, "contact:email": "info@hotelengadina.com", "contact:facebook": null, "contact:fax": "+39 031 576487", "contact:housenumber": null, "contact:instagram": null, "contact:linkedin": null, "contact:mobile": null, "contact:phone": "+39 031 570008", "contact:postcode": null, "contact:street": null, "contact:tripadvisor": null, "contact:website": "http://hotelengadina.com", "contact:whatsapp": null, "cuisine": null, "denomination": null, "description": null, "description:en": null, "description:it": null, "diet:vegan": null, "dog": null, "drinking_water": null, "ele": null, "email": null, "facebook": null, "fax": null, "fee": null, "fixme": null, "garden:style": null, "garden:type": null, "guest_house": null, "historic": null, "image": null, "inscription": null, "instagram": null, "internet_access": null, "internet_access:fee": null, "internet_access:ssid": null, "is_in": null, "kerb": null, "landuse": null, "layer": null, "leisure": null, "level": null, "loc_name": null, "mapillary": null, "mobile": null, "museum": null, "museum_type": null, "name": "Hotel Engadina", "name:de": null, "name:en": null, "name:fr": null, "name:it": null, "note": null, "number_of_apartments": null, "official_name": null, "old_name": null, "opening_hours": null, "operator": null, "operator:type": null, "outdoor_seating": null, "oven": null, "payment:cards": null, "payment:cash": null, "payment:credit_cards": null, "payment:debit_cards": null, "payment:visa": null, "phone": null, "post_office": null, "post_office:brand": null, "post_office:brand:wikidata": null, "ref:REA": null, "ref:RIComo": null, "ref:vatin": "IT02537290138", "religion": null, "restaurant": null, "roof:shape": null, "rooms": null, "self_service": null, "short_name": null, "smoking": null, "source": null, "sport": null, "stars": null, "start_date": null, "surface": null, "survey:date": null, "swimming_pool": null, "toilets": null, "toilets:access": null, "toilets:wheelchair": null, "tourism": "hotel", "twitter": null, "url": null, "website": null, "website:de": null, "website:it": null, "website:menu": null, "wheelchair": null, "wheelchair:description": null, "wikidata": null, "wikimedia_commons": null, "wikipedia": null, "tipe": "Hotel/Akomodasi", "zona": "Dataran Rendah" }, "geometry": { "type": "Point", "coordinates": [ 9.0711032, 45.8126383 ] } },
{ "type": "Feature", "properties": { "id": "node/10178197263", "@id": "node/10178197263", "access": null, "addr:city": "Casnate con Bernate", "addr:country": null, "addr:hamlet": null, "addr:housename": null, "addr:housenumber": "30", "addr:place": null, "addr:postcode": "22070", "addr:province": null, "addr:street": "Via Caio Plinio", "air_conditioning": null, "alt_name": null, "amenity": null, "barrier": null, "barrier:height": null, "beds": null, "bicycle": null, "blind": null, "branch": null, "brand": null, "brand:wikidata": null, "brand:wikipedia": null, "building": null, "building:levels": null, "building:levels:underground": null, "cafe": null, "capacity": null, "check_date": null, "check_date:opening_hours": null, "contact:booking": null, "contact:city": null, "contact:email": "info@alciliegio.com", "contact:facebook": null, "contact:fax": null, "contact:housenumber": null, "contact:instagram": null, "contact:linkedin": null, "contact:mobile": null, "contact:phone": "+39 347 2591350", "contact:postcode": null, "contact:street": null, "contact:tripadvisor": null, "contact:website": "http://www.alciliegio.com", "contact:whatsapp": null, "cuisine": null, "denomination": null, "description": null, "description:en": null, "description:it": null, "diet:vegan": null, "dog": null, "drinking_water": null, "ele": null, "email": null, "facebook": null, "fax": null, "fee": null, "fixme": null, "garden:style": null, "garden:type": null, "guest_house": "bed_and_breakfast", "historic": null, "image": null, "inscription": null, "instagram": null, "internet_access": null, "internet_access:fee": null, "internet_access:ssid": null, "is_in": null, "kerb": null, "landuse": null, "layer": null, "leisure": null, "level": null, "loc_name": null, "mapillary": null, "mobile": null, "museum": null, "museum_type": null, "name": "Al Ciliegio", "name:de": null, "name:en": null, "name:fr": null, "name:it": null, "note": null, "number_of_apartments": null, "official_name": null, "old_name": null, "opening_hours": null, "operator": null, "operator:type": null, "outdoor_seating": null, "oven": null, "payment:cards": null, "payment:cash": null, "payment:credit_cards": null, "payment:debit_cards": null, "payment:visa": null, "phone": null, "post_office": null, "post_office:brand": null, "post_office:brand:wikidata": null, "ref:REA": null, "ref:RIComo": null, "ref:vatin": null, "religion": null, "restaurant": null, "roof:shape": null, "rooms": null, "self_service": null, "short_name": null, "smoking": null, "source": null, "sport": null, "stars": null, "start_date": null, "surface": null, "survey:date": null, "swimming_pool": null, "toilets": null, "toilets:access": null, "toilets:wheelchair": null, "tourism": "guest_house", "twitter": null, "url": null, "website": null, "website:de": null, "website:it": null, "website:menu": null, "wheelchair": null, "wheelchair:description": null, "wikidata": null, "wikimedia_commons": null, "wikipedia": null, "tipe": "Hotel/Akomodasi", "zona": "Dataran Rendah" }, "geometry": { "type": "Point", "coordinates": [ 9.0655458, 45.7509168 ] } },
{ "type": "Feature", "properties": { "id": "node/10239202322", "@id": "node/10239202322", "access": null, "addr:city": null, "addr:country": null, "addr:hamlet": null, "addr:housename": null, "addr:housenumber": null, "addr:place": null, "addr:postcode": null, "addr:province": null, "addr:street": null, "air_conditioning": null, "alt_name": null, "amenity": null, "barrier": null, "barrier:height": null, "beds": null, "bicycle": null, "blind": null, "branch": null, "brand": null, "brand:wikidata": null, "brand:wikipedia": null, "building": null, "building:levels": null, "building:levels:underground": null, "cafe": null, "capacity": null, "check_date": null, "check_date:opening_hours": null, "contact:booking": null, "contact:city": null, "contact:email": null, "contact:facebook": null, "contact:fax": null, "contact:housenumber": null, "contact:instagram": null, "contact:linkedin": null, "contact:mobile": null, "contact:phone": null, "contact:postcode": null, "contact:street": null, "contact:tripadvisor": null, "contact:website": null, "contact:whatsapp": null, "cuisine": null, "denomination": null, "description": null, "description:en": null, "description:it": null, "diet:vegan": null, "dog": null, "drinking_water": null, "ele": null, "email": null, "facebook": null, "fax": null, "fee": null, "fixme": null, "garden:style": null, "garden:type": null, "guest_house": null, "historic": null, "image": null, "inscription": null, "instagram": null, "internet_access": null, "internet_access:fee": null, "internet_access:ssid": null, "is_in": null, "kerb": null, "landuse": null, "layer": null, "leisure": null, "level": null, "loc_name": null, "mapillary": null, "mobile": null, "museum": null, "museum_type": null, "name": "Suites & Atelier Lake Como", "name:de": null, "name:en": null, "name:fr": null, "name:it": null, "note": null, "number_of_apartments": null, "official_name": null, "old_name": null, "opening_hours": null, "operator": null, "operator:type": null, "outdoor_seating": null, "oven": null, "payment:cards": null, "payment:cash": null, "payment:credit_cards": null, "payment:debit_cards": null, "payment:visa": null, "phone": null, "post_office": null, "post_office:brand": null, "post_office:brand:wikidata": null, "ref:REA": null, "ref:RIComo": null, "ref:vatin": null, "religion": null, "restaurant": null, "roof:shape": null, "rooms": null, "self_service": null, "short_name": null, "smoking": null, "source": null, "sport": null, "stars": null, "start_date": null, "surface": null, "survey:date": null, "swimming_pool": null, "toilets": null, "toilets:access": null, "toilets:wheelchair": null, "tourism": "guest_house", "twitter": null, "url": null, "website": null, "website:de": null, "website:it": null, "website:menu": null, "wheelchair": null, "wheelchair:description": null, "wikidata": null, "wikimedia_commons": null, "wikipedia": null, "tipe": "Hotel/Akomodasi", "zona": "Dataran Rendah" }, "geometry": { "type": "Point", "coordinates": [ 9.0834882, 45.816786 ] } },
{ "type": "Feature", "properties": { "id": "node/10699261084", "@id": "node/10699261084", "access": null, "addr:city": "Cantù", "addr:country": null, "addr:hamlet": null, "addr:housename": null, "addr:housenumber": "6b", "addr:place": null, "addr:postcode": "22063", "addr:province": null, "addr:street": "Piazzale Stazione", "air_conditioning": null, "alt_name": null, "amenity": null, "barrier": null, "barrier:height": null, "beds": null, "bicycle": null, "blind": null, "branch": null, "brand": null, "brand:wikidata": null, "brand:wikipedia": null, "building": null, "building:levels": null, "building:levels:underground": null, "cafe": null, "capacity": null, "check_date": null, "check_date:opening_hours": null, "contact:booking": null, "contact:city": null, "contact:email": null, "contact:facebook": null, "contact:fax": null, "contact:housenumber": null, "contact:instagram": null, "contact:linkedin": null, "contact:mobile": null, "contact:phone": null, "contact:postcode": null, "contact:street": null, "contact:tripadvisor": null, "contact:website": null, "contact:whatsapp": null, "cuisine": null, "denomination": null, "description": null, "description:en": null, "description:it": null, "diet:vegan": null, "dog": null, "drinking_water": null, "ele": null, "email": null, "facebook": null, "fax": null, "fee": null, "fixme": null, "garden:style": null, "garden:type": null, "guest_house": "bed_and_breakfast", "historic": null, "image": null, "inscription": null, "instagram": null, "internet_access": null, "internet_access:fee": null, "internet_access:ssid": null, "is_in": null, "kerb": null, "landuse": null, "layer": null, "leisure": null, "level": null, "loc_name": null, "mapillary": null, "mobile": null, "museum": null, "museum_type": null, "name": "B&B Manu", "name:de": null, "name:en": null, "name:fr": null, "name:it": null, "note": null, "number_of_apartments": null, "official_name": null, "old_name": null, "opening_hours": null, "operator": null, "operator:type": null, "outdoor_seating": null, "oven": null, "payment:cards": null, "payment:cash": null, "payment:credit_cards": null, "payment:debit_cards": null, "payment:visa": null, "phone": "+393408870789", "post_office": null, "post_office:brand": null, "post_office:brand:wikidata": null, "ref:REA": null, "ref:RIComo": null, "ref:vatin": null, "religion": null, "restaurant": null, "roof:shape": null, "rooms": null, "self_service": null, "short_name": null, "smoking": null, "source": null, "sport": null, "stars": null, "start_date": null, "surface": null, "survey:date": null, "swimming_pool": null, "toilets": null, "toilets:access": null, "toilets:wheelchair": null, "tourism": "guest_house", "twitter": null, "url": null, "website": null, "website:de": null, "website:it": null, "website:menu": null, "wheelchair": null, "wheelchair:description": null, "wikidata": null, "wikimedia_commons": null, "wikipedia": null, "tipe": "Hotel/Akomodasi", "zona": "Dataran Rendah" }, "geometry": { "type": "Point", "coordinates": [ 9.0999, 45.7161023 ] } },
{ "type": "Feature", "properties": { "id": "node/10727922742", "@id": "node/10727922742", "access": null, "addr:city": "Figino Serenza", "addr:country": null, "addr:hamlet": null, "addr:housename": null, "addr:housenumber": "14", "addr:place": null, "addr:postcode": "22060", "addr:province": null, "addr:street": "Via Venticinque Aprile", "air_conditioning": null, "alt_name": null, "amenity": null, "barrier": null, "barrier:height": null, "beds": null, "bicycle": null, "blind": null, "branch": null, "brand": null, "brand:wikidata": null, "brand:wikipedia": null, "building": null, "building:levels": null, "building:levels:underground": null, "cafe": null, "capacity": null, "check_date": null, "check_date:opening_hours": null, "contact:booking": null, "contact:city": null, "contact:email": null, "contact:facebook": null, "contact:fax": null, "contact:housenumber": null, "contact:instagram": null, "contact:linkedin": null, "contact:mobile": null, "contact:phone": null, "contact:postcode": null, "contact:street": null, "contact:tripadvisor": null, "contact:website": null, "contact:whatsapp": null, "cuisine": null, "denomination": null, "description": null, "description:en": null, "description:it": null, "diet:vegan": null, "dog": null, "drinking_water": null, "ele": null, "email": "info@hotelparkhotel.it", "facebook": null, "fax": null, "fee": null, "fixme": null, "garden:style": null, "garden:type": null, "guest_house": null, "historic": null, "image": null, "inscription": null, "instagram": null, "internet_access": "wlan", "internet_access:fee": null, "internet_access:ssid": null, "is_in": null, "kerb": null, "landuse": null, "layer": null, "leisure": null, "level": null, "loc_name": null, "mapillary": null, "mobile": null, "museum": null, "museum_type": null, "name": "Park hotel", "name:de": null, "name:en": null, "name:fr": null, "name:it": null, "note": null, "number_of_apartments": null, "official_name": null, "old_name": null, "opening_hours": null, "operator": null, "operator:type": null, "outdoor_seating": null, "oven": null, "payment:cards": null, "payment:cash": null, "payment:credit_cards": null, "payment:debit_cards": null, "payment:visa": null, "phone": "+39031780792", "post_office": null, "post_office:brand": null, "post_office:brand:wikidata": null, "ref:REA": null, "ref:RIComo": null, "ref:vatin": null, "religion": null, "restaurant": null, "roof:shape": null, "rooms": null, "self_service": null, "short_name": null, "smoking": null, "source": null, "sport": null, "stars": "4", "start_date": null, "surface": null, "survey:date": null, "swimming_pool": null, "toilets": null, "toilets:access": null, "toilets:wheelchair": null, "tourism": "hotel", "twitter": null, "url": null, "website": "http://www.hotelparkhotel.it/", "website:de": null, "website:it": null, "website:menu": null, "wheelchair": null, "wheelchair:description": null, "wikidata": null, "wikimedia_commons": null, "wikipedia": null, "tipe": "Hotel/Akomodasi", "zona": "Dataran Rendah" }, "geometry": { "type": "Point", "coordinates": [ 9.1291409, 45.7136233 ] } },
{ "type": "Feature", "properties": { "id": "node/10948999945", "@id": "node/10948999945", "access": null, "addr:city": null, "addr:country": null, "addr:hamlet": null, "addr:housename": null, "addr:housenumber": null, "addr:place": null, "addr:postcode": null, "addr:province": null, "addr:street": null, "air_conditioning": null, "alt_name": null, "amenity": null, "barrier": null, "barrier:height": null, "beds": null, "bicycle": null, "blind": null, "branch": null, "brand": null, "brand:wikidata": null, "brand:wikipedia": null, "building": null, "building:levels": null, "building:levels:underground": null, "cafe": null, "capacity": null, "check_date": null, "check_date:opening_hours": null, "contact:booking": null, "contact:city": null, "contact:email": null, "contact:facebook": null, "contact:fax": null, "contact:housenumber": null, "contact:instagram": null, "contact:linkedin": null, "contact:mobile": null, "contact:phone": null, "contact:postcode": null, "contact:street": null, "contact:tripadvisor": null, "contact:website": null, "contact:whatsapp": null, "cuisine": null, "denomination": null, "description": null, "description:en": null, "description:it": null, "diet:vegan": null, "dog": null, "drinking_water": null, "ele": null, "email": null, "facebook": null, "fax": null, "fee": null, "fixme": null, "garden:style": null, "garden:type": null, "guest_house": null, "historic": null, "image": null, "inscription": null, "instagram": null, "internet_access": null, "internet_access:fee": null, "internet_access:ssid": null, "is_in": null, "kerb": null, "landuse": null, "layer": null, "leisure": null, "level": null, "loc_name": null, "mapillary": null, "mobile": null, "museum": null, "museum_type": null, "name": "B&B Cristalli di Luce", "name:de": null, "name:en": null, "name:fr": null, "name:it": null, "note": null, "number_of_apartments": null, "official_name": null, "old_name": null, "opening_hours": null, "operator": null, "operator:type": null, "outdoor_seating": null, "oven": null, "payment:cards": null, "payment:cash": null, "payment:credit_cards": null, "payment:debit_cards": null, "payment:visa": null, "phone": null, "post_office": null, "post_office:brand": null, "post_office:brand:wikidata": null, "ref:REA": null, "ref:RIComo": null, "ref:vatin": null, "religion": null, "restaurant": null, "roof:shape": null, "rooms": null, "self_service": null, "short_name": null, "smoking": null, "source": null, "sport": null, "stars": null, "start_date": null, "surface": null, "survey:date": null, "swimming_pool": null, "toilets": null, "toilets:access": null, "toilets:wheelchair": null, "tourism": "hotel", "twitter": null, "url": null, "website": null, "website:de": null, "website:it": null, "website:menu": null, "wheelchair": null, "wheelchair:description": null, "wikidata": null, "wikimedia_commons": null, "wikipedia": null, "tipe": "Hotel/Akomodasi", "zona": "Dataran Rendah" }, "geometry": { "type": "Point", "coordinates": [ 9.2012223, 45.7897504 ] } },
{ "type": "Feature", "properties": { "id": "node/11141549953", "@id": "node/11141549953", "access": null, "addr:city": "Como", "addr:country": null, "addr:hamlet": null, "addr:housename": null, "addr:housenumber": "65", "addr:place": null, "addr:postcode": "22100", "addr:province": null, "addr:street": "Via Carso", "air_conditioning": null, "alt_name": null, "amenity": null, "barrier": null, "barrier:height": null, "beds": null, "bicycle": null, "blind": null, "branch": null, "brand": null, "brand:wikidata": null, "brand:wikipedia": null, "building": null, "building:levels": null, "building:levels:underground": null, "cafe": null, "capacity": null, "check_date": null, "check_date:opening_hours": null, "contact:booking": null, "contact:city": null, "contact:email": null, "contact:facebook": null, "contact:fax": null, "contact:housenumber": null, "contact:instagram": null, "contact:linkedin": null, "contact:mobile": null, "contact:phone": null, "contact:postcode": null, "contact:street": null, "contact:tripadvisor": null, "contact:website": null, "contact:whatsapp": null, "cuisine": null, "denomination": null, "description": null, "description:en": null, "description:it": null, "diet:vegan": null, "dog": null, "drinking_water": null, "ele": null, "email": null, "facebook": null, "fax": null, "fee": null, "fixme": null, "garden:style": null, "garden:type": null, "guest_house": null, "historic": null, "image": null, "inscription": null, "instagram": null, "internet_access": "wlan", "internet_access:fee": "customers", "internet_access:ssid": null, "is_in": null, "kerb": null, "landuse": null, "layer": null, "leisure": null, "level": null, "loc_name": null, "mapillary": null, "mobile": null, "museum": null, "museum_type": null, "name": "Asterisco", "name:de": null, "name:en": null, "name:fr": null, "name:it": null, "note": null, "number_of_apartments": null, "official_name": null, "old_name": null, "opening_hours": null, "operator": "Rossana", "operator:type": null, "outdoor_seating": null, "oven": null, "payment:cards": null, "payment:cash": null, "payment:credit_cards": null, "payment:debit_cards": null, "payment:visa": null, "phone": "+393290159728", "post_office": null, "post_office:brand": null, "post_office:brand:wikidata": null, "ref:REA": null, "ref:RIComo": null, "ref:vatin": null, "religion": null, "restaurant": null, "roof:shape": null, "rooms": "1", "self_service": null, "short_name": null, "smoking": null, "source": null, "sport": null, "stars": null, "start_date": null, "surface": null, "survey:date": null, "swimming_pool": null, "toilets": null, "toilets:access": null, "toilets:wheelchair": null, "tourism": "apartment", "twitter": null, "url": null, "website": "https://www.booking.com/hotel/it/asterisco-como.de.html", "website:de": null, "website:it": null, "website:menu": null, "wheelchair": null, "wheelchair:description": null, "wikidata": null, "wikimedia_commons": null, "wikipedia": null, "tipe": "Hotel/Akomodasi", "zona": "Dataran Rendah" }, "geometry": { "type": "Point", "coordinates": [ 9.0964888, 45.7995152 ] } },
{ "type": "Feature", "properties": { "id": "node/11146803707", "@id": "node/11146803707", "access": null, "addr:city": null, "addr:country": null, "addr:hamlet": null, "addr:housename": null, "addr:housenumber": null, "addr:place": null, "addr:postcode": null, "addr:province": null, "addr:street": null, "air_conditioning": null, "alt_name": null, "amenity": null, "barrier": null, "barrier:height": null, "beds": null, "bicycle": null, "blind": null, "branch": null, "brand": null, "brand:wikidata": null, "brand:wikipedia": null, "building": null, "building:levels": null, "building:levels:underground": null, "cafe": null, "capacity": null, "check_date": null, "check_date:opening_hours": null, "contact:booking": null, "contact:city": null, "contact:email": null, "contact:facebook": null, "contact:fax": null, "contact:housenumber": null, "contact:instagram": null, "contact:linkedin": null, "contact:mobile": null, "contact:phone": null, "contact:postcode": null, "contact:street": null, "contact:tripadvisor": null, "contact:website": null, "contact:whatsapp": null, "cuisine": null, "denomination": null, "description": null, "description:en": null, "description:it": null, "diet:vegan": null, "dog": null, "drinking_water": null, "ele": null, "email": null, "facebook": null, "fax": null, "fee": null, "fixme": null, "garden:style": null, "garden:type": null, "guest_house": null, "historic": null, "image": null, "inscription": null, "instagram": null, "internet_access": null, "internet_access:fee": null, "internet_access:ssid": null, "is_in": null, "kerb": null, "landuse": null, "layer": null, "leisure": "park", "level": null, "loc_name": null, "mapillary": null, "mobile": null, "museum": null, "museum_type": null, "name": null, "name:de": null, "name:en": null, "name:fr": null, "name:it": null, "note": null, "number_of_apartments": null, "official_name": null, "old_name": null, "opening_hours": null, "operator": null, "operator:type": null, "outdoor_seating": null, "oven": null, "payment:cards": null, "payment:cash": null, "payment:credit_cards": null, "payment:debit_cards": null, "payment:visa": null, "phone": null, "post_office": null, "post_office:brand": null, "post_office:brand:wikidata": null, "ref:REA": null, "ref:RIComo": null, "ref:vatin": null, "religion": null, "restaurant": null, "roof:shape": null, "rooms": null, "self_service": null, "short_name": null, "smoking": null, "source": null, "sport": null, "stars": null, "start_date": null, "surface": null, "survey:date": null, "swimming_pool": null, "toilets": null, "toilets:access": null, "toilets:wheelchair": null, "tourism": null, "twitter": null, "url": null, "website": null, "website:de": null, "website:it": null, "website:menu": null, "wheelchair": null, "wheelchair:description": null, "wikidata": null, "wikimedia_commons": null, "wikipedia": null, "tipe": "Alam/Taman", "zona": "Dataran Rendah" }, "geometry": { "type": "Point", "coordinates": [ 9.0647172, 45.8204598 ] } },
{ "type": "Feature", "properties": { "id": "node/11512048569", "@id": "node/11512048569", "access": null, "addr:city": null, "addr:country": null, "addr:hamlet": null, "addr:housename": null, "addr:housenumber": null, "addr:place": null, "addr:postcode": null, "addr:province": null, "addr:street": null, "air_conditioning": null, "alt_name": null, "amenity": null, "barrier": null, "barrier:height": null, "beds": null, "bicycle": null, "blind": null, "branch": null, "brand": null, "brand:wikidata": null, "brand:wikipedia": null, "building": null, "building:levels": null, "building:levels:underground": null, "cafe": null, "capacity": null, "check_date": null, "check_date:opening_hours": null, "contact:booking": null, "contact:city": null, "contact:email": null, "contact:facebook": null, "contact:fax": null, "contact:housenumber": null, "contact:instagram": null, "contact:linkedin": null, "contact:mobile": null, "contact:phone": null, "contact:postcode": null, "contact:street": null, "contact:tripadvisor": null, "contact:website": null, "contact:whatsapp": null, "cuisine": null, "denomination": null, "description": null, "description:en": null, "description:it": null, "diet:vegan": null, "dog": null, "drinking_water": null, "ele": null, "email": null, "facebook": null, "fax": null, "fee": null, "fixme": null, "garden:style": null, "garden:type": null, "guest_house": null, "historic": null, "image": null, "inscription": null, "instagram": null, "internet_access": null, "internet_access:fee": null, "internet_access:ssid": null, "is_in": null, "kerb": null, "landuse": null, "layer": null, "leisure": null, "level": null, "loc_name": null, "mapillary": null, "mobile": null, "museum": null, "museum_type": null, "name": null, "name:de": null, "name:en": null, "name:fr": null, "name:it": null, "note": null, "number_of_apartments": null, "official_name": null, "old_name": null, "opening_hours": null, "operator": null, "operator:type": null, "outdoor_seating": null, "oven": null, "payment:cards": null, "payment:cash": null, "payment:credit_cards": null, "payment:debit_cards": null, "payment:visa": null, "phone": null, "post_office": null, "post_office:brand": null, "post_office:brand:wikidata": null, "ref:REA": null, "ref:RIComo": null, "ref:vatin": null, "religion": null, "restaurant": null, "roof:shape": null, "rooms": null, "self_service": null, "short_name": null, "smoking": null, "source": null, "sport": null, "stars": null, "start_date": null, "surface": null, "survey:date": null, "swimming_pool": null, "toilets": null, "toilets:access": null, "toilets:wheelchair": null, "tourism": "hotel", "twitter": null, "url": null, "website": null, "website:de": null, "website:it": null, "website:menu": null, "wheelchair": null, "wheelchair:description": null, "wikidata": null, "wikimedia_commons": null, "wikipedia": null, "tipe": "Hotel/Akomodasi", "zona": "Dataran Rendah" }, "geometry": { "type": "Point", "coordinates": [ 9.0651133, 45.7914774 ] } },
{ "type": "Feature", "properties": { "id": "node/11515600356", "@id": "node/11515600356", "access": null, "addr:city": null, "addr:country": null, "addr:hamlet": null, "addr:housename": null, "addr:housenumber": null, "addr:place": null, "addr:postcode": null, "addr:province": null, "addr:street": null, "air_conditioning": null, "alt_name": null, "amenity": null, "barrier": null, "barrier:height": null, "beds": null, "bicycle": null, "blind": null, "branch": null, "brand": null, "brand:wikidata": null, "brand:wikipedia": null, "building": null, "building:levels": null, "building:levels:underground": null, "cafe": null, "capacity": null, "check_date": null, "check_date:opening_hours": null, "contact:booking": null, "contact:city": null, "contact:email": null, "contact:facebook": null, "contact:fax": null, "contact:housenumber": null, "contact:instagram": null, "contact:linkedin": null, "contact:mobile": null, "contact:phone": null, "contact:postcode": null, "contact:street": null, "contact:tripadvisor": null, "contact:website": null, "contact:whatsapp": null, "cuisine": null, "denomination": null, "description": null, "description:en": null, "description:it": null, "diet:vegan": null, "dog": null, "drinking_water": null, "ele": null, "email": null, "facebook": null, "fax": null, "fee": null, "fixme": null, "garden:style": null, "garden:type": null, "guest_house": null, "historic": null, "image": null, "inscription": null, "instagram": null, "internet_access": null, "internet_access:fee": null, "internet_access:ssid": null, "is_in": null, "kerb": null, "landuse": null, "layer": null, "leisure": null, "level": null, "loc_name": null, "mapillary": null, "mobile": null, "museum": null, "museum_type": null, "name": "Hotel Vapore di Faggeto Lario", "name:de": null, "name:en": null, "name:fr": null, "name:it": null, "note": null, "number_of_apartments": null, "official_name": null, "old_name": null, "opening_hours": null, "operator": null, "operator:type": null, "outdoor_seating": null, "oven": null, "payment:cards": null, "payment:cash": null, "payment:credit_cards": null, "payment:debit_cards": null, "payment:visa": null, "phone": "+39 031 378700", "post_office": null, "post_office:brand": null, "post_office:brand:wikidata": null, "ref:REA": null, "ref:RIComo": null, "ref:vatin": null, "religion": null, "restaurant": null, "roof:shape": null, "rooms": null, "self_service": null, "short_name": null, "smoking": null, "source": null, "sport": null, "stars": null, "start_date": null, "surface": null, "survey:date": "2024-01-14", "swimming_pool": null, "toilets": null, "toilets:access": null, "toilets:wheelchair": null, "tourism": "hotel", "twitter": null, "url": null, "website": "https://www.hotelvapore.com/", "website:de": null, "website:it": null, "website:menu": null, "wheelchair": null, "wheelchair:description": null, "wikidata": null, "wikimedia_commons": null, "wikipedia": null, "tipe": "Hotel/Akomodasi", "zona": "Dataran Menengah" }, "geometry": { "type": "Point", "coordinates": [ 9.1511658, 45.8650569 ] } },
{ "type": "Feature", "properties": { "id": "node/11780033610", "@id": "node/11780033610", "access": null, "addr:city": "Como", "addr:country": null, "addr:hamlet": null, "addr:housename": null, "addr:housenumber": "7", "addr:place": null, "addr:postcode": "22100", "addr:province": null, "addr:street": "Via Lega Insurrezionale", "air_conditioning": null, "alt_name": null, "amenity": null, "barrier": null, "barrier:height": null, "beds": null, "bicycle": null, "blind": null, "branch": null, "brand": null, "brand:wikidata": null, "brand:wikipedia": null, "building": null, "building:levels": null, "building:levels:underground": null, "cafe": null, "capacity": null, "check_date": null, "check_date:opening_hours": null, "contact:booking": null, "contact:city": null, "contact:email": null, "contact:facebook": null, "contact:fax": null, "contact:housenumber": null, "contact:instagram": null, "contact:linkedin": null, "contact:mobile": null, "contact:phone": null, "contact:postcode": null, "contact:street": null, "contact:tripadvisor": null, "contact:website": null, "contact:whatsapp": null, "cuisine": null, "denomination": null, "description": null, "description:en": null, "description:it": null, "diet:vegan": null, "dog": null, "drinking_water": null, "ele": null, "email": "info@artist.place", "facebook": null, "fax": null, "fee": null, "fixme": null, "garden:style": null, "garden:type": null, "guest_house": null, "historic": null, "image": "https://i0.wp.com/artist.place/wp-content/uploads/2023/01/DSC02853-1.jpg", "inscription": null, "instagram": null, "internet_access": "yes", "internet_access:fee": "no", "internet_access:ssid": null, "is_in": null, "kerb": null, "landuse": null, "layer": null, "leisure": null, "level": "2", "loc_name": null, "mapillary": null, "mobile": null, "museum": null, "museum_type": null, "name": "An Artist's Place", "name:de": null, "name:en": null, "name:fr": null, "name:it": null, "note": "The “Artist’s Place” is conveniently located in a safe and quiet neighborhood near to the historic center, and within easy walking distance from the lake shores and train station.\n\nPerfect for couples and business travelers!", "number_of_apartments": null, "official_name": null, "old_name": null, "opening_hours": null, "operator": "Grandolini Family", "operator:type": null, "outdoor_seating": null, "oven": null, "payment:cards": null, "payment:cash": null, "payment:credit_cards": null, "payment:debit_cards": null, "payment:visa": null, "phone": "+39 02 8960 6183", "post_office": null, "post_office:brand": null, "post_office:brand:wikidata": null, "ref:REA": null, "ref:RIComo": null, "ref:vatin": null, "religion": null, "restaurant": null, "roof:shape": null, "rooms": "2", "self_service": null, "short_name": null, "smoking": "outside", "source": null, "sport": null, "stars": null, "start_date": null, "surface": null, "survey:date": null, "swimming_pool": null, "toilets": null, "toilets:access": null, "toilets:wheelchair": null, "tourism": "apartment", "twitter": null, "url": null, "website": "https://artist.place", "website:de": null, "website:it": null, "website:menu": null, "wheelchair": null, "wheelchair:description": null, "wikidata": null, "wikimedia_commons": null, "wikipedia": null, "tipe": "Hotel/Akomodasi", "zona": "Dataran Rendah" }, "geometry": { "type": "Point", "coordinates": [ 9.087919, 45.8121747 ] } },
{ "type": "Feature", "properties": { "id": "node/11831321388", "@id": "node/11831321388", "access": null, "addr:city": "Ponte Lambro", "addr:country": null, "addr:hamlet": null, "addr:housename": null, "addr:housenumber": null, "addr:place": null, "addr:postcode": null, "addr:province": null, "addr:street": null, "air_conditioning": null, "alt_name": null, "amenity": null, "barrier": null, "barrier:height": null, "beds": null, "bicycle": null, "blind": null, "branch": null, "brand": null, "brand:wikidata": null, "brand:wikipedia": null, "building": null, "building:levels": null, "building:levels:underground": null, "cafe": null, "capacity": null, "check_date": null, "check_date:opening_hours": null, "contact:booking": null, "contact:city": null, "contact:email": null, "contact:facebook": null, "contact:fax": null, "contact:housenumber": null, "contact:instagram": null, "contact:linkedin": null, "contact:mobile": null, "contact:phone": null, "contact:postcode": null, "contact:street": null, "contact:tripadvisor": null, "contact:website": null, "contact:whatsapp": null, "cuisine": null, "denomination": null, "description": null, "description:en": null, "description:it": null, "diet:vegan": null, "dog": null, "drinking_water": null, "ele": null, "email": null, "facebook": null, "fax": null, "fee": null, "fixme": null, "garden:style": null, "garden:type": null, "guest_house": null, "historic": null, "image": null, "inscription": null, "instagram": null, "internet_access": null, "internet_access:fee": null, "internet_access:ssid": null, "is_in": null, "kerb": null, "landuse": null, "layer": null, "leisure": null, "level": null, "loc_name": null, "mapillary": null, "mobile": null, "museum": "local", "museum_type": null, "name": "Museo del Cotonificio di Ponte Lambro", "name:de": null, "name:en": null, "name:fr": null, "name:it": null, "note": null, "number_of_apartments": null, "official_name": null, "old_name": null, "opening_hours": null, "operator": "Comune di Ponte Lambro,", "operator:type": "public", "outdoor_seating": null, "oven": null, "payment:cards": null, "payment:cash": null, "payment:credit_cards": null, "payment:debit_cards": null, "payment:visa": null, "phone": null, "post_office": null, "post_office:brand": null, "post_office:brand:wikidata": null, "ref:REA": null, "ref:RIComo": null, "ref:vatin": null, "religion": null, "restaurant": null, "roof:shape": null, "rooms": null, "self_service": null, "short_name": null, "smoking": null, "source": "https://www.erbanotizie.com/attualita/il-museo-del-cotonificio-e-realta-sabato-linaugurazione-a-villa-guaita-198375/", "sport": null, "stars": null, "start_date": "2024-04-20", "surface": null, "survey:date": null, "swimming_pool": null, "toilets": null, "toilets:access": null, "toilets:wheelchair": null, "tourism": "museum", "twitter": null, "url": null, "website": null, "website:de": null, "website:it": null, "website:menu": null, "wheelchair": null, "wheelchair:description": null, "wikidata": null, "wikimedia_commons": null, "wikipedia": null, "tipe": "Museum", "zona": "Dataran Rendah" }, "geometry": { "type": "Point", "coordinates": [ 9.2233584, 45.8300821 ] } },
{ "type": "Feature", "properties": { "id": "node/11946025731", "@id": "node/11946025731", "access": null, "addr:city": null, "addr:country": null, "addr:hamlet": null, "addr:housename": null, "addr:housenumber": null, "addr:place": null, "addr:postcode": null, "addr:province": null, "addr:street": null, "air_conditioning": null, "alt_name": null, "amenity": null, "barrier": null, "barrier:height": null, "beds": null, "bicycle": null, "blind": null, "branch": null, "brand": null, "brand:wikidata": null, "brand:wikipedia": null, "building": null, "building:levels": null, "building:levels:underground": null, "cafe": null, "capacity": null, "check_date": null, "check_date:opening_hours": null, "contact:booking": null, "contact:city": null, "contact:email": null, "contact:facebook": null, "contact:fax": null, "contact:housenumber": null, "contact:instagram": null, "contact:linkedin": null, "contact:mobile": null, "contact:phone": null, "contact:postcode": null, "contact:street": null, "contact:tripadvisor": null, "contact:website": null, "contact:whatsapp": null, "cuisine": null, "denomination": null, "description": null, "description:en": null, "description:it": null, "diet:vegan": null, "dog": null, "drinking_water": null, "ele": null, "email": null, "facebook": null, "fax": null, "fee": null, "fixme": null, "garden:style": null, "garden:type": null, "guest_house": null, "historic": null, "image": null, "inscription": null, "instagram": null, "internet_access": null, "internet_access:fee": null, "internet_access:ssid": null, "is_in": null, "kerb": null, "landuse": null, "layer": null, "leisure": null, "level": null, "loc_name": null, "mapillary": null, "mobile": null, "museum": null, "museum_type": null, "name": "The Convo", "name:de": null, "name:en": null, "name:fr": null, "name:it": null, "note": null, "number_of_apartments": null, "official_name": null, "old_name": null, "opening_hours": null, "operator": null, "operator:type": null, "outdoor_seating": null, "oven": null, "payment:cards": null, "payment:cash": null, "payment:credit_cards": null, "payment:debit_cards": null, "payment:visa": null, "phone": null, "post_office": null, "post_office:brand": null, "post_office:brand:wikidata": null, "ref:REA": null, "ref:RIComo": null, "ref:vatin": null, "religion": null, "restaurant": null, "roof:shape": null, "rooms": null, "self_service": null, "short_name": null, "smoking": null, "source": null, "sport": null, "stars": null, "start_date": null, "surface": null, "survey:date": null, "swimming_pool": null, "toilets": null, "toilets:access": null, "toilets:wheelchair": null, "tourism": "hotel", "twitter": null, "url": null, "website": null, "website:de": null, "website:it": null, "website:menu": null, "wheelchair": null, "wheelchair:description": null, "wikidata": null, "wikimedia_commons": null, "wikipedia": null, "tipe": "Hotel/Akomodasi", "zona": "Dataran Rendah" }, "geometry": { "type": "Point", "coordinates": [ 9.0842503, 45.815813 ] } },
{ "type": "Feature", "properties": { "id": "node/12219046856", "@id": "node/12219046856", "access": null, "addr:city": null, "addr:country": null, "addr:hamlet": null, "addr:housename": null, "addr:housenumber": null, "addr:place": null, "addr:postcode": null, "addr:province": null, "addr:street": null, "air_conditioning": null, "alt_name": null, "amenity": null, "barrier": null, "barrier:height": null, "beds": null, "bicycle": null, "blind": null, "branch": null, "brand": null, "brand:wikidata": null, "brand:wikipedia": null, "building": null, "building:levels": null, "building:levels:underground": null, "cafe": null, "capacity": null, "check_date": null, "check_date:opening_hours": null, "contact:booking": null, "contact:city": null, "contact:email": null, "contact:facebook": null, "contact:fax": null, "contact:housenumber": null, "contact:instagram": null, "contact:linkedin": null, "contact:mobile": null, "contact:phone": null, "contact:postcode": null, "contact:street": null, "contact:tripadvisor": null, "contact:website": null, "contact:whatsapp": null, "cuisine": null, "denomination": null, "description": null, "description:en": null, "description:it": null, "diet:vegan": null, "dog": null, "drinking_water": null, "ele": null, "email": null, "facebook": null, "fax": null, "fee": null, "fixme": null, "garden:style": null, "garden:type": null, "guest_house": null, "historic": null, "image": null, "inscription": null, "instagram": null, "internet_access": null, "internet_access:fee": null, "internet_access:ssid": null, "is_in": null, "kerb": null, "landuse": null, "layer": null, "leisure": null, "level": null, "loc_name": null, "mapillary": null, "mobile": null, "museum": null, "museum_type": null, "name": "Hotel Orso Bruno", "name:de": null, "name:en": null, "name:fr": null, "name:it": null, "note": null, "number_of_apartments": null, "official_name": null, "old_name": null, "opening_hours": null, "operator": null, "operator:type": null, "outdoor_seating": null, "oven": null, "payment:cards": null, "payment:cash": null, "payment:credit_cards": null, "payment:debit_cards": null, "payment:visa": null, "phone": null, "post_office": null, "post_office:brand": null, "post_office:brand:wikidata": null, "ref:REA": null, "ref:RIComo": null, "ref:vatin": null, "religion": null, "restaurant": null, "roof:shape": null, "rooms": null, "self_service": null, "short_name": null, "smoking": null, "source": null, "sport": null, "stars": null, "start_date": null, "surface": null, "survey:date": null, "swimming_pool": null, "toilets": null, "toilets:access": null, "toilets:wheelchair": null, "tourism": "hotel", "twitter": null, "url": null, "website": null, "website:de": null, "website:it": null, "website:menu": null, "wheelchair": null, "wheelchair:description": null, "wikidata": null, "wikimedia_commons": null, "wikipedia": null, "tipe": "Hotel/Akomodasi", "zona": "Dataran Menengah" }, "geometry": { "type": "Point", "coordinates": [ 9.1189326, 45.8694038 ] } },
{ "type": "Feature", "properties": { "id": "node/12223001977", "@id": "node/12223001977", "access": null, "addr:city": "Guanzate", "addr:country": null, "addr:hamlet": null, "addr:housename": null, "addr:housenumber": "15", "addr:place": null, "addr:postcode": "22070", "addr:province": null, "addr:street": "Via Roma", "air_conditioning": null, "alt_name": null, "amenity": null, "barrier": null, "barrier:height": null, "beds": null, "bicycle": null, "blind": null, "branch": null, "brand": null, "brand:wikidata": null, "brand:wikipedia": null, "building": null, "building:levels": null, "building:levels:underground": null, "cafe": null, "capacity": null, "check_date": null, "check_date:opening_hours": null, "contact:booking": null, "contact:city": null, "contact:email": null, "contact:facebook": null, "contact:fax": null, "contact:housenumber": null, "contact:instagram": null, "contact:linkedin": null, "contact:mobile": null, "contact:phone": null, "contact:postcode": null, "contact:street": null, "contact:tripadvisor": null, "contact:website": null, "contact:whatsapp": null, "cuisine": null, "denomination": null, "description": null, "description:en": null, "description:it": null, "diet:vegan": null, "dog": null, "drinking_water": null, "ele": null, "email": null, "facebook": null, "fax": null, "fee": null, "fixme": null, "garden:style": null, "garden:type": null, "guest_house": "guest_house", "historic": null, "image": null, "inscription": null, "instagram": null, "internet_access": null, "internet_access:fee": null, "internet_access:ssid": null, "is_in": null, "kerb": null, "landuse": null, "layer": null, "leisure": null, "level": null, "loc_name": null, "mapillary": null, "mobile": null, "museum": null, "museum_type": null, "name": "Villetta Maria", "name:de": null, "name:en": null, "name:fr": null, "name:it": null, "note": null, "number_of_apartments": null, "official_name": null, "old_name": null, "opening_hours": null, "operator": null, "operator:type": null, "outdoor_seating": null, "oven": null, "payment:cards": null, "payment:cash": null, "payment:credit_cards": null, "payment:debit_cards": null, "payment:visa": null, "phone": null, "post_office": null, "post_office:brand": null, "post_office:brand:wikidata": null, "ref:REA": null, "ref:RIComo": null, "ref:vatin": null, "religion": null, "restaurant": null, "roof:shape": null, "rooms": "2", "self_service": null, "short_name": null, "smoking": null, "source": null, "sport": null, "stars": null, "start_date": null, "surface": null, "survey:date": null, "swimming_pool": null, "toilets": null, "toilets:access": null, "toilets:wheelchair": null, "tourism": "guest_house", "twitter": null, "url": null, "website": null, "website:de": null, "website:it": null, "website:menu": null, "wheelchair": null, "wheelchair:description": null, "wikidata": null, "wikimedia_commons": null, "wikipedia": null, "tipe": "Hotel/Akomodasi", "zona": "Dataran Rendah" }, "geometry": { "type": "Point", "coordinates": [ 9.007785, 45.7268864 ] } },
{ "type": "Feature", "properties": { "id": "node/12231944220", "@id": "node/12231944220", "access": null, "addr:city": "Carate Urio", "addr:country": null, "addr:hamlet": null, "addr:housename": null, "addr:housenumber": null, "addr:place": null, "addr:postcode": "22010", "addr:province": "CO", "addr:street": "Via dei Monti Lariani", "air_conditioning": null, "alt_name": null, "amenity": "place_of_worship", "barrier": null, "barrier:height": null, "beds": null, "bicycle": null, "blind": null, "branch": null, "brand": null, "brand:wikidata": null, "brand:wikipedia": null, "building": null, "building:levels": null, "building:levels:underground": null, "cafe": null, "capacity": null, "check_date": null, "check_date:opening_hours": null, "contact:booking": null, "contact:city": null, "contact:email": "eremophendeling@gmail.com", "contact:facebook": "https://www.facebook.com/profile.php?id=100086405897981", "contact:fax": null, "contact:housenumber": null, "contact:instagram": "https://www.instagram.com/phendeling", "contact:linkedin": null, "contact:mobile": null, "contact:phone": null, "contact:postcode": null, "contact:street": null, "contact:tripadvisor": null, "contact:website": null, "contact:whatsapp": null, "cuisine": null, "denomination": "tibetan", "description": null, "description:en": null, "description:it": null, "diet:vegan": null, "dog": null, "drinking_water": "no", "ele": null, "email": null, "facebook": null, "fax": null, "fee": null, "fixme": null, "garden:style": null, "garden:type": null, "guest_house": null, "historic": null, "image": null, "inscription": null, "instagram": null, "internet_access": null, "internet_access:fee": null, "internet_access:ssid": null, "is_in": null, "kerb": null, "landuse": null, "layer": null, "leisure": null, "level": null, "loc_name": null, "mapillary": null, "mobile": null, "museum": null, "museum_type": null, "name": "Phende Ling", "name:de": null, "name:en": null, "name:fr": null, "name:it": null, "note": null, "number_of_apartments": null, "official_name": null, "old_name": null, "opening_hours": null, "operator": null, "operator:type": null, "outdoor_seating": null, "oven": null, "payment:cards": null, "payment:cash": null, "payment:credit_cards": null, "payment:debit_cards": null, "payment:visa": null, "phone": "+393792219195", "post_office": null, "post_office:brand": null, "post_office:brand:wikidata": null, "ref:REA": null, "ref:RIComo": null, "ref:vatin": null, "religion": "buddhist", "restaurant": null, "roof:shape": null, "rooms": null, "self_service": null, "short_name": null, "smoking": null, "source": null, "sport": null, "stars": null, "start_date": null, "surface": null, "survey:date": null, "swimming_pool": null, "toilets": null, "toilets:access": null, "toilets:wheelchair": null, "tourism": "guest_house", "twitter": null, "url": null, "website": "https://phendeling.it/", "website:de": null, "website:it": null, "website:menu": null, "wheelchair": null, "wheelchair:description": null, "wikidata": null, "wikimedia_commons": null, "wikipedia": null, "tipe": "Hotel/Akomodasi", "zona": "Dataran Menengah" }, "geometry": { "type": "Point", "coordinates": [ 9.0987258, 45.8822409 ] } },
{ "type": "Feature", "properties": { "id": "node/12499056529", "@id": "node/12499056529", "access": null, "addr:city": "Carimate", "addr:country": null, "addr:hamlet": null, "addr:housename": null, "addr:housenumber": "2", "addr:place": "Piazza L. Spallino", "addr:postcode": "22060", "addr:province": null, "addr:street": null, "air_conditioning": null, "alt_name": null, "amenity": null, "barrier": null, "barrier:height": null, "beds": null, "bicycle": null, "blind": null, "branch": null, "brand": null, "brand:wikidata": null, "brand:wikipedia": null, "building": null, "building:levels": null, "building:levels:underground": null, "cafe": null, "capacity": null, "check_date": null, "check_date:opening_hours": null, "contact:booking": null, "contact:city": null, "contact:email": null, "contact:facebook": "https://www.facebook.com/people/Lake-Como-Golf-Hotel/100030784165982/", "contact:fax": null, "contact:housenumber": null, "contact:instagram": null, "contact:linkedin": null, "contact:mobile": null, "contact:phone": null, "contact:postcode": null, "contact:street": null, "contact:tripadvisor": null, "contact:website": null, "contact:whatsapp": null, "cuisine": null, "denomination": null, "description": null, "description:en": null, "description:it": null, "diet:vegan": null, "dog": null, "drinking_water": null, "ele": null, "email": "info@lakecomogolfhotel.com", "facebook": null, "fax": null, "fee": null, "fixme": null, "garden:style": null, "garden:type": null, "guest_house": null, "historic": null, "image": null, "inscription": null, "instagram": null, "internet_access": null, "internet_access:fee": null, "internet_access:ssid": null, "is_in": null, "kerb": null, "landuse": null, "layer": null, "leisure": null, "level": null, "loc_name": null, "mapillary": null, "mobile": null, "museum": null, "museum_type": null, "name": "Lake como golf hotel", "name:de": null, "name:en": null, "name:fr": null, "name:it": null, "note": null, "number_of_apartments": null, "official_name": null, "old_name": null, "opening_hours": null, "operator": null, "operator:type": null, "outdoor_seating": null, "oven": null, "payment:cards": null, "payment:cash": null, "payment:credit_cards": null, "payment:debit_cards": null, "payment:visa": null, "phone": "+39031782281", "post_office": null, "post_office:brand": null, "post_office:brand:wikidata": null, "ref:REA": null, "ref:RIComo": null, "ref:vatin": "IT03427970136", "religion": null, "restaurant": null, "roof:shape": null, "rooms": null, "self_service": null, "short_name": null, "smoking": null, "source": null, "sport": null, "stars": null, "start_date": null, "surface": null, "survey:date": null, "swimming_pool": null, "toilets": null, "toilets:access": null, "toilets:wheelchair": null, "tourism": "hotel", "twitter": null, "url": null, "website": "https://www.lakecomogolfhotel.com/", "website:de": null, "website:it": null, "website:menu": null, "wheelchair": null, "wheelchair:description": null, "wikidata": null, "wikimedia_commons": null, "wikipedia": null, "tipe": "Hotel/Akomodasi", "zona": "Dataran Rendah" }, "geometry": { "type": "Point", "coordinates": [ 9.1173763, 45.7180125 ] } },
{ "type": "Feature", "properties": { "id": "node/12593513442", "@id": "node/12593513442", "access": null, "addr:city": null, "addr:country": null, "addr:hamlet": null, "addr:housename": null, "addr:housenumber": null, "addr:place": null, "addr:postcode": null, "addr:province": null, "addr:street": null, "air_conditioning": null, "alt_name": null, "amenity": null, "barrier": null, "barrier:height": null, "beds": null, "bicycle": null, "blind": null, "branch": null, "brand": null, "brand:wikidata": null, "brand:wikipedia": null, "building": null, "building:levels": null, "building:levels:underground": null, "cafe": null, "capacity": null, "check_date": null, "check_date:opening_hours": null, "contact:booking": null, "contact:city": null, "contact:email": null, "contact:facebook": null, "contact:fax": null, "contact:housenumber": null, "contact:instagram": null, "contact:linkedin": null, "contact:mobile": null, "contact:phone": null, "contact:postcode": null, "contact:street": null, "contact:tripadvisor": null, "contact:website": null, "contact:whatsapp": null, "cuisine": null, "denomination": null, "description": null, "description:en": null, "description:it": null, "diet:vegan": null, "dog": null, "drinking_water": null, "ele": null, "email": null, "facebook": null, "fax": null, "fee": null, "fixme": null, "garden:style": null, "garden:type": null, "guest_house": null, "historic": null, "image": null, "inscription": null, "instagram": null, "internet_access": null, "internet_access:fee": null, "internet_access:ssid": null, "is_in": null, "kerb": null, "landuse": null, "layer": null, "leisure": null, "level": null, "loc_name": null, "mapillary": null, "mobile": null, "museum": null, "museum_type": null, "name": null, "name:de": null, "name:en": null, "name:fr": null, "name:it": null, "note": null, "number_of_apartments": null, "official_name": null, "old_name": null, "opening_hours": null, "operator": null, "operator:type": null, "outdoor_seating": null, "oven": null, "payment:cards": null, "payment:cash": null, "payment:credit_cards": null, "payment:debit_cards": null, "payment:visa": null, "phone": null, "post_office": null, "post_office:brand": null, "post_office:brand:wikidata": null, "ref:REA": null, "ref:RIComo": null, "ref:vatin": null, "religion": null, "restaurant": null, "roof:shape": null, "rooms": null, "self_service": null, "short_name": null, "smoking": null, "source": null, "sport": null, "stars": null, "start_date": null, "surface": null, "survey:date": null, "swimming_pool": null, "toilets": null, "toilets:access": null, "toilets:wheelchair": null, "tourism": "guest_house", "twitter": null, "url": null, "website": null, "website:de": null, "website:it": null, "website:menu": null, "wheelchair": null, "wheelchair:description": null, "wikidata": null, "wikimedia_commons": null, "wikipedia": null, "tipe": "Hotel/Akomodasi", "zona": "Dataran Rendah" }, "geometry": { "type": "Point", "coordinates": [ 9.154033, 45.800226 ] } },
{ "type": "Feature", "properties": { "id": "node/12751771190", "@id": "node/12751771190", "access": null, "addr:city": null, "addr:country": null, "addr:hamlet": null, "addr:housename": null, "addr:housenumber": "2", "addr:place": null, "addr:postcode": null, "addr:province": null, "addr:street": "Via Bellinzona", "air_conditioning": null, "alt_name": null, "amenity": null, "barrier": null, "barrier:height": null, "beds": null, "bicycle": null, "blind": null, "branch": null, "brand": null, "brand:wikidata": null, "brand:wikipedia": null, "building": null, "building:levels": null, "building:levels:underground": null, "cafe": null, "capacity": null, "check_date": null, "check_date:opening_hours": null, "contact:booking": null, "contact:city": null, "contact:email": "booking@newgenerationhostel.com", "contact:facebook": null, "contact:fax": null, "contact:housenumber": null, "contact:instagram": null, "contact:linkedin": null, "contact:mobile": null, "contact:phone": null, "contact:postcode": null, "contact:street": null, "contact:tripadvisor": null, "contact:website": null, "contact:whatsapp": null, "cuisine": null, "denomination": null, "description": null, "description:en": null, "description:it": null, "diet:vegan": null, "dog": null, "drinking_water": null, "ele": null, "email": null, "facebook": null, "fax": null, "fee": null, "fixme": null, "garden:style": null, "garden:type": null, "guest_house": null, "historic": null, "image": null, "inscription": null, "instagram": null, "internet_access": null, "internet_access:fee": null, "internet_access:ssid": null, "is_in": null, "kerb": null, "landuse": null, "layer": null, "leisure": null, "level": null, "loc_name": null, "mapillary": null, "mobile": null, "museum": null, "museum_type": null, "name": "New Generation Hostel Como Lake", "name:de": null, "name:en": null, "name:fr": null, "name:it": null, "note": null, "number_of_apartments": null, "official_name": null, "old_name": null, "opening_hours": null, "operator": null, "operator:type": null, "outdoor_seating": null, "oven": null, "payment:cards": null, "payment:cash": null, "payment:credit_cards": null, "payment:debit_cards": null, "payment:visa": null, "phone": "+39 031 3667319", "post_office": null, "post_office:brand": null, "post_office:brand:wikidata": null, "ref:REA": null, "ref:RIComo": null, "ref:vatin": null, "religion": null, "restaurant": null, "roof:shape": null, "rooms": null, "self_service": null, "short_name": null, "smoking": null, "source": null, "sport": null, "stars": null, "start_date": null, "surface": null, "survey:date": null, "swimming_pool": null, "toilets": null, "toilets:access": null, "toilets:wheelchair": null, "tourism": "hostel", "twitter": null, "url": null, "website": "https://www.newgenerationhostel.com/hostel/%7B%22en%22:%22lake-como%22,%22it%22:%22lake-como%22,%22fr%22:%22lake-como%22,%22de%22:%22lake-como%22,%22es%22:%22lake-como%22,%22al%22:%22lake-como%22,%22ro%22:%22lake-como%22,%22sr%22:%22lake-como%22,%22tr%22:", "website:de": null, "website:it": null, "website:menu": null, "wheelchair": null, "wheelchair:description": null, "wikidata": null, "wikimedia_commons": null, "wikipedia": null, "tipe": "Hotel/Akomodasi", "zona": "Dataran Rendah" }, "geometry": { "type": "Point", "coordinates": [ 9.0640536, 45.8182703 ] } },
{ "type": "Feature", "properties": { "id": "node/12775168227", "@id": "node/12775168227", "access": null, "addr:city": null, "addr:country": null, "addr:hamlet": null, "addr:housename": null, "addr:housenumber": null, "addr:place": null, "addr:postcode": null, "addr:province": null, "addr:street": null, "air_conditioning": null, "alt_name": null, "amenity": null, "barrier": null, "barrier:height": null, "beds": null, "bicycle": null, "blind": null, "branch": null, "brand": null, "brand:wikidata": null, "brand:wikipedia": null, "building": null, "building:levels": null, "building:levels:underground": null, "cafe": null, "capacity": null, "check_date": null, "check_date:opening_hours": null, "contact:booking": null, "contact:city": null, "contact:email": null, "contact:facebook": null, "contact:fax": null, "contact:housenumber": null, "contact:instagram": null, "contact:linkedin": null, "contact:mobile": null, "contact:phone": null, "contact:postcode": null, "contact:street": null, "contact:tripadvisor": null, "contact:website": null, "contact:whatsapp": null, "cuisine": null, "denomination": null, "description": null, "description:en": null, "description:it": null, "diet:vegan": null, "dog": null, "drinking_water": null, "ele": null, "email": null, "facebook": null, "fax": null, "fee": null, "fixme": null, "garden:style": null, "garden:type": null, "guest_house": null, "historic": null, "image": null, "inscription": null, "instagram": null, "internet_access": null, "internet_access:fee": null, "internet_access:ssid": null, "is_in": null, "kerb": null, "landuse": null, "layer": null, "leisure": null, "level": null, "loc_name": null, "mapillary": null, "mobile": null, "museum": null, "museum_type": null, "name": "FLORA", "name:de": null, "name:en": null, "name:fr": null, "name:it": null, "note": null, "number_of_apartments": null, "official_name": null, "old_name": null, "opening_hours": null, "operator": null, "operator:type": null, "outdoor_seating": null, "oven": null, "payment:cards": null, "payment:cash": null, "payment:credit_cards": null, "payment:debit_cards": null, "payment:visa": null, "phone": null, "post_office": null, "post_office:brand": null, "post_office:brand:wikidata": null, "ref:REA": null, "ref:RIComo": null, "ref:vatin": null, "religion": null, "restaurant": null, "roof:shape": null, "rooms": null, "self_service": null, "short_name": null, "smoking": null, "source": null, "sport": null, "stars": null, "start_date": null, "surface": null, "survey:date": null, "swimming_pool": null, "toilets": null, "toilets:access": null, "toilets:wheelchair": null, "tourism": "guest_house", "twitter": null, "url": null, "website": null, "website:de": null, "website:it": null, "website:menu": null, "wheelchair": null, "wheelchair:description": null, "wikidata": null, "wikimedia_commons": null, "wikipedia": null, "tipe": "Hotel/Akomodasi", "zona": "Dataran Menengah" }, "geometry": { "type": "Point", "coordinates": [ 9.1036615, 45.8639992 ] } },
{ "type": "Feature", "properties": { "id": "node/13033678303", "@id": "node/13033678303", "access": null, "addr:city": null, "addr:country": null, "addr:hamlet": null, "addr:housename": null, "addr:housenumber": null, "addr:place": null, "addr:postcode": null, "addr:province": null, "addr:street": null, "air_conditioning": null, "alt_name": null, "amenity": null, "barrier": null, "barrier:height": null, "beds": null, "bicycle": null, "blind": null, "branch": null, "brand": null, "brand:wikidata": null, "brand:wikipedia": null, "building": null, "building:levels": null, "building:levels:underground": null, "cafe": null, "capacity": null, "check_date": null, "check_date:opening_hours": null, "contact:booking": null, "contact:city": null, "contact:email": null, "contact:facebook": null, "contact:fax": null, "contact:housenumber": null, "contact:instagram": null, "contact:linkedin": null, "contact:mobile": null, "contact:phone": null, "contact:postcode": null, "contact:street": null, "contact:tripadvisor": null, "contact:website": null, "contact:whatsapp": null, "cuisine": null, "denomination": null, "description": null, "description:en": null, "description:it": null, "diet:vegan": null, "dog": null, "drinking_water": null, "ele": null, "email": null, "facebook": null, "fax": null, "fee": null, "fixme": null, "garden:style": null, "garden:type": null, "guest_house": null, "historic": null, "image": null, "inscription": null, "instagram": null, "internet_access": null, "internet_access:fee": null, "internet_access:ssid": null, "is_in": null, "kerb": null, "landuse": null, "layer": null, "leisure": "park", "level": null, "loc_name": null, "mapillary": null, "mobile": null, "museum": null, "museum_type": null, "name": "Percorso kneipp", "name:de": null, "name:en": null, "name:fr": null, "name:it": null, "note": null, "number_of_apartments": null, "official_name": null, "old_name": null, "opening_hours": "Mo-Su 08:00-20:00", "operator": null, "operator:type": null, "outdoor_seating": null, "oven": null, "payment:cards": null, "payment:cash": null, "payment:credit_cards": null, "payment:debit_cards": null, "payment:visa": null, "phone": null, "post_office": null, "post_office:brand": null, "post_office:brand:wikidata": null, "ref:REA": null, "ref:RIComo": null, "ref:vatin": null, "religion": null, "restaurant": null, "roof:shape": null, "rooms": null, "self_service": null, "short_name": null, "smoking": null, "source": null, "sport": null, "stars": null, "start_date": null, "surface": null, "survey:date": null, "swimming_pool": null, "toilets": null, "toilets:access": null, "toilets:wheelchair": null, "tourism": null, "twitter": null, "url": null, "website": null, "website:de": null, "website:it": null, "website:menu": null, "wheelchair": null, "wheelchair:description": null, "wikidata": null, "wikimedia_commons": null, "wikipedia": null, "tipe": "Alam/Taman", "zona": "Dataran Rendah" }, "geometry": { "type": "Point", "coordinates": [ 9.004636, 45.7663612 ] } },
{ "type": "Feature", "properties": { "id": "node/13054179736", "@id": "node/13054179736", "access": null, "addr:city": null, "addr:country": null, "addr:hamlet": null, "addr:housename": null, "addr:housenumber": null, "addr:place": null, "addr:postcode": null, "addr:province": null, "addr:street": null, "air_conditioning": null, "alt_name": null, "amenity": null, "barrier": null, "barrier:height": null, "beds": null, "bicycle": null, "blind": null, "branch": null, "brand": null, "brand:wikidata": null, "brand:wikipedia": null, "building": null, "building:levels": null, "building:levels:underground": null, "cafe": null, "capacity": null, "check_date": null, "check_date:opening_hours": null, "contact:booking": null, "contact:city": null, "contact:email": null, "contact:facebook": null, "contact:fax": null, "contact:housenumber": null, "contact:instagram": null, "contact:linkedin": null, "contact:mobile": null, "contact:phone": null, "contact:postcode": null, "contact:street": null, "contact:tripadvisor": null, "contact:website": null, "contact:whatsapp": null, "cuisine": null, "denomination": null, "description": null, "description:en": null, "description:it": null, "diet:vegan": null, "dog": null, "drinking_water": null, "ele": null, "email": null, "facebook": null, "fax": null, "fee": null, "fixme": null, "garden:style": null, "garden:type": null, "guest_house": null, "historic": null, "image": null, "inscription": null, "instagram": null, "internet_access": null, "internet_access:fee": null, "internet_access:ssid": null, "is_in": null, "kerb": null, "landuse": null, "layer": null, "leisure": null, "level": null, "loc_name": null, "mapillary": null, "mobile": "+39 377 707 1328", "museum": null, "museum_type": null, "name": "B&B Margè", "name:de": null, "name:en": null, "name:fr": null, "name:it": null, "note": null, "number_of_apartments": null, "official_name": null, "old_name": null, "opening_hours": null, "operator": null, "operator:type": null, "outdoor_seating": null, "oven": null, "payment:cards": null, "payment:cash": null, "payment:credit_cards": null, "payment:debit_cards": null, "payment:visa": null, "phone": "+39 031 931055", "post_office": null, "post_office:brand": null, "post_office:brand:wikidata": null, "ref:REA": null, "ref:RIComo": null, "ref:vatin": null, "religion": null, "restaurant": null, "roof:shape": null, "rooms": null, "self_service": null, "short_name": null, "smoking": null, "source": null, "sport": null, "stars": null, "start_date": null, "surface": null, "survey:date": null, "swimming_pool": null, "toilets": null, "toilets:access": null, "toilets:wheelchair": null, "tourism": "guest_house", "twitter": null, "url": null, "website": "https://www.bebmarge.it", "website:de": null, "website:it": null, "website:menu": null, "wheelchair": null, "wheelchair:description": null, "wikidata": null, "wikimedia_commons": null, "wikipedia": null, "tipe": "Hotel/Akomodasi", "zona": "Dataran Rendah" }, "geometry": { "type": "Point", "coordinates": [ 8.9723586, 45.7573908 ] } },
{ "type": "Feature", "properties": { "id": "node/13054179741", "@id": "node/13054179741", "access": null, "addr:city": null, "addr:country": null, "addr:hamlet": null, "addr:housename": null, "addr:housenumber": null, "addr:place": null, "addr:postcode": null, "addr:province": null, "addr:street": null, "air_conditioning": null, "alt_name": null, "amenity": null, "barrier": null, "barrier:height": null, "beds": null, "bicycle": null, "blind": null, "branch": null, "brand": null, "brand:wikidata": null, "brand:wikipedia": null, "building": null, "building:levels": null, "building:levels:underground": null, "cafe": null, "capacity": null, "check_date": null, "check_date:opening_hours": null, "contact:booking": null, "contact:city": null, "contact:email": null, "contact:facebook": null, "contact:fax": null, "contact:housenumber": null, "contact:instagram": null, "contact:linkedin": null, "contact:mobile": null, "contact:phone": null, "contact:postcode": null, "contact:street": null, "contact:tripadvisor": null, "contact:website": null, "contact:whatsapp": null, "cuisine": null, "denomination": null, "description": null, "description:en": null, "description:it": null, "diet:vegan": null, "dog": null, "drinking_water": null, "ele": null, "email": null, "facebook": null, "fax": null, "fee": null, "fixme": null, "garden:style": null, "garden:type": null, "guest_house": null, "historic": null, "image": null, "inscription": null, "instagram": null, "internet_access": null, "internet_access:fee": null, "internet_access:ssid": null, "is_in": null, "kerb": null, "landuse": null, "layer": null, "leisure": null, "level": null, "loc_name": null, "mapillary": null, "mobile": null, "museum": null, "museum_type": null, "name": "B&B Villa Mirella", "name:de": null, "name:en": null, "name:fr": null, "name:it": null, "note": null, "number_of_apartments": null, "official_name": null, "old_name": null, "opening_hours": null, "operator": null, "operator:type": null, "outdoor_seating": null, "oven": null, "payment:cards": null, "payment:cash": null, "payment:credit_cards": null, "payment:debit_cards": null, "payment:visa": null, "phone": null, "post_office": null, "post_office:brand": null, "post_office:brand:wikidata": null, "ref:REA": null, "ref:RIComo": null, "ref:vatin": null, "religion": null, "restaurant": null, "roof:shape": null, "rooms": null, "self_service": null, "short_name": null, "smoking": null, "source": null, "sport": null, "stars": null, "start_date": null, "surface": null, "survey:date": null, "swimming_pool": null, "toilets": null, "toilets:access": null, "toilets:wheelchair": null, "tourism": "guest_house", "twitter": null, "url": null, "website": null, "website:de": null, "website:it": null, "website:menu": null, "wheelchair": null, "wheelchair:description": null, "wikidata": null, "wikimedia_commons": null, "wikipedia": null, "tipe": "Hotel/Akomodasi", "zona": "Dataran Rendah" }, "geometry": { "type": "Point", "coordinates": [ 9.0733975, 45.7667146 ] } },
{ "type": "Feature", "properties": { "id": "node/13092101658", "@id": "node/13092101658", "access": null, "addr:city": "Como", "addr:country": null, "addr:hamlet": null, "addr:housename": null, "addr:housenumber": "28", "addr:place": null, "addr:postcode": "22100", "addr:province": null, "addr:street": "Via Giuseppe Rovelli", "air_conditioning": null, "alt_name": null, "amenity": null, "barrier": null, "barrier:height": null, "beds": null, "bicycle": null, "blind": null, "branch": null, "brand": null, "brand:wikidata": null, "brand:wikipedia": null, "building": null, "building:levels": null, "building:levels:underground": null, "cafe": null, "capacity": null, "check_date": null, "check_date:opening_hours": null, "contact:booking": null, "contact:city": null, "contact:email": null, "contact:facebook": null, "contact:fax": null, "contact:housenumber": null, "contact:instagram": null, "contact:linkedin": null, "contact:mobile": null, "contact:phone": null, "contact:postcode": null, "contact:street": null, "contact:tripadvisor": null, "contact:website": null, "contact:whatsapp": null, "cuisine": null, "denomination": null, "description": null, "description:en": null, "description:it": null, "diet:vegan": null, "dog": null, "drinking_water": null, "ele": null, "email": "info@palazzolabricciperegrini.it", "facebook": null, "fax": null, "fee": null, "fixme": null, "garden:style": null, "garden:type": null, "guest_house": null, "historic": null, "image": null, "inscription": null, "instagram": null, "internet_access": "yes", "internet_access:fee": "no", "internet_access:ssid": null, "is_in": null, "kerb": null, "landuse": null, "layer": null, "leisure": null, "level": null, "loc_name": null, "mapillary": null, "mobile": null, "museum": null, "museum_type": null, "name": "Palazzo Albricci Peregrini", "name:de": null, "name:en": null, "name:fr": null, "name:it": null, "note": null, "number_of_apartments": null, "official_name": null, "old_name": null, "opening_hours": null, "operator": null, "operator:type": null, "outdoor_seating": null, "oven": null, "payment:cards": null, "payment:cash": null, "payment:credit_cards": null, "payment:debit_cards": null, "payment:visa": null, "phone": "+39 3312305764", "post_office": null, "post_office:brand": null, "post_office:brand:wikidata": null, "ref:REA": null, "ref:RIComo": null, "ref:vatin": null, "religion": null, "restaurant": null, "roof:shape": null, "rooms": "10", "self_service": null, "short_name": null, "smoking": null, "source": null, "sport": null, "stars": null, "start_date": null, "surface": null, "survey:date": null, "swimming_pool": null, "toilets": null, "toilets:access": null, "toilets:wheelchair": null, "tourism": "hotel", "twitter": null, "url": null, "website": "www.palazzoalbricci.it", "website:de": null, "website:it": null, "website:menu": null, "wheelchair": null, "wheelchair:description": null, "wikidata": null, "wikimedia_commons": null, "wikipedia": null, "tipe": "Hotel/Akomodasi", "zona": "Dataran Rendah" }, "geometry": { "type": "Point", "coordinates": [ 9.0835967, 45.808163 ] } },
{ "type": "Feature", "properties": { "id": "node/13123651667", "@id": "node/13123651667", "access": null, "addr:city": null, "addr:country": null, "addr:hamlet": null, "addr:housename": null, "addr:housenumber": null, "addr:place": null, "addr:postcode": null, "addr:province": null, "addr:street": null, "air_conditioning": null, "alt_name": null, "amenity": null, "barrier": null, "barrier:height": null, "beds": null, "bicycle": null, "blind": null, "branch": null, "brand": null, "brand:wikidata": null, "brand:wikipedia": null, "building": null, "building:levels": null, "building:levels:underground": null, "cafe": null, "capacity": null, "check_date": null, "check_date:opening_hours": null, "contact:booking": null, "contact:city": null, "contact:email": null, "contact:facebook": null, "contact:fax": null, "contact:housenumber": null, "contact:instagram": null, "contact:linkedin": null, "contact:mobile": null, "contact:phone": null, "contact:postcode": null, "contact:street": null, "contact:tripadvisor": null, "contact:website": null, "contact:whatsapp": null, "cuisine": null, "denomination": null, "description": null, "description:en": null, "description:it": null, "diet:vegan": null, "dog": null, "drinking_water": null, "ele": null, "email": null, "facebook": null, "fax": null, "fee": null, "fixme": null, "garden:style": null, "garden:type": null, "guest_house": null, "historic": null, "image": null, "inscription": null, "instagram": null, "internet_access": null, "internet_access:fee": null, "internet_access:ssid": null, "is_in": null, "kerb": null, "landuse": null, "layer": null, "leisure": "park", "level": null, "loc_name": null, "mapillary": null, "mobile": null, "museum": null, "museum_type": null, "name": "Parco Comunale del Castello Ariberto da Intimiano", "name:de": null, "name:en": null, "name:fr": null, "name:it": null, "note": null, "number_of_apartments": null, "official_name": null, "old_name": null, "opening_hours": null, "operator": null, "operator:type": null, "outdoor_seating": null, "oven": null, "payment:cards": null, "payment:cash": null, "payment:credit_cards": null, "payment:debit_cards": null, "payment:visa": null, "phone": null, "post_office": null, "post_office:brand": null, "post_office:brand:wikidata": null, "ref:REA": null, "ref:RIComo": null, "ref:vatin": null, "religion": null, "restaurant": null, "roof:shape": null, "rooms": null, "self_service": null, "short_name": null, "smoking": null, "source": null, "sport": null, "stars": null, "start_date": null, "surface": null, "survey:date": null, "swimming_pool": null, "toilets": null, "toilets:access": null, "toilets:wheelchair": null, "tourism": null, "twitter": null, "url": null, "website": null, "website:de": null, "website:it": null, "website:menu": null, "wheelchair": null, "wheelchair:description": null, "wikidata": null, "wikimedia_commons": null, "wikipedia": null, "tipe": "Alam/Taman", "zona": "Dataran Rendah" }, "geometry": { "type": "Point", "coordinates": [ 9.1274817, 45.7635764 ] } },
{ "type": "Feature", "properties": { "id": "node/13133945702", "@id": "node/13133945702", "access": null, "addr:city": null, "addr:country": null, "addr:hamlet": null, "addr:housename": null, "addr:housenumber": "10", "addr:place": null, "addr:postcode": "22020", "addr:province": null, "addr:street": "Via Torrazza", "air_conditioning": null, "alt_name": null, "amenity": null, "barrier": null, "barrier:height": null, "beds": null, "bicycle": null, "blind": null, "branch": null, "brand": null, "brand:wikidata": null, "brand:wikipedia": null, "building": null, "building:levels": null, "building:levels:underground": null, "cafe": null, "capacity": null, "check_date": null, "check_date:opening_hours": null, "contact:booking": null, "contact:city": null, "contact:email": null, "contact:facebook": null, "contact:fax": null, "contact:housenumber": null, "contact:instagram": null, "contact:linkedin": null, "contact:mobile": null, "contact:phone": null, "contact:postcode": null, "contact:street": null, "contact:tripadvisor": null, "contact:website": null, "contact:whatsapp": null, "cuisine": null, "denomination": null, "description": null, "description:en": null, "description:it": null, "diet:vegan": null, "dog": null, "drinking_water": null, "ele": null, "email": "info@ilsereno.com", "facebook": null, "fax": null, "fee": null, "fixme": null, "garden:style": null, "garden:type": null, "guest_house": null, "historic": null, "image": null, "inscription": null, "instagram": null, "internet_access": "wlan", "internet_access:fee": null, "internet_access:ssid": null, "is_in": null, "kerb": null, "landuse": null, "layer": null, "leisure": null, "level": null, "loc_name": null, "mapillary": null, "mobile": null, "museum": null, "museum_type": null, "name": "Il Sereno Hotel", "name:de": null, "name:en": null, "name:fr": null, "name:it": null, "note": null, "number_of_apartments": null, "official_name": null, "old_name": null, "opening_hours": null, "operator": null, "operator:type": null, "outdoor_seating": null, "oven": null, "payment:cards": null, "payment:cash": null, "payment:credit_cards": null, "payment:debit_cards": null, "payment:visa": null, "phone": "003931-5477-800", "post_office": null, "post_office:brand": null, "post_office:brand:wikidata": null, "ref:REA": null, "ref:RIComo": null, "ref:vatin": null, "religion": null, "restaurant": null, "roof:shape": null, "rooms": null, "self_service": "no", "short_name": null, "smoking": null, "source": null, "sport": null, "stars": null, "start_date": null, "surface": null, "survey:date": null, "swimming_pool": null, "toilets": null, "toilets:access": null, "toilets:wheelchair": null, "tourism": "hotel", "twitter": null, "url": null, "website": "https://www.serenohotels.com/", "website:de": null, "website:it": null, "website:menu": null, "wheelchair": null, "wheelchair:description": null, "wikidata": null, "wikimedia_commons": null, "wikipedia": null, "tipe": "Hotel/Akomodasi", "zona": "Dataran Menengah" }, "geometry": { "type": "Point", "coordinates": [ 9.1177112, 45.8590819 ] } },
{ "type": "Feature", "properties": { "id": "node/13275362355", "@id": "node/13275362355", "access": null, "addr:city": null, "addr:country": null, "addr:hamlet": null, "addr:housename": null, "addr:housenumber": null, "addr:place": null, "addr:postcode": null, "addr:province": null, "addr:street": null, "air_conditioning": null, "alt_name": null, "amenity": null, "barrier": null, "barrier:height": null, "beds": null, "bicycle": null, "blind": null, "branch": null, "brand": null, "brand:wikidata": null, "brand:wikipedia": null, "building": null, "building:levels": null, "building:levels:underground": null, "cafe": null, "capacity": null, "check_date": null, "check_date:opening_hours": null, "contact:booking": null, "contact:city": null, "contact:email": null, "contact:facebook": null, "contact:fax": null, "contact:housenumber": null, "contact:instagram": null, "contact:linkedin": null, "contact:mobile": null, "contact:phone": null, "contact:postcode": null, "contact:street": null, "contact:tripadvisor": null, "contact:website": null, "contact:whatsapp": null, "cuisine": null, "denomination": "catholic", "description": null, "description:en": null, "description:it": null, "diet:vegan": null, "dog": null, "drinking_water": null, "ele": null, "email": null, "facebook": null, "fax": null, "fee": null, "fixme": null, "garden:style": null, "garden:type": null, "guest_house": null, "historic": null, "image": null, "inscription": null, "instagram": null, "internet_access": null, "internet_access:fee": null, "internet_access:ssid": null, "is_in": null, "kerb": null, "landuse": null, "layer": null, "leisure": null, "level": "-1", "loc_name": null, "mapillary": null, "mobile": null, "museum": null, "museum_type": null, "name": "Tempio sacrario degli sports nautici", "name:de": null, "name:en": null, "name:fr": null, "name:it": null, "note": null, "number_of_apartments": null, "official_name": null, "old_name": null, "opening_hours": null, "operator": null, "operator:type": null, "outdoor_seating": null, "oven": null, "payment:cards": null, "payment:cash": null, "payment:credit_cards": null, "payment:debit_cards": null, "payment:visa": null, "phone": null, "post_office": null, "post_office:brand": null, "post_office:brand:wikidata": null, "ref:REA": null, "ref:RIComo": null, "ref:vatin": null, "religion": "christian", "restaurant": null, "roof:shape": null, "rooms": null, "self_service": null, "short_name": null, "smoking": null, "source": null, "sport": null, "stars": null, "start_date": null, "surface": null, "survey:date": null, "swimming_pool": null, "toilets": null, "toilets:access": null, "toilets:wheelchair": null, "tourism": "museum", "twitter": null, "url": null, "website": null, "website:de": null, "website:it": null, "website:menu": null, "wheelchair": null, "wheelchair:description": null, "wikidata": null, "wikimedia_commons": null, "wikipedia": null, "tipe": "Museum", "zona": "Dataran Rendah" }, "geometry": { "type": "Point", "coordinates": [ 9.0998626, 45.8077454 ] } },
{ "type": "Feature", "properties": { "id": "node/13410491735", "@id": "node/13410491735", "access": null, "addr:city": "Casnate con Bernate", "addr:country": null, "addr:hamlet": null, "addr:housename": null, "addr:housenumber": "5", "addr:place": null, "addr:postcode": "22070", "addr:province": null, "addr:street": "Via Sant'Elia", "air_conditioning": null, "alt_name": null, "amenity": null, "barrier": null, "barrier:height": null, "beds": null, "bicycle": null, "blind": null, "branch": null, "brand": null, "brand:wikidata": null, "brand:wikipedia": null, "building": null, "building:levels": null, "building:levels:underground": null, "cafe": null, "capacity": null, "check_date": null, "check_date:opening_hours": null, "contact:booking": null, "contact:city": null, "contact:email": "albergolacollina2008@libero.it", "contact:facebook": "https://www.facebook.com/Albergo-La-Collina-153812951446637", "contact:fax": null, "contact:housenumber": null, "contact:instagram": null, "contact:linkedin": null, "contact:mobile": "+39 320 9142238", "contact:phone": "+39 031 396371", "contact:postcode": null, "contact:street": null, "contact:tripadvisor": null, "contact:website": "https://www.albergolacollinacomo.it", "contact:whatsapp": null, "cuisine": null, "denomination": null, "description": null, "description:en": null, "description:it": null, "diet:vegan": null, "dog": null, "drinking_water": null, "ele": null, "email": null, "facebook": null, "fax": null, "fee": null, "fixme": null, "garden:style": null, "garden:type": null, "guest_house": null, "historic": null, "image": null, "inscription": null, "instagram": null, "internet_access": null, "internet_access:fee": null, "internet_access:ssid": null, "is_in": null, "kerb": null, "landuse": null, "layer": null, "leisure": null, "level": null, "loc_name": null, "mapillary": null, "mobile": null, "museum": null, "museum_type": null, "name": "La Collina", "name:de": null, "name:en": null, "name:fr": null, "name:it": null, "note": null, "number_of_apartments": null, "official_name": null, "old_name": null, "opening_hours": null, "operator": null, "operator:type": null, "outdoor_seating": null, "oven": null, "payment:cards": null, "payment:cash": null, "payment:credit_cards": null, "payment:debit_cards": null, "payment:visa": null, "phone": null, "post_office": null, "post_office:brand": null, "post_office:brand:wikidata": null, "ref:REA": null, "ref:RIComo": null, "ref:vatin": null, "religion": null, "restaurant": null, "roof:shape": null, "rooms": null, "self_service": null, "short_name": null, "smoking": null, "source": null, "sport": null, "stars": "2", "start_date": null, "surface": null, "survey:date": null, "swimming_pool": null, "toilets": null, "toilets:access": null, "toilets:wheelchair": null, "tourism": "hotel", "twitter": null, "url": null, "website": null, "website:de": null, "website:it": null, "website:menu": null, "wheelchair": null, "wheelchair:description": null, "wikidata": null, "wikimedia_commons": null, "wikipedia": null, "tipe": "Hotel/Akomodasi", "zona": "Dataran Rendah" }, "geometry": { "type": "Point", "coordinates": [ 9.0687681, 45.7513592 ] } },
{ "type": "Feature", "properties": { "id": "node/13453087548", "@id": "node/13453087548", "access": null, "addr:city": null, "addr:country": null, "addr:hamlet": null, "addr:housename": null, "addr:housenumber": null, "addr:place": null, "addr:postcode": null, "addr:province": null, "addr:street": null, "air_conditioning": null, "alt_name": null, "amenity": null, "barrier": null, "barrier:height": null, "beds": null, "bicycle": null, "blind": null, "branch": null, "brand": null, "brand:wikidata": null, "brand:wikipedia": null, "building": null, "building:levels": null, "building:levels:underground": null, "cafe": null, "capacity": null, "check_date": null, "check_date:opening_hours": null, "contact:booking": null, "contact:city": null, "contact:email": null, "contact:facebook": null, "contact:fax": null, "contact:housenumber": null, "contact:instagram": null, "contact:linkedin": null, "contact:mobile": null, "contact:phone": null, "contact:postcode": null, "contact:street": null, "contact:tripadvisor": null, "contact:website": null, "contact:whatsapp": null, "cuisine": null, "denomination": null, "description": null, "description:en": null, "description:it": null, "diet:vegan": null, "dog": null, "drinking_water": null, "ele": null, "email": null, "facebook": null, "fax": null, "fee": null, "fixme": null, "garden:style": null, "garden:type": null, "guest_house": null, "historic": null, "image": null, "inscription": null, "instagram": null, "internet_access": null, "internet_access:fee": null, "internet_access:ssid": null, "is_in": null, "kerb": null, "landuse": null, "layer": null, "leisure": null, "level": null, "loc_name": null, "mapillary": null, "mobile": null, "museum": null, "museum_type": null, "name": "Casa di Teresa Confalonieri Casati", "name:de": null, "name:en": null, "name:fr": null, "name:it": null, "note": null, "number_of_apartments": null, "official_name": null, "old_name": null, "opening_hours": null, "operator": null, "operator:type": null, "outdoor_seating": null, "oven": null, "payment:cards": null, "payment:cash": null, "payment:credit_cards": null, "payment:debit_cards": null, "payment:visa": null, "phone": null, "post_office": null, "post_office:brand": null, "post_office:brand:wikidata": null, "ref:REA": null, "ref:RIComo": null, "ref:vatin": null, "religion": null, "restaurant": null, "roof:shape": null, "rooms": null, "self_service": null, "short_name": null, "smoking": null, "source": null, "sport": null, "stars": null, "start_date": null, "surface": null, "survey:date": null, "swimming_pool": null, "toilets": null, "toilets:access": null, "toilets:wheelchair": null, "tourism": "apartment", "twitter": null, "url": null, "website": "https://it.wikipedia.org/wiki/Teresa_Casati", "website:de": null, "website:it": null, "website:menu": null, "wheelchair": null, "wheelchair:description": null, "wikidata": null, "wikimedia_commons": null, "wikipedia": null, "tipe": "Hotel/Akomodasi", "zona": "Dataran Rendah" }, "geometry": { "type": "Point", "coordinates": [ 9.2050527, 45.8059107 ] } },
{ "type": "Feature", "properties": { "id": "node/13708739421", "@id": "node/13708739421", "access": null, "addr:city": "Sormano", "addr:country": null, "addr:hamlet": null, "addr:housename": null, "addr:housenumber": "10", "addr:place": null, "addr:postcode": "22030", "addr:province": null, "addr:street": "Via Santa Valeria", "air_conditioning": null, "alt_name": null, "amenity": null, "barrier": null, "barrier:height": null, "beds": null, "bicycle": null, "blind": null, "branch": null, "brand": null, "brand:wikidata": null, "brand:wikipedia": null, "building": null, "building:levels": null, "building:levels:underground": null, "cafe": null, "capacity": null, "check_date": null, "check_date:opening_hours": null, "contact:booking": null, "contact:city": null, "contact:email": null, "contact:facebook": "https://www.facebook.com/SaraHotelCaglio/", "contact:fax": null, "contact:housenumber": null, "contact:instagram": "https://www.instagram.com/sara_hotel_/", "contact:linkedin": null, "contact:mobile": null, "contact:phone": null, "contact:postcode": null, "contact:street": null, "contact:tripadvisor": null, "contact:website": null, "contact:whatsapp": "https://api.whatsapp.com/send/?phone=3714551213", "cuisine": null, "denomination": null, "description": null, "description:en": null, "description:it": null, "diet:vegan": null, "dog": null, "drinking_water": null, "ele": null, "email": "info@hotelsaracaglio.it", "facebook": null, "fax": null, "fee": null, "fixme": null, "garden:style": null, "garden:type": null, "guest_house": null, "historic": null, "image": null, "inscription": null, "instagram": null, "internet_access": null, "internet_access:fee": null, "internet_access:ssid": null, "is_in": null, "kerb": null, "landuse": null, "layer": null, "leisure": null, "level": null, "loc_name": null, "mapillary": null, "mobile": "+393714551213", "museum": null, "museum_type": null, "name": "Sara hotel", "name:de": null, "name:en": null, "name:fr": null, "name:it": null, "note": null, "number_of_apartments": null, "official_name": null, "old_name": null, "opening_hours": null, "operator": null, "operator:type": null, "outdoor_seating": null, "oven": null, "payment:cards": null, "payment:cash": null, "payment:credit_cards": null, "payment:debit_cards": null, "payment:visa": null, "phone": "+39031667015", "post_office": null, "post_office:brand": null, "post_office:brand:wikidata": null, "ref:REA": null, "ref:RIComo": null, "ref:vatin": null, "religion": null, "restaurant": null, "roof:shape": null, "rooms": null, "self_service": null, "short_name": null, "smoking": null, "source": null, "sport": null, "stars": null, "start_date": null, "surface": null, "survey:date": null, "swimming_pool": null, "toilets": null, "toilets:access": null, "toilets:wheelchair": null, "tourism": "hotel", "twitter": null, "url": null, "website": "https://www.hotelsaracaglio.it/", "website:de": null, "website:it": null, "website:menu": null, "wheelchair": null, "wheelchair:description": null, "wikidata": null, "wikimedia_commons": null, "wikipedia": null, "tipe": "Hotel/Akomodasi", "zona": "Dataran Menengah" }, "geometry": { "type": "Point", "coordinates": [ 9.2378871, 45.8748628 ] } },
{ "type": "Feature", "properties": { "id": "node/13708739422", "@id": "node/13708739422", "access": null, "addr:city": "Sormano", "addr:country": null, "addr:hamlet": null, "addr:housename": null, "addr:housenumber": "10", "addr:place": null, "addr:postcode": "22030", "addr:province": null, "addr:street": "Via Santa Valeria", "air_conditioning": null, "alt_name": null, "amenity": null, "barrier": null, "barrier:height": null, "beds": null, "bicycle": null, "blind": null, "branch": null, "brand": null, "brand:wikidata": null, "brand:wikipedia": null, "building": null, "building:levels": null, "building:levels:underground": null, "cafe": null, "capacity": null, "check_date": null, "check_date:opening_hours": null, "contact:booking": null, "contact:city": null, "contact:email": null, "contact:facebook": "https://www.facebook.com/SaraHotelCaglio/", "contact:fax": null, "contact:housenumber": null, "contact:instagram": "https://www.instagram.com/sara_hotel_/", "contact:linkedin": null, "contact:mobile": null, "contact:phone": null, "contact:postcode": null, "contact:street": null, "contact:tripadvisor": null, "contact:website": null, "contact:whatsapp": "https://api.whatsapp.com/send/?phone=3714551213", "cuisine": null, "denomination": null, "description": null, "description:en": null, "description:it": null, "diet:vegan": null, "dog": null, "drinking_water": null, "ele": null, "email": "info@hotelsaracaglio.it", "facebook": null, "fax": null, "fee": null, "fixme": null, "garden:style": null, "garden:type": null, "guest_house": null, "historic": null, "image": null, "inscription": null, "instagram": null, "internet_access": null, "internet_access:fee": null, "internet_access:ssid": null, "is_in": null, "kerb": null, "landuse": null, "layer": null, "leisure": null, "level": null, "loc_name": null, "mapillary": null, "mobile": "+393714551213", "museum": null, "museum_type": null, "name": "Sara ristorante", "name:de": null, "name:en": null, "name:fr": null, "name:it": null, "note": null, "number_of_apartments": null, "official_name": null, "old_name": null, "opening_hours": null, "operator": null, "operator:type": null, "outdoor_seating": null, "oven": null, "payment:cards": null, "payment:cash": null, "payment:credit_cards": null, "payment:debit_cards": null, "payment:visa": null, "phone": "+39031667015", "post_office": null, "post_office:brand": null, "post_office:brand:wikidata": null, "ref:REA": null, "ref:RIComo": null, "ref:vatin": null, "religion": null, "restaurant": null, "roof:shape": null, "rooms": null, "self_service": null, "short_name": null, "smoking": null, "source": null, "sport": null, "stars": null, "start_date": null, "surface": null, "survey:date": null, "swimming_pool": null, "toilets": null, "toilets:access": null, "toilets:wheelchair": null, "tourism": "hotel", "twitter": null, "url": null, "website": "https://www.hotelsaracaglio.it/", "website:de": null, "website:it": null, "website:menu": null, "wheelchair": null, "wheelchair:description": null, "wikidata": null, "wikimedia_commons": null, "wikipedia": null, "tipe": "Hotel/Akomodasi", "zona": "Dataran Menengah" }, "geometry": { "type": "Point", "coordinates": [ 9.2378149, 45.8747896 ] } }
]
}
